{
	"credit": "Coco",
	"ambientocclusion": false,
	"textures": {
		"particle": "#crop1"
	},
	"elements": [
		{
			"from": [4, -1, 0],
			"to": [4, 31, 16],
			"shade": false,
			"faces": {
				"east": {"uv": [0, 0, 8, 16], "texture": "#crop1"},
				"west": {"uv": [0, 0, 8, 16], "texture": "#crop1"}
			}
		},
		{
			"from": [0, -1, 12],
			"to": [16, 31, 12],
			"shade": false,
			"faces": {
				"north": {"uv": [0, 0, 8, 16], "texture": "#crop1"},
				"south": {"uv": [0, 0, 8, 16], "texture": "#crop1"}
			}
		},
		{
			"from": [12, -1, 0],
			"to": [12, 31, 16],
			"shade": false,
			"rotation": {"angle": 0, "axis": "y", "origin": [8, 8, 8]},
			"faces": {
				"east": {"uv": [0, 0, 8, 16], "texture": "#crop1"},
				"west": {"uv": [0, 0, 8, 16], "texture": "#crop1"}
			}
		},
		{
			"from": [0, -1, 4],
			"to": [16, 31, 4],
			"shade": false,
			"rotation": {"angle": 0, "axis": "y", "origin": [8, 8, 8]},
			"faces": {
				"north": {"uv": [0, 0, 8, 16], "texture": "#crop1"},
				"south": {"uv": [0, 0, 8, 16], "texture": "#crop1"}
			}
		}
	],
	"display": {
		"thirdperson_righthand": {
			"rotation": [75, 45, 0],
			"translation": [0, 2.5, 0],
			"scale": [0.375, 0.375, 0.375]
		},
		"thirdperson_lefthand": {
			"rotation": [75, 45, 0],
			"translation": [0, 2.5, 0],
			"scale": [0.375, 0.375, 0.375]
		},
		"firstperson_righthand": {
			"rotation": [0, 45, 0],
			"scale": [0.4, 0.4, 0.4]
		},
		"firstperson_lefthand": {
			"rotation": [0, 225, 0],
			"scale": [0.4, 0.4, 0.4]
		},
		"ground": {
			"translation": [0, 3, 0],
			"scale": [0.25, 0.25, 0.25]
		},
		"gui": {
			"rotation": [30, 225, 0],
			"translation": [0, -2, 0],
			"scale": [0.6, 0.5, 0.6]
		},
		"fixed": {
			"scale": [0.5, 0.5, 0.5]
		}
	}
}