{
	"credit": "Yuushya",
	"ambientocclusion": false,
	"textures": {
		"1": "yuushya:0extra_building_block/scrolldoor_",
		"particle": "yuushya:block_/scrolldoor_0n",
		"all": "yuushya:block_/scrolldoor_0n"
	},
	"elements": [
		{
			"from": [7.12132, 5.12132, 2],
			"to": [9.12132, 21.77132, 4],
			"rotation": {"angle": -45, "axis": "z", "origin": [4, 8, 8]},
			"faces": {
				"north": {"uv": [0, 4, 16, 6], "rotation": 90, "texture": "#1"},
				"east": {"uv": [0, 2, 16, 4], "rotation": 90, "texture": "#1"},
				"south": {"uv": [0, 4, 16, 6], "rotation": 90, "texture": "#1"},
				"west": {"uv": [0, 14, 16, 16], "rotation": 90, "texture": "#1"},
				"up": {"uv": [1, 3, 3, 5], "rotation": 90, "texture": "#1"},
				"down": {"uv": [1, 3, 3, 5], "rotation": 90, "texture": "#1"}
			}
		},
		{
			"from": [7.12132, -0.87868, 2],
			"to": [9.12132, 5.12132, 4],
			"rotation": {"angle": -45, "axis": "z", "origin": [4, 8, 8]},
			"faces": {
				"north": {"uv": [0, 4, 6, 6], "rotation": 90, "texture": "#1"},
				"east": {"uv": [1, 14, 7, 16], "rotation": 90, "texture": "#1"},
				"south": {"uv": [0, 4, 6, 6], "rotation": 90, "texture": "#1"},
				"west": {"uv": [1, 14, 7, 16], "rotation": 90, "texture": "#1"},
				"up": {"uv": [1, 3, 3, 5], "rotation": 90, "texture": "#1"},
				"down": {"uv": [1, 3, 3, 5], "rotation": 90, "texture": "#1"}
			}
		},
		{
			"from": [7.12132, 5.12132, 12],
			"to": [9.12132, 21.77132, 14],
			"rotation": {"angle": -45, "axis": "z", "origin": [4, 8, 8]},
			"faces": {
				"north": {"uv": [0, 4, 16, 6], "rotation": 90, "texture": "#1"},
				"east": {"uv": [0, 2, 16, 4], "rotation": 90, "texture": "#1"},
				"south": {"uv": [0, 4, 16, 6], "rotation": 90, "texture": "#1"},
				"west": {"uv": [0, 14, 16, 16], "rotation": 90, "texture": "#1"},
				"up": {"uv": [1, 3, 3, 5], "rotation": 90, "texture": "#1"},
				"down": {"uv": [1, 3, 3, 5], "rotation": 90, "texture": "#1"}
			}
		},
		{
			"from": [7.12132, -0.87868, 12],
			"to": [9.12132, 5.12132, 14],
			"rotation": {"angle": -45, "axis": "z", "origin": [4, 8, 8]},
			"faces": {
				"north": {"uv": [0, 4, 6, 6], "rotation": 90, "texture": "#1"},
				"east": {"uv": [1, 10, 7, 12], "rotation": 90, "texture": "#1"},
				"south": {"uv": [0, 4, 6, 6], "rotation": 90, "texture": "#1"},
				"west": {"uv": [1, 14, 7, 16], "rotation": 90, "texture": "#1"},
				"up": {"uv": [1, 3, 3, 5], "rotation": 90, "texture": "#1"},
				"down": {"uv": [1, 3, 3, 5], "rotation": 90, "texture": "#1"}
			}
		},
		{
			"from": [8, 14, 0],
			"to": [16, 16, 16],
			"rotation": {"angle": 0, "axis": "y", "origin": [4.4, 8, 8]},
			"faces": {
				"north": {"uv": [0, 0, 2, 8], "rotation": 90, "texture": "#all"},
				"east": {"uv": [0, 0, 16, 2], "texture": "#all"},
				"south": {"uv": [0, 0, 2, 8], "rotation": 90, "texture": "#all"},
				"west": {"uv": [0, 2, 16, 4], "texture": "#all"},
				"up": {"uv": [0, 8, 16, 16], "rotation": 90, "texture": "#all"},
				"down": {"uv": [0, 1, 16, 9], "rotation": 270, "texture": "#all"}
			}
		},
		{
			"from": [0, 6, 0],
			"to": [8, 8, 16],
			"rotation": {"angle": 0, "axis": "y", "origin": [-3.6, 0, 8]},
			"faces": {
				"north": {"uv": [0, 0, 2, 8], "rotation": 90, "texture": "#all"},
				"east": {"uv": [0, 0, 16, 2], "texture": "#all"},
				"south": {"uv": [0, 0, 2, 8], "rotation": 90, "texture": "#all"},
				"west": {"uv": [0, 2, 16, 4], "texture": "#all"},
				"up": {"uv": [0, 8, 16, 16], "rotation": 90, "texture": "#all"},
				"down": {"uv": [0, 1, 16, 9], "rotation": 270, "texture": "#all"}
			}
		}
	],
	"gui_light": "front",
	"display": {
		"thirdperson_righthand": {
			"rotation": [75, 45, 0],
			"translation": [0, 2.5, 0],
			"scale": [0.375, 0.375, 0.375]
		},
		"thirdperson_lefthand": {
			"rotation": [75, 45, 0],
			"translation": [0, 2.5, 0],
			"scale": [0.375, 0.375, 0.375]
		},
		"firstperson_righthand": {
			"rotation": [0, 45, 0],
			"scale": [0.4, 0.4, 0.4]
		},
		"firstperson_lefthand": {
			"rotation": [0, 225, 0],
			"scale": [0.4, 0.4, 0.4]
		},
		"ground": {
			"translation": [0, 3, 0],
			"scale": [0.25, 0.25, 0.25]
		},
		"gui": {
			"rotation": [30, 135, 0],
			"scale": [0.625, 0.625, 0.625]
		},
		"fixed": {
			"rotation": [0, -180, 0],
			"translation": [0, 0, 16],
			"scale": [2, 2, 2]
		}
	},
	"groups": [
		{
			"name": "Template_Wooden_Stairs",
			"origin": [8, 8, 8],
			"color": 0,
			"children": [0, 1, 2, 3, 4, 5]
		},
		{
			"name": "birch_fence_inventory",
			"origin": [8, 8, 8],
			"color": 0,
			"children": [
				{
					"name": "birch_fence_post",
					"origin": [8, 8, 8],
					"color": 0,
					"children": []
				}
			]
		}
	]
}