{
	"credit": "Made with Blockbench",
	"textures": {
		"2": "yuushya:0extra_building_material/preview/item_post/8",
		"particle": "yuushya:0extra_building_material/preview/item_post/8"
	},
	"elements": [
		{
			"from": [4.0375, 4.0375, 1],
			"to": [11.975, 11.975, 8],
			"rotation": {"angle": 0, "axis": "z", "origin": [4, 3, 8]},
			"faces": {
				"north": {"uv": [4, 3, 12, 11], "rotation": 90, "texture": "#2"},
				"east": {"uv": [0, 3, 7, 11], "rotation": 270, "texture": "#2"},
				"west": {"uv": [1, 3, 8, 11], "rotation": 90, "texture": "#2"},
				"up": {"uv": [0, 1, 8, 8], "rotation": 180, "texture": "#2"},
				"down": {"uv": [0, 4, 8, 11], "texture": "#2"}
			}
		},
		{
			"from": [3, 3, 0],
			"to": [13, 13, 3],
			"rotation": {"angle": 0, "axis": "z", "origin": [4, 3, 8]},
			"faces": {
				"north": {"uv": [8, 0, 16, 8], "rotation": 90, "texture": "#2"},
				"east": {"uv": [0, 13, 10, 16], "rotation": 270, "texture": "#2"},
				"south": {"uv": [8, 0, 16, 8], "rotation": 90, "texture": "#2"},
				"west": {"uv": [0, 13, 10, 16], "rotation": 90, "texture": "#2"},
				"up": {"uv": [0, 13, 10, 16], "rotation": 180, "texture": "#2"},
				"down": {"uv": [0, 13, 10, 16], "texture": "#2"}
			}
		}
	],
	"gui_light": "front",
	"display": {
		"thirdperson_righthand": {
			"scale": [0.5, 0.5, 0.5]
		},
		"thirdperson_lefthand": {
			"scale": [0.5, 0.5, 0.5]
		},
		"firstperson_righthand": {
			"rotation": [0, 45, 0],
			"scale": [0.5, 0.5, 0.5]
		},
		"firstperson_lefthand": {
			"rotation": [0, 45, 0],
			"translation": [4, 0, 0],
			"scale": [0.5, 0.5, 0.5]
		},
		"ground": {
			"scale": [0.4, 0.4, 0.4]
		},
		"gui": {
			"rotation": [22.5, 45, 0],
			"translation": [2, -0.25, 0],
			"scale": [0.7, 0.7, 0.7]
		},
		"fixed": {
			"scale": [0.5, 0.5, 0.5]
		}
	},
	"groups": [
		{
			"name": "pipe_side_tall",
			"origin": [8, 8, 8],
			"children": [
				{
					"name": "hpipe",
					"origin": [8, 8, 8],
					"children": [
						{
							"name": "Pipe",
							"origin": [11, 8, 11],
							"children": [0, 1]
						}
					]
				}
			]
		}
	]
}