{
	"credit": "Yuushya",
	"texture_size": [64, 32],
	"textures": {
		"0": "minecraft:entity/cat/ragdoll",
		"1": "yuushya:0extra_building_material/zzz",
		"particle": "yuushya:0extra_building_material/zzz"
	},
	"elements": [
		{
			"name": "front_left_leg",
			"from": [5.2, 0, 0.2],
			"to": [7.2, 2, 10.2],
			"shade": false,
			"rotation": {"angle": 0, "axis": "x", "origin": [5, -3, 0]},
			"faces": {
				"north": {"uv": [11, 0, 11.5, 1], "rotation": 180, "texture": "#0"},
				"east": {"uv": [11.5, 1, 11, 6], "rotation": 270, "texture": "#0"},
				"south": {"uv": [10.5, 1, 11, 0], "texture": "#0"},
				"west": {"uv": [10.5, 1, 10, 6], "rotation": 90, "texture": "#0"},
				"up": {"uv": [11, 1, 10.5, 6], "rotation": 180, "texture": "#0"},
				"down": {"uv": [12, 1, 11.5, 6], "texture": "#0"}
			}
		},
		{
			"name": "front_left_leg",
			"from": [5.2, 0, 11.2],
			"to": [7.2, 2, 19.2],
			"shade": false,
			"rotation": {"angle": 0, "axis": "x", "origin": [5, -3, 11]},
			"faces": {
				"north": {"uv": [11, 0, 11.5, 1], "rotation": 180, "texture": "#0"},
				"east": {"uv": [11.5, 1, 11, 5], "rotation": 270, "texture": "#0"},
				"south": {"uv": [10.5, 1, 11, 0], "texture": "#0"},
				"west": {"uv": [10.5, 1, 10, 5], "rotation": 90, "texture": "#0"},
				"up": {"uv": [11, 1, 10.5, 5], "rotation": 180, "texture": "#0"},
				"down": {"uv": [12, 1, 11.5, 5], "texture": "#0"}
			}
		},
		{
			"name": "front_left_leg",
			"from": [10.2, -0.1, 1.2],
			"to": [12.2, 2, 11.2],
			"shade": false,
			"rotation": {"angle": 0, "axis": "x", "origin": [10, -4, 1]},
			"faces": {
				"north": {"uv": [11, 0, 11.5, 1], "rotation": 180, "texture": "#0"},
				"east": {"uv": [11.5, 1, 11, 6], "rotation": 270, "texture": "#0"},
				"south": {"uv": [10.5, 1, 11, 0], "texture": "#0"},
				"west": {"uv": [10.5, 1, 10, 6], "rotation": 90, "texture": "#0"},
				"up": {"uv": [11, 1, 10.5, 6], "rotation": 180, "texture": "#0"},
				"down": {"uv": [12, 1, 11.5, 6], "texture": "#0"}
			}
		},
		{
			"name": "front_left_leg",
			"from": [8.2, 0, 9.2],
			"to": [13.2, 4, 19.2],
			"shade": false,
			"rotation": {"angle": 0, "axis": "x", "origin": [10, -3, 13]},
			"faces": {
				"north": {"uv": [6.75, 3.5, 8, 5.5], "rotation": 180, "texture": "#0"},
				"east": {"uv": [8.5, 4.5, 7.5, 9.5], "rotation": 270, "texture": "#0"},
				"south": {"uv": [6.5, 5.5, 7.75, 3.5], "texture": "#0"},
				"west": {"uv": [8.5, 4.5, 7.5, 9.5], "rotation": 90, "texture": "#0"},
				"up": {"uv": [7.75, 4.5, 6.5, 9.5], "rotation": 180, "texture": "#0"},
				"down": {"uv": [7.75, 4, 6.5, 9], "texture": "#0"}
			}
		},
		{
			"name": "front_left_leg",
			"from": [9.2, 0, 8.2],
			"to": [13.2, 3, 9.2],
			"shade": false,
			"rotation": {"angle": 0, "axis": "x", "origin": [10, -3, 13]},
			"faces": {
				"north": {"uv": [6.75, 3.5, 7.75, 5], "rotation": 180, "texture": "#0"},
				"east": {"uv": [8.5, 4.5, 7.75, 5], "rotation": 270, "texture": "#0"},
				"south": {"uv": [6.5, 5, 7.5, 3.5], "texture": "#0"},
				"west": {"uv": [8.25, 4.5, 7.5, 5], "rotation": 90, "texture": "#0"},
				"up": {"uv": [7.5, 4.5, 6.5, 5], "rotation": 180, "texture": "#0"},
				"down": {"uv": [7.5, 4, 6.5, 4.5], "texture": "#0"}
			}
		},
		{
			"name": "head",
			"from": [8, 4.5, 7.9],
			"to": [10, 5.5, 8.9],
			"shade": false,
			"rotation": {"angle": 22.5, "axis": "y", "origin": [1, -6.5, 6.9]},
			"faces": {
				"north": {"uv": [2, 6, 1.5, 6.5], "texture": "#0"},
				"east": {"uv": [2.25, 6, 2, 6.5], "texture": "#0"},
				"south": {"uv": [2.75, 6, 2.25, 6.5], "texture": "#0"},
				"west": {"uv": [3, 6, 2.75, 6.5], "texture": "#0"},
				"up": {"uv": [2, 6, 2.25, 5], "rotation": 90, "texture": "#0"},
				"down": {"uv": [2.25, 5, 2.5, 6], "rotation": 270, "texture": "#0"}
			}
		},
		{
			"name": "head",
			"from": [8, 4.5, 4.9],
			"to": [10, 5.5, 5.9],
			"shade": false,
			"rotation": {"angle": 22.5, "axis": "y", "origin": [1, -6.5, 6.9]},
			"faces": {
				"north": {"uv": [0.5, 6, 0, 6.5], "texture": "#0"},
				"east": {"uv": [0.75, 6, 0.5, 6.5], "texture": "#0"},
				"south": {"uv": [1.25, 6, 0.75, 6.5], "texture": "#0"},
				"west": {"uv": [1.5, 6, 1.25, 6.5], "texture": "#0"},
				"up": {"uv": [0.5, 6, 0.75, 5], "rotation": 90, "texture": "#0"},
				"down": {"uv": [0.75, 5, 1, 6], "rotation": 270, "texture": "#0"}
			}
		},
		{
			"name": "head",
			"from": [12, 0.52, 5.4],
			"to": [14, 2.52, 8.4],
			"shade": false,
			"rotation": {"angle": 22.5, "axis": "y", "origin": [1, -6.5, 6.9]},
			"faces": {
				"north": {"uv": [0.5, 13, 0, 14], "texture": "#0"},
				"east": {"uv": [1.25, 13, 0.5, 14], "texture": "#0"},
				"south": {"uv": [1.75, 13, 1.25, 14], "texture": "#0"},
				"west": {"uv": [2.5, 13, 1.75, 14], "texture": "#0"},
				"up": {"uv": [0.5, 13, 1.25, 12], "rotation": 90, "texture": "#0"},
				"down": {"uv": [1.25, 12, 2, 13], "rotation": 270, "texture": "#0"}
			}
		},
		{
			"name": "head",
			"from": [8, 0.5, 4.4],
			"to": [13, 4.5, 9.4],
			"shade": false,
			"rotation": {"angle": 22.5, "axis": "y", "origin": [1, -6.5, 6.9]},
			"faces": {
				"north": {"uv": [1.25, 2.5, 0, 4.5], "texture": "#0"},
				"east": {"uv": [2.5, 2.5, 1.25, 4.5], "texture": "#0"},
				"south": {"uv": [3.75, 2.5, 2.5, 4.5], "texture": "#0"},
				"west": {"uv": [5, 2.5, 3.75, 4.5], "texture": "#0"},
				"up": {"uv": [1.25, 2.5, 2.5, 0], "rotation": 90, "texture": "#0"},
				"down": {"uv": [2.5, 0, 3.75, 2.5], "rotation": 270, "texture": "#0"}
			}
		},
		{
			"name": "head",
			"from": [13, 2.7, 4.4],
			"to": [13.02, 3.7, 9.4],
			"shade": false,
			"rotation": {"angle": 22.5, "axis": "y", "origin": [1, -6.5, 6.9]},
			"faces": {
				"north": {"uv": [0.025, 2.5, 0, 3], "texture": "#0"},
				"east": {"uv": [2.5, 2.5, 1.25, 3], "texture": "#0"},
				"south": {"uv": [2.525, 2.5, 2.5, 3], "texture": "#0"},
				"west": {"uv": [5, 2.5, 3.75, 3], "texture": "#0"},
				"up": {"uv": [1.25, 2.5, 2.5, 2.5], "rotation": 90, "texture": "#0"},
				"down": {"uv": [2.5, 0, 3.75, 0.05], "rotation": 270, "texture": "#0"}
			}
		},
		{
			"name": "body",
			"from": [6, -1, 4],
			"to": [10, 5, 17],
			"shade": false,
			"rotation": {"angle": 0, "axis": "x", "origin": [8, -1, 13]},
			"faces": {
				"north": {"uv": [6.5, 3, 7.5, 0], "rotation": 180, "texture": "#0"},
				"east": {"uv": [9, 3, 7.5, 9.5], "rotation": 90, "texture": "#0"},
				"south": {"uv": [7.5, 0, 8.5, 3], "texture": "#0"},
				"west": {"uv": [6.5, 3, 5, 9.5], "rotation": 270, "texture": "#0"},
				"up": {"uv": [10, 3, 9, 9.5], "texture": "#0"},
				"down": {"uv": [7.5, 3, 6.5, 9.5], "rotation": 180, "texture": "#0"}
			}
		},
		{
			"from": [-5, 6, 4],
			"to": [5, 16, 4],
			"rotation": {"angle": -45, "axis": "y", "origin": [3, 14, 12]},
			"faces": {
				"north": {"uv": [0, 0, 5, 5], "texture": "#1"},
				"east": {"uv": [0, 0, 0, 5], "texture": "#missing"},
				"south": {"uv": [5, 0, 0, 5], "texture": "#1"},
				"west": {"uv": [0, 0, 0, 5], "texture": "#missing"},
				"up": {"uv": [0, 0, 2.5, 0], "texture": "#missing"},
				"down": {"uv": [0, 0, 2.5, 0], "texture": "#missing"}
			}
		}
	],
	"display": {
		"thirdperson_righthand": {
			"rotation": [75, 45, 0],
			"translation": [0, 2.5, 0],
			"scale": [0.375, 0.375, 0.375]
		},
		"thirdperson_lefthand": {
			"rotation": [75, 45, 0],
			"translation": [0, 2.5, 0],
			"scale": [0.375, 0.375, 0.375]
		},
		"firstperson_righthand": {
			"rotation": [0, 45, 0],
			"scale": [0.4, 0.4, 0.4]
		},
		"firstperson_lefthand": {
			"rotation": [0, 225, 0],
			"scale": [0.4, 0.4, 0.4]
		},
		"ground": {
			"translation": [0, 3, 0],
			"scale": [0.25, 0.25, 0.25]
		},
		"gui": {
			"rotation": [30, 225, 0],
			"translation": [1.25, 2.5, 0],
			"scale": [0.8, 0.8, 0.8]
		},
		"fixed": {
			"rotation": [-90, 0, 0],
			"translation": [0, -4, -14],
			"scale": [2, 2, 2]
		}
	}
}