{
	"credit": "Yuushya",
	"ambientocclusion": false,
	"textures": {
		"1": "block/birch_planks_alt",
		"4": "block/birch_planks",
		"particle": "block/birch_planks_alt"
	},
	"elements": [
		{
			"from": [12, 12, 2],
			"to": [14, 24, 3],
			"rotation": {"angle": 0, "axis": "y", "origin": [8, 12.63636, 5.52273]},
			"faces": {
				"north": {"uv": [5, 2, 7, 14], "texture": "#4"},
				"east": {"uv": [1, 1, 2, 13], "texture": "#4"},
				"south": {"uv": [5, 2, 7, 14], "texture": "#4"},
				"west": {"uv": [0, 0, 1, 12], "texture": "#4"},
				"up": {"uv": [0, 0, 2, 1], "rotation": 180, "texture": "#4"},
				"down": {"uv": [0, 0, 2, 1], "rotation": 180, "texture": "#4"}
			}
		},
		{
			"from": [2, 10, 2],
			"to": [14, 11, 15],
			"rotation": {"angle": 0, "axis": "y", "origin": [8, 12.63636, 5.52273]},
			"faces": {
				"north": {"uv": [2, 5, 14, 6], "texture": "#1"},
				"east": {"uv": [1, 5, 14, 6], "texture": "#1"},
				"south": {"uv": [2, 5, 14, 6], "texture": "#1"},
				"west": {"uv": [2, 5, 15, 6], "texture": "#1"},
				"up": {"uv": [2, 1, 14, 14], "texture": "#1"},
				"down": {"uv": [2, 1, 14, 14], "texture": "#1"}
			}
		},
		{
			"from": [3, 9, 3],
			"to": [13, 10, 14],
			"rotation": {"angle": 0, "axis": "y", "origin": [8, 11.63636, 5.52273]},
			"faces": {
				"north": {"uv": [3, 6, 13, 7], "texture": "#1"},
				"east": {"uv": [2, 6, 13, 7], "texture": "#1"},
				"south": {"uv": [3, 6, 13, 7], "texture": "#1"},
				"west": {"uv": [3, 6, 14, 7], "texture": "#1"},
				"up": {"uv": [3, 3, 13, 14], "texture": "#1"},
				"down": {"uv": [3, 2, 13, 13], "texture": "#1"}
			}
		},
		{
			"from": [2, 8, 2],
			"to": [14, 9, 15],
			"rotation": {"angle": 0, "axis": "y", "origin": [8, 10.63636, 5.52273]},
			"faces": {
				"north": {"uv": [2, 7, 14, 8], "texture": "#1"},
				"east": {"uv": [1, 7, 14, 8], "texture": "#1"},
				"south": {"uv": [2, 7, 14, 8], "texture": "#1"},
				"west": {"uv": [2, 7, 15, 8], "texture": "#1"},
				"up": {"uv": [2, 2, 3, 3], "texture": "#1"},
				"down": {"uv": [2, 1, 14, 14], "texture": "#1"}
			}
		},
		{
			"from": [2, 11, 2],
			"to": [14, 12, 3],
			"rotation": {"angle": 0, "axis": "y", "origin": [8, 12.63636, 5.52273]},
			"faces": {
				"north": {"uv": [0, 0, 14, 1], "texture": "#1"},
				"east": {"uv": [2, 13, 3, 14], "texture": "#4"},
				"south": {"uv": [0, 0, 14, 1], "texture": "#1"},
				"west": {"uv": [2, 13, 3, 14], "texture": "#4"},
				"up": {"uv": [0, 0, 14, 1], "texture": "#1"},
				"down": {"uv": [0, 0, 16, 1], "texture": "#4"}
			}
		},
		{
			"from": [1, 22, 1],
			"to": [15, 25, 4],
			"rotation": {"angle": 0, "axis": "y", "origin": [8, 11.63636, 5.52273]},
			"faces": {
				"north": {"uv": [1, 7, 15, 10], "texture": "#1"},
				"east": {"uv": [7, 3, 10, 6], "texture": "#1"},
				"south": {"uv": [1, 7, 15, 10], "texture": "#1"},
				"west": {"uv": [7, 3, 10, 6], "texture": "#1"},
				"up": {"uv": [1, 7, 15, 10], "texture": "#1"},
				"down": {"uv": [0, 7, 14, 10], "texture": "#1"}
			}
		},
		{
			"from": [2, 12, 2],
			"to": [4, 24, 3],
			"rotation": {"angle": 0, "axis": "y", "origin": [8, 12.63636, 5.52273]},
			"faces": {
				"north": {"uv": [5, 2, 7, 14], "texture": "#4"},
				"east": {"uv": [0, 0, 1, 12], "texture": "#4"},
				"south": {"uv": [5, 2, 7, 14], "texture": "#4"},
				"west": {"uv": [1, 1, 2, 13], "texture": "#4"},
				"up": {"uv": [0, 0, 2, 1], "texture": "#4"},
				"down": {"uv": [0, 0, 2, 1], "texture": "#4"}
			}
		},
		{
			"from": [9, 12, 2],
			"to": [11, 24, 3],
			"rotation": {"angle": 0, "axis": "y", "origin": [8, 12.63636, 5.52273]},
			"faces": {
				"north": {"uv": [5, 2, 7, 14], "texture": "#4"},
				"east": {"uv": [1, 1, 2, 13], "texture": "#4"},
				"south": {"uv": [5, 2, 7, 14], "texture": "#4"},
				"west": {"uv": [0, 0, 1, 12], "texture": "#4"},
				"up": {"uv": [0, 0, 2, 1], "rotation": 180, "texture": "#4"},
				"down": {"uv": [0, 0, 2, 1], "rotation": 180, "texture": "#4"}
			}
		},
		{
			"from": [5, 12, 2],
			"to": [7, 24, 3],
			"rotation": {"angle": 0, "axis": "y", "origin": [8, 12.63636, 5.52273]},
			"faces": {
				"north": {"uv": [5, 2, 7, 14], "texture": "#4"},
				"east": {"uv": [0, 0, 1, 12], "texture": "#4"},
				"south": {"uv": [5, 2, 7, 14], "texture": "#4"},
				"west": {"uv": [1, 1, 2, 13], "texture": "#4"},
				"up": {"uv": [0, 0, 2, 1], "texture": "#4"},
				"down": {"uv": [0, 0, 2, 1], "texture": "#4"}
			}
		},
		{
			"from": [3, 0, 12],
			"to": [5, 8, 14],
			"rotation": {"angle": 0, "axis": "y", "origin": [8, 12.63636, 5.52273]},
			"faces": {
				"north": {"uv": [13, 5, 15, 13], "texture": "#4"},
				"east": {"uv": [13, 5, 15, 13], "texture": "#4"},
				"south": {"uv": [13, 5, 15, 13], "texture": "#4"},
				"west": {"uv": [13, 5, 15, 13], "texture": "#4"},
				"up": {"uv": [13, 5, 15, 7], "texture": "#4"},
				"down": {"uv": [13, 13, 15, 15], "texture": "#4"}
			}
		},
		{
			"from": [11, 0, 12],
			"to": [13, 8, 14],
			"rotation": {"angle": 0, "axis": "y", "origin": [8, 12.63636, 5.52273]},
			"faces": {
				"north": {"uv": [13, 5, 15, 13], "texture": "#4"},
				"east": {"uv": [13, 5, 15, 13], "texture": "#4"},
				"south": {"uv": [13, 5, 15, 13], "texture": "#4"},
				"west": {"uv": [13, 5, 15, 13], "texture": "#4"},
				"up": {"uv": [13, 5, 15, 7], "texture": "#4"},
				"down": {"uv": [13, 13, 15, 15], "texture": "#4"}
			}
		},
		{
			"from": [12, 0, 3],
			"to": [14, 8, 5],
			"rotation": {"angle": 0, "axis": "y", "origin": [8, 12.63636, 5.52273]},
			"faces": {
				"north": {"uv": [13, 5, 15, 13], "texture": "#4"},
				"east": {"uv": [13, 5, 15, 13], "texture": "#4"},
				"south": {"uv": [13, 5, 15, 13], "texture": "#4"},
				"west": {"uv": [13, 5, 15, 13], "texture": "#4"},
				"up": {"uv": [13, 5, 15, 7], "texture": "#4"},
				"down": {"uv": [13, 13, 15, 15], "texture": "#4"}
			}
		},
		{
			"from": [2, 0, 3],
			"to": [4, 8, 5],
			"rotation": {"angle": 0, "axis": "y", "origin": [8, 12.63636, 5.52273]},
			"faces": {
				"north": {"uv": [13, 5, 15, 13], "texture": "#4"},
				"east": {"uv": [13, 5, 15, 13], "texture": "#4"},
				"south": {"uv": [13, 5, 15, 13], "texture": "#4"},
				"west": {"uv": [13, 5, 15, 13], "texture": "#4"},
				"up": {"uv": [13, 5, 15, 7], "texture": "#4"},
				"down": {"uv": [13, 13, 15, 15], "texture": "#4"}
			}
		},
		{
			"from": [4, 4, 4],
			"to": [12, 5, 5],
			"rotation": {"angle": 0, "axis": "y", "origin": [8, 6.63636, -3.47727]},
			"faces": {
				"north": {"uv": [6, 10, 14, 11], "texture": "#1"},
				"east": {"uv": [6, 10, 14, 11], "texture": "#1"},
				"south": {"uv": [6, 10, 14, 11], "texture": "#1"},
				"west": {"uv": [6, 10, 14, 11], "texture": "#1"},
				"up": {"uv": [6, 10, 14, 11], "texture": "#1"},
				"down": {"uv": [6, 10, 14, 11], "texture": "#1"}
			}
		},
		{
			"from": [5, 4, 12],
			"to": [11, 5, 13],
			"rotation": {"angle": 0, "axis": "y", "origin": [8, 6.63636, 4.52273]},
			"faces": {
				"north": {"uv": [6, 10, 12, 11], "texture": "#1"},
				"east": {"uv": [6, 10, 12, 11], "texture": "#1"},
				"south": {"uv": [6, 10, 12, 11], "texture": "#1"},
				"west": {"uv": [6, 10, 12, 11], "texture": "#1"},
				"up": {"uv": [6, 10, 12, 11], "texture": "#1"},
				"down": {"uv": [6, 10, 12, 11], "texture": "#1"}
			}
		}
	],
	"gui_light": "front",
	"display": {
		"thirdperson_righthand": {
			"rotation": [75, 45, 0],
			"translation": [0, 2.5, 0],
			"scale": [0.375, 0.375, 0.375]
		},
		"thirdperson_lefthand": {
			"rotation": [75, 45, 0],
			"translation": [0, 2.5, 0],
			"scale": [0.375, 0.375, 0.375]
		},
		"firstperson_righthand": {
			"rotation": [0, 45, 0],
			"scale": [0.4, 0.4, 0.4]
		},
		"firstperson_lefthand": {
			"rotation": [0, 225, 0],
			"scale": [0.4, 0.4, 0.4]
		},
		"ground": {
			"translation": [0, 3, 0],
			"scale": [0.25, 0.25, 0.25]
		},
		"gui": {
			"rotation": [30, 45, 0],
			"translation": [0.25, -1.75, 0],
			"scale": [0.625, 0.625, 0.625]
		},
		"fixed": {
			"rotation": [-90, 0, 0],
			"translation": [0, 0, -14],
			"scale": [2, 2, 2]
		}
	}
}