{
	"credit": "Yuushya", "ambientocclusion": false,
	"textures": {
		"1": "block/birch_planks_",
		"2": "block/black_wool",
		"particle": "block/birch_planks_"
	},
	"elements": [
		{
			"from": [2, 8.4, 2],
			"to": [14, 9.4, 14],
			"rotation": {"angle": 0, "axis": "y", "origin": [8, 16.4, 8]},
			"faces": {
				"north": {"uv": [0, 0, 12, 1], "texture": "#1"},
				"east": {"uv": [0, 0, 12, 1], "texture": "#1"},
				"south": {"uv": [0, 0, 12, 1], "texture": "#1"},
				"west": {"uv": [0, 0, 12, 1], "texture": "#1"},
				"up": {"uv": [4, 1, 16, 13], "texture": "#1"},
				"down": {"uv": [0, 0, 12, 12], "texture": "#1"}
			}
		},
		{
			"from": [3, 9.4, 4],
			"to": [13, 9.7, 13],
			"rotation": {"angle": 0, "axis": "y", "origin": [8, 17.4, 8]},
			"faces": {
				"north": {"uv": [8, 6, 16, 6], "texture": "#2"},
				"east": {"uv": [4, 12, 12, 12], "texture": "#2"},
				"south": {"uv": [4, 3, 12, 3], "texture": "#2"},
				"west": {"uv": [4, 7, 12, 7], "texture": "#2"},
				"up": {"uv": [3, 3, 13, 12], "texture": "#2"},
				"down": {"uv": [1, 1, 9, 9], "texture": "#2"}
			}
		},
		{
			"from": [0.775, 14.4, 1],
			"to": [15.1, 17.4, 2],
			"rotation": {"angle": 0, "axis": "y", "origin": [8, 16.4, -6]},
			"faces": {
				"north": {"uv": [1, 8, 15.125, 11], "texture": "#1"},
				"east": {"uv": [0, 0, 3, 1], "rotation": 90, "texture": "#1"},
				"south": {"uv": [1, 8, 15.125, 11], "texture": "#1"},
				"west": {"uv": [0, 0, 3, 1], "rotation": 270, "texture": "#1"},
				"up": {"uv": [15.125, 9, 1, 10], "texture": "#1"},
				"down": {"uv": [15.125, 9, 1, 10], "texture": "#1"}
			}
		},
		{
			"from": [1, 13.5, 1.15],
			"to": [2, 14.25, 11],
			"rotation": {"angle": 22.5, "axis": "x", "origin": [1.5, 13.9, 8]},
			"faces": {
				"north": {"uv": [0, 1, 1, 1.75], "texture": "#1"},
				"east": {"uv": [0, 1, 10.25, 1.75], "texture": "#1"},
				"south": {"uv": [0, 1, 1, 1.75], "texture": "#1"},
				"west": {"uv": [10, 0, 0, 0.75], "texture": "#1"},
				"up": {"uv": [10, 0, 0, 0.75], "rotation": 90, "texture": "#1"},
				"down": {"uv": [1, 0, 2, 10.25], "rotation": 180, "texture": "#1"}
			}
		},
		{
			"from": [1, 12.4, 0.75],
			"to": [2, 13.4, 13.75],
			"rotation": {"angle": 22.5, "axis": "x", "origin": [1.5, 12.9, 8]},
			"faces": {
				"north": {"uv": [0, 1, 1, 2], "texture": "#1"},
				"east": {"uv": [0, 1, 13.25, 2], "texture": "#1"},
				"south": {"uv": [0, 1, 1, 2], "texture": "#1"},
				"west": {"uv": [0, 1, 13.25, 2], "texture": "#1"},
				"up": {"uv": [1, 0, 2, 13.25], "rotation": 180, "texture": "#1"},
				"down": {"uv": [1, 0, 2, 13.25], "rotation": 180, "texture": "#1"}
			}
		},
		{
			"from": [0.875, -1.1, 12.25],
			"to": [2, 10.9, 13.5],
			"rotation": {"angle": 0, "axis": "y", "origin": [1.5, 5.9, 13]},
			"faces": {
				"north": {"uv": [12, 13, 0, 14], "rotation": 90, "texture": "#1"},
				"east": {"uv": [12, 13, 0, 14], "rotation": 90, "texture": "#1"},
				"south": {"uv": [12, 13, 0, 14], "rotation": 90, "texture": "#1"},
				"west": {"uv": [12, 13, 0, 14], "rotation": 90, "texture": "#1"},
				"up": {"uv": [0, 1, 1.125, 2.25], "rotation": 180, "texture": "#1"},
				"down": {"uv": [0, 1, 1.125, 2.25], "texture": "#1"}
			}
		},
		{
			"from": [0.975, -1.4, 3],
			"to": [2.1, 14, 6],
			"rotation": {"angle": 22.5, "axis": "x", "origin": [1.6, 5.9, 5]},
			"faces": {
				"north": {"uv": [0, 2, 15, 3], "rotation": 90, "texture": "#1"},
				"east": {"uv": [0, 9, 15, 6], "rotation": 90, "texture": "#1"},
				"south": {"uv": [1, 6, 16, 7], "rotation": 90, "texture": "#1"},
				"west": {"uv": [0, 6, 15, 9], "rotation": 90, "texture": "#1"},
				"up": {"uv": [0, 0, 1.125, 1.5], "rotation": 180, "texture": "#1"},
				"down": {"uv": [0, 0, 1.125, 1.5], "texture": "#1"}
			}
		},
		{
			"from": [14, 13.5, 1.15],
			"to": [15, 14.25, 11],
			"rotation": {"angle": 22.5, "axis": "x", "origin": [14.5, 13.9, 8]},
			"faces": {
				"north": {"uv": [1, 1, 0, 1.75], "texture": "#1"},
				"east": {"uv": [10, 0, 0, 0.75], "texture": "#1"},
				"south": {"uv": [1, 1, 0, 1.75], "texture": "#1"},
				"west": {"uv": [10.25, 1, 0, 1.75], "texture": "#1"},
				"up": {"uv": [10, 0, 0, 0.75], "rotation": 90, "texture": "#1"},
				"down": {"uv": [2, 0, 1, 10.25], "rotation": 180, "texture": "#1"}
			}
		},
		{
			"from": [14, 12.4, 0.75],
			"to": [15, 13.4, 13.75],
			"rotation": {"angle": 22.5, "axis": "x", "origin": [14.5, 12.9, 8]},
			"faces": {
				"north": {"uv": [1, 1, 0, 2], "texture": "#1"},
				"east": {"uv": [13.25, 1, 0, 2], "texture": "#1"},
				"south": {"uv": [1, 1, 0, 2], "texture": "#1"},
				"west": {"uv": [13.25, 1, 0, 2], "texture": "#1"},
				"up": {"uv": [2, 0, 1, 13.25], "rotation": 180, "texture": "#1"},
				"down": {"uv": [2, 0, 1, 13.25], "rotation": 180, "texture": "#1"}
			}
		},
		{
			"from": [14, -1.1, 12.25],
			"to": [15.125, 10.9, 13.5],
			"rotation": {"angle": 0, "axis": "y", "origin": [14.5, 5.9, 13]},
			"faces": {
				"north": {"uv": [12, 13, 0, 14], "rotation": 90, "texture": "#1"},
				"east": {"uv": [12, 13, 0, 14], "rotation": 90, "texture": "#1"},
				"south": {"uv": [12, 13, 0, 14], "rotation": 90, "texture": "#1"},
				"west": {"uv": [12, 13, 0, 14], "rotation": 90, "texture": "#1"},
				"up": {"uv": [1.125, 1, 0, 2.25], "rotation": 180, "texture": "#1"},
				"down": {"uv": [1.125, 1, 0, 2.25], "texture": "#1"}
			}
		},
		{
			"from": [13.9, -1.4, 3],
			"to": [15.025, 14, 6],
			"rotation": {"angle": 22.5, "axis": "x", "origin": [14.4, 5.9, 5]},
			"faces": {
				"north": {"uv": [0, 2, 15, 3], "rotation": 90, "texture": "#1"},
				"east": {"uv": [0, 9, 15, 6], "rotation": 90, "texture": "#1"},
				"south": {"uv": [1, 6, 16, 7], "rotation": 90, "texture": "#1"},
				"west": {"uv": [0, 6, 15, 9], "rotation": 90, "texture": "#1"},
				"up": {"uv": [1.125, 0, 0, 1.5], "rotation": 180, "texture": "#1"},
				"down": {"uv": [1.125, 0, 0, 1.5], "texture": "#1"}
			}
		}
	],
	"gui_light": "front",
	"display": {
		"thirdperson_righthand": {
			"rotation": [75, 45, 0],
			"translation": [0, 2.5, 0],
			"scale": [0.375, 0.375, 0.375]
		},
		"thirdperson_lefthand": {
			"rotation": [75, 45, 0],
			"translation": [0, 2.5, 0],
			"scale": [0.375, 0.375, 0.375]
		},
		"firstperson_righthand": {
			"rotation": [0, 45, 0],
			"scale": [0.4, 0.4, 0.4]
		},
		"firstperson_lefthand": {
			"rotation": [0, 225, 0],
			"scale": [0.4, 0.4, 0.4]
		},
		"ground": {
			"translation": [0, 3, 0],
			"scale": [0.25, 0.25, 0.25]
		},
		"gui": {
			"rotation": [30, 45, 0],
			"translation": [0.25, 0, 0],
			"scale": [0.625, 0.625, 0.625]
		},
		"head": {
			"rotation": [0, 180, 0],
			"translation": [0, 13, 0.25]
		},
		"fixed": {
			"rotation": [-90, 0, 0],
			"translation": [0, 0, -14],
			"scale": [2, 2, 2]
		}
	},
	"groups": [
		{
			"name": "Chair8",
			"origin": [0.5, 4.5, 5],
			"children": [0, 1, 2, 3, 4, 5, 6, 7, 8, 9, 10]
		}
	]
}