{
	"credit": "Yuushya",
	"textures": {
		"0": "yuushya:0extra_building_material/preview/basket",
		"1": "yuushya:block/crop/carrots_stage3",
		"particle": "yuushya:block/crop/carrot",
		"1_0": "yuushya:block/crop/carrot"
	},
	"elements": [
		{
			"from": [2, 0, 12],
			"to": [14, 7, 13],
			"rotation": {"angle": 0, "axis": "y", "origin": [8, 4.9, 8]},
			"faces": {
				"north": {"uv": [2, 6, 14, 13], "texture": "#0"},
				"east": {"uv": [1, 0, 2, 7], "texture": "#0"},
				"south": {"uv": [0, 0, 12, 7], "texture": "#0"},
				"west": {"uv": [1, 0, 2, 7], "texture": "#0"},
				"up": {"uv": [0, 0, 12, 1], "texture": "#0"},
				"down": {"uv": [0, 0, 12, 1], "texture": "#0"}
			}
		},
		{
			"from": [3, 0, 4],
			"to": [13, 5, 12],
			"rotation": {"angle": 0, "axis": "y", "origin": [8, 4.9, 8]},
			"faces": {
				"north": {"uv": [0, 0, 10, 1], "texture": "#0"},
				"east": {"uv": [0, 0, 8, 1], "texture": "#0"},
				"south": {"uv": [0, 0, 10, 1], "texture": "#0"},
				"west": {"uv": [0, 0, 8, 1], "texture": "#0"},
				"up": {"uv": [3, 7, 13, 15], "texture": "#0"},
				"down": {"uv": [2, 7, 12, 15], "texture": "#0"}
			}
		},
		{
			"from": [2, 0, 3],
			"to": [14, 7, 4],
			"rotation": {"angle": 0, "axis": "y", "origin": [8, 4.9, 8]},
			"faces": {
				"north": {"uv": [0, 0, 12, 7], "texture": "#0"},
				"east": {"uv": [0, 0, 1, 7], "texture": "#0"},
				"south": {"uv": [2, 6, 14, 13], "texture": "#0"},
				"west": {"uv": [0, 0, 1, 7], "texture": "#0"},
				"up": {"uv": [0, 0, 12, 1], "texture": "#0"},
				"down": {"uv": [0, 2, 12, 3], "texture": "#0"}
			}
		},
		{
			"from": [2, 0, 4],
			"to": [3, 7, 12],
			"rotation": {"angle": 0, "axis": "y", "origin": [8, 4.9, 8]},
			"faces": {
				"north": {"uv": [0, 0, 1, 7], "texture": "#0"},
				"east": {"uv": [8, 6, 16, 13], "texture": "#0"},
				"south": {"uv": [0, 0, 1, 7], "texture": "#0"},
				"west": {"uv": [1, 0, 9, 7], "texture": "#0"},
				"up": {"uv": [0, 7, 1, 15], "texture": "#0"},
				"down": {"uv": [15, 7, 16, 15], "texture": "#0"}
			}
		},
		{
			"from": [13, 0, 4],
			"to": [14, 7, 12],
			"rotation": {"angle": 0, "axis": "y", "origin": [8, 4.9, 8]},
			"faces": {
				"north": {"uv": [0, 0, 1, 7], "texture": "#0"},
				"east": {"uv": [0, 0, 8, 7], "texture": "#0"},
				"south": {"uv": [0, 0, 1, 7], "texture": "#0"},
				"west": {"uv": [8, 6, 16, 13], "texture": "#0"},
				"up": {"uv": [0, 7, 1, 15], "texture": "#0"},
				"down": {"uv": [0, 7, 1, 15], "texture": "#0"}
			}
		},
		{
			"from": [1, 7, 2],
			"to": [15, 8, 4],
			"rotation": {"angle": 0, "axis": "y", "origin": [8, 4.9, 8]},
			"faces": {
				"north": {"uv": [1, 15, 15, 16], "texture": "#0"},
				"east": {"uv": [13, 15, 15, 16], "texture": "#0"},
				"south": {"uv": [0, 15, 14, 16], "texture": "#0"},
				"west": {"uv": [1, 15, 3, 16], "texture": "#0"},
				"up": {"uv": [1, 14, 15, 16], "rotation": 180, "texture": "#0"},
				"down": {"uv": [0, 14, 14, 16], "texture": "#0"}
			}
		},
		{
			"from": [1, 7, 12],
			"to": [15, 8, 14],
			"rotation": {"angle": 0, "axis": "y", "origin": [8, 4.9, 8]},
			"faces": {
				"north": {"uv": [0, 15, 14, 16], "texture": "#0"},
				"east": {"uv": [1, 15, 3, 16], "texture": "#0"},
				"south": {"uv": [1, 15, 15, 16], "texture": "#0"},
				"west": {"uv": [13, 15, 15, 16], "texture": "#0"},
				"up": {"uv": [2, 14, 16, 16], "texture": "#0"},
				"down": {"uv": [0, 14, 14, 16], "rotation": 180, "texture": "#0"}
			}
		},
		{
			"from": [1, 7, 4],
			"to": [3, 8, 12],
			"rotation": {"angle": 0, "axis": "y", "origin": [8, 4.9, 8]},
			"faces": {
				"north": {"uv": [0, 0, 2, 1], "texture": "#0"},
				"east": {"uv": [3, 15, 11, 16], "texture": "#0"},
				"south": {"uv": [0, 0, 2, 1], "texture": "#0"},
				"west": {"uv": [4, 15, 12, 16], "texture": "#0"},
				"up": {"uv": [2, 14, 11, 16], "rotation": 90, "texture": "#0"},
				"down": {"uv": [2, 14, 11, 16], "rotation": 90, "texture": "#0"}
			}
		},
		{
			"from": [13, 7, 4],
			"to": [15, 8, 12],
			"rotation": {"angle": 0, "axis": "y", "origin": [8, 4.9, 8]},
			"faces": {
				"north": {"uv": [0, 0, 2, 1], "texture": "#0"},
				"east": {"uv": [4, 15, 12, 16], "texture": "#0"},
				"south": {"uv": [0, 0, 2, 1], "texture": "#0"},
				"west": {"uv": [3, 15, 11, 16], "texture": "#0"},
				"up": {"uv": [2, 14, 11, 16], "rotation": 270, "texture": "#0"},
				"down": {"uv": [2, 14, 11, 16], "rotation": 270, "texture": "#0"}
			}
		},
		{
			"name": "1",
			"from": [8.25, 4, 5.25],
			"to": [12.75, 9, 9.75],
			"rotation": {"angle": 0, "axis": "y", "origin": [9, 14, 9]},
			"faces": {
				"north": {"uv": [0, 0, 5, 6], "texture": "#1_0"},
				"east": {"uv": [0, 0, 5, 6], "texture": "#1_0"},
				"south": {"uv": [0, 0, 5, 6], "texture": "#1_0"},
				"west": {"uv": [0, 0, 5, 6], "texture": "#1_0"},
				"up": {"uv": [0, 6, 5, 11], "texture": "#1_0"},
				"down": {"uv": [0, 6, 5, 11], "texture": "#1_0"}
			}
		},
		{
			"name": "1",
			"from": [9, 6, 6],
			"to": [12, 10, 9],
			"rotation": {"angle": 0, "axis": "y", "origin": [9, 14, 9]},
			"faces": {
				"north": {"uv": [1, 7, 4, 10], "texture": "#1_0"},
				"east": {"uv": [1, 7, 4, 10], "texture": "#1_0"},
				"south": {"uv": [1, 7, 4, 10], "texture": "#1_0"},
				"west": {"uv": [1, 7, 4, 10], "texture": "#1_0"},
				"up": {"uv": [1, 7, 4, 10], "texture": "#1_0"},
				"down": {"uv": [1, 7, 4, 10], "texture": "#1_0"}
			}
		},
		{
			"name": "1",
			"from": [5, 4, 9],
			"to": [8, 8, 12],
			"rotation": {"angle": 0, "axis": "y", "origin": [4, 12, 13]},
			"faces": {
				"north": {"uv": [1, 7, 4, 10], "texture": "#1_0"},
				"east": {"uv": [1, 7, 4, 10], "texture": "#1_0"},
				"south": {"uv": [1, 7, 4, 10], "texture": "#1_0"},
				"west": {"uv": [1, 7, 4, 10], "texture": "#1_0"},
				"up": {"uv": [1, 7, 4, 10], "texture": "#1_0"},
				"down": {"uv": [1, 7, 4, 10], "texture": "#1_0"}
			}
		},
		{
			"name": "1",
			"from": [4.25, 2, 8.25],
			"to": [8.75, 7, 12.75],
			"rotation": {"angle": 0, "axis": "y", "origin": [4, 12, 13]},
			"faces": {
				"north": {"uv": [0, 0, 5, 6], "texture": "#1_0"},
				"east": {"uv": [0, 0, 5, 6], "texture": "#1_0"},
				"south": {"uv": [0, 0, 5, 6], "texture": "#1_0"},
				"west": {"uv": [0, 0, 5, 6], "texture": "#1_0"},
				"up": {"uv": [0, 6, 5, 11], "texture": "#1_0"},
				"down": {"uv": [0, 6, 5, 11], "texture": "#1_0"}
			}
		},
		{
			"name": "1",
			"from": [4, 7, 4],
			"to": [7, 11, 7],
			"rotation": {"angle": 0, "axis": "y", "origin": [2, 15, 6]},
			"faces": {
				"north": {"uv": [1, 7, 4, 10], "texture": "#1_0"},
				"east": {"uv": [1, 7, 4, 10], "texture": "#1_0"},
				"south": {"uv": [1, 7, 4, 10], "texture": "#1_0"},
				"west": {"uv": [1, 7, 4, 10], "texture": "#1_0"},
				"up": {"uv": [1, 7, 4, 10], "texture": "#1_0"},
				"down": {"uv": [0, 6, 5, 11], "texture": "#1_0"}
			}
		},
		{
			"from": [6.53386, 7, 5.81089],
			"to": [6.53386, 18, 14.81089],
			"rotation": {"angle": 0, "axis": "y", "origin": [5.53386, 11.5, 11.31089]},
			"faces": {
				"north": {"uv": [0, 0, 0, 7], "texture": "#1"},
				"east": {"uv": [4, 3, 13, 14], "texture": "#1"},
				"south": {"uv": [0, 0, 0, 7], "texture": "#1"},
				"west": {"uv": [4, 3, 13, 14], "texture": "#1"},
				"up": {"uv": [0, 0, 3, 0], "rotation": 270, "texture": "#1"},
				"down": {"uv": [0, 0, 3, 0], "rotation": 90, "texture": "#1"}
			}
		},
		{
			"from": [2.03386, 7, 10.31089],
			"to": [11.03386, 18, 10.31089],
			"rotation": {"angle": 0, "axis": "y", "origin": [5.53386, 11.5, 11.31089]},
			"faces": {
				"north": {"uv": [4, 3, 13, 14], "texture": "#1"},
				"east": {"uv": [0, 0, 0, 7], "texture": "#1"},
				"south": {"uv": [4, 3, 13, 14], "texture": "#1"},
				"west": {"uv": [0, 0, 0, 7], "texture": "#1"},
				"up": {"uv": [0, 0, 3, 0], "texture": "#1"},
				"down": {"uv": [0, 0, 3, 0], "texture": "#1"}
			}
		},
		{
			"from": [1.03386, 10, 5.31089],
			"to": [10.03386, 21, 5.31089],
			"rotation": {"angle": 0, "axis": "y", "origin": [4.53386, 14.5, 6.31089]},
			"faces": {
				"north": {"uv": [4, 3, 13, 14], "texture": "#1"},
				"east": {"uv": [0, 0, 0, 7], "texture": "#1"},
				"south": {"uv": [4, 3, 13, 14], "texture": "#1"},
				"west": {"uv": [0, 0, 0, 7], "texture": "#1"},
				"up": {"uv": [0, 0, 3, 0], "texture": "#1"},
				"down": {"uv": [0, 0, 3, 0], "texture": "#1"}
			}
		},
		{
			"from": [6.63386, 9, 7.31089],
			"to": [15.63386, 20, 7.31089],
			"rotation": {"angle": 45, "axis": "y", "origin": [11.13386, 13.5, 7.31089]},
			"faces": {
				"north": {"uv": [4, 3, 13, 14], "texture": "#1"},
				"east": {"uv": [0, 0, 0, 7], "texture": "#1"},
				"south": {"uv": [4, 3, 13, 14], "texture": "#1"},
				"west": {"uv": [0, 0, 0, 7], "texture": "#1"},
				"up": {"uv": [0, 0, 3, 0], "texture": "#1"},
				"down": {"uv": [0, 0, 3, 0], "texture": "#1"}
			}
		},
		{
			"from": [10.13386, 9, 2.81089],
			"to": [10.13386, 20, 11.81089],
			"rotation": {"angle": 45, "axis": "y", "origin": [10.13386, 13.5, 7.31089]},
			"faces": {
				"north": {"uv": [0, 0, 0, 7], "texture": "#1"},
				"east": {"uv": [4, 3, 13, 14], "texture": "#1"},
				"south": {"uv": [0, 0, 0, 7], "texture": "#1"},
				"west": {"uv": [4, 3, 13, 14], "texture": "#1"},
				"up": {"uv": [0, 0, 3, 0], "rotation": 270, "texture": "#1"},
				"down": {"uv": [0, 0, 3, 0], "rotation": 90, "texture": "#1"}
			}
		},
		{
			"from": [5.53386, 10, 0.81089],
			"to": [5.53386, 21, 9.81089],
			"rotation": {"angle": 0, "axis": "y", "origin": [3.53386, 14.5, 4.31089]},
			"faces": {
				"north": {"uv": [0, 0, 0, 7], "texture": "#1"},
				"east": {"uv": [4, 3, 13, 14], "texture": "#1"},
				"south": {"uv": [0, 0, 0, 7], "texture": "#1"},
				"west": {"uv": [4, 3, 13, 14], "texture": "#1"},
				"up": {"uv": [0, 0, 3, 0], "rotation": 270, "texture": "#1"},
				"down": {"uv": [0, 0, 3, 0], "rotation": 90, "texture": "#1"}
			}
		},
		{
			"name": "1",
			"from": [3.25, 5, 3.25],
			"to": [7.75, 10, 7.75],
			"rotation": {"angle": 0, "axis": "y", "origin": [2, 15, 6]},
			"faces": {
				"north": {"uv": [0, 0, 5, 6], "texture": "#1_0"},
				"east": {"uv": [0, 0, 5, 6], "texture": "#1_0"},
				"south": {"uv": [0, 0, 5, 6], "texture": "#1_0"},
				"west": {"uv": [0, 0, 5, 6], "texture": "#1_0"},
				"up": {"uv": [0, 6, 5, 11], "texture": "#1_0"},
				"down": {"uv": [0, 6, 5, 11], "texture": "#1_0"}
			}
		}
	],
	"display": {
		"thirdperson_righthand": {
			"rotation": [75, 45, 0],
			"translation": [0, 2.5, 0],
			"scale": [0.375, 0.375, 0.375]
		},
		"thirdperson_lefthand": {
			"rotation": [75, 45, 0],
			"translation": [0, 2.5, 0],
			"scale": [0.375, 0.375, 0.375]
		},
		"firstperson_righthand": {
			"rotation": [0, 45, 0],
			"scale": [0.4, 0.4, 0.4]
		},
		"firstperson_lefthand": {
			"rotation": [0, 225, 0],
			"scale": [0.4, 0.4, 0.4]
		},
		"ground": {
			"translation": [0, 3, 0],
			"scale": [0.25, 0.25, 0.25]
		},
		"gui": {
			"rotation": [30, 225, 0],
			"translation": [0, 0.5, 0],
			"scale": [0.8, 0.8, 0.8]
		},
		"fixed": {
			"rotation": [-90, 0, 0],
			"translation": [0, 0, -14],
			"scale": [2, 2, 2]
		}
	},
	"groups": [
		{
			"name": "group",
			"origin": [8, 10, 10],
			"children": [0, 1, 2, 3, 4, 5, 6, 7, 8]
		},
		{
			"name": "carrots_stage32",
			"origin": [8, 8, 8],
			"children": [9, 10, 11, 12, 13, 14, 15, 16, 17, 18, 19, 20]
		}
	]
}