{
	"credit": "Yuushya",
	"textures": {
		"0": "yuushya:block/acacia_door",
		"2": "yuushya:0extra_building_material/preview/peking_roast_duck",
		"3": "yuushya:block/fern5",
		"4": "yuushya:block/the_flower_pot",
		"5": "yuushya:block/sandstone_alt",
		"particle": "yuushya:block/acacia_door"
	},
	"elements": [
		{
			"from": [5, 1, 4],
			"to": [11, 5, 12],
			"rotation": {"angle": 0, "axis": "y", "origin": [17, 9, 7]},
			"faces": {
				"north": {"uv": [0, 0, 6, 4], "texture": "#2"},
				"east": {"uv": [0, 0, 8, 4], "texture": "#2"},
				"south": {"uv": [0, 0, 6, 4], "texture": "#2"},
				"west": {"uv": [0, 0, 8, 4], "texture": "#2"},
				"up": {"uv": [0, 0, 6, 8], "texture": "#2"},
				"down": {"uv": [0, 0, 6, 8], "texture": "#2"}
			}
		},
		{
			"from": [5.5, 2, 2],
			"to": [10.5, 4, 4],
			"rotation": {"angle": 0, "axis": "y", "origin": [17, 9, 9]},
			"faces": {
				"north": {"uv": [0, 0, 5, 2], "texture": "#2"},
				"east": {"uv": [0, 0, 2, 2], "texture": "#2"},
				"south": {"uv": [0, 0, 5, 2], "texture": "#2"},
				"west": {"uv": [0, 0, 2, 2], "texture": "#2"},
				"up": {"uv": [0, 0, 5, 2], "texture": "#2"},
				"down": {"uv": [0, 0, 5, 2], "texture": "#2"}
			}
		},
		{
			"from": [3.375, 2.25, 6.725],
			"to": [4.625, 2.75, 8.475],
			"rotation": {"angle": 0, "axis": "y", "origin": [4, 2.75, 7.35]},
			"faces": {
				"north": {"uv": [0, 0, 1.25, 0.5], "texture": "#2"},
				"east": {"uv": [0, 0, 1.75, 0.5], "texture": "#2"},
				"south": {"uv": [0, 0, 1.25, 0.5], "texture": "#2"},
				"west": {"uv": [0, 0, 1.75, 0.5], "texture": "#2"},
				"up": {"uv": [0, 0, 1.25, 1.75], "texture": "#2"},
				"down": {"uv": [0, 0, 1.25, 1.75], "texture": "#2"}
			}
		},
		{
			"from": [6, 2, 12],
			"to": [10, 5, 13],
			"rotation": {"angle": 0, "axis": "y", "origin": [17, 9, 5]},
			"faces": {
				"north": {"uv": [0, 0, 4, 3], "texture": "#2"},
				"east": {"uv": [0, 0, 1, 3], "texture": "#2"},
				"south": {"uv": [0, 0, 4, 3], "texture": "#2"},
				"west": {"uv": [0, 0, 1, 3], "texture": "#2"},
				"up": {"uv": [0, 0, 4, 1], "texture": "#2"},
				"down": {"uv": [0, 0, 4, 1], "texture": "#2"}
			}
		},
		{
			"from": [9.5, 1, 10],
			"to": [12.5, 4, 14],
			"rotation": {"angle": 0, "axis": "y", "origin": [11, 2.375, 11.75]},
			"faces": {
				"north": {"uv": [0, 0, 3, 3], "texture": "#2"},
				"east": {"uv": [0, 0, 4, 3], "texture": "#2"},
				"south": {"uv": [0, 0, 3, 3], "texture": "#2"},
				"west": {"uv": [0, 0, 4, 3], "texture": "#2"},
				"up": {"uv": [0, 0, 3, 4], "texture": "#2"},
				"down": {"uv": [0, 0, 3, 4], "texture": "#2"}
			}
		},
		{
			"from": [3.5, 1, 10],
			"to": [6.5, 4, 14],
			"rotation": {"angle": 0, "axis": "y", "origin": [5, 2.375, 11.75]},
			"faces": {
				"north": {"uv": [0, 0, 3, 3], "texture": "#2"},
				"east": {"uv": [0, 0, 4, 3], "texture": "#2"},
				"south": {"uv": [0, 0, 3, 3], "texture": "#2"},
				"west": {"uv": [0, 0, 4, 3], "texture": "#2"},
				"up": {"uv": [0, 0, 3, 4], "texture": "#2"},
				"down": {"uv": [0, 0, 3, 4], "texture": "#2"}
			}
		},
		{
			"from": [1.5, 3.53073, 7.69552],
			"to": [14.5, 3.53073, 15.69552],
			"rotation": {"angle": 22.5, "axis": "x", "origin": [8, 2, 8]},
			"faces": {
				"north": {"uv": [0, 0, 13, 0], "texture": "#3"},
				"east": {"uv": [0, 0, 8, 0], "texture": "#3"},
				"south": {"uv": [0, 0, 13, 0], "texture": "#3"},
				"west": {"uv": [0, 0, 8, 0], "texture": "#3"},
				"up": {"uv": [0, 0, 13, 8], "texture": "#3"},
				"down": {"uv": [0, 0, 8, 13], "rotation": 270, "texture": "#3"}
			}
		},
		{
			"from": [7.8, 1.9, 1.5],
			"to": [15.8, 1.9, 14.5],
			"rotation": {"angle": -22.5, "axis": "z", "origin": [11.8, 1.9, 8]},
			"faces": {
				"north": {"uv": [0, 0, 8, 0], "texture": "#3"},
				"east": {"uv": [0, 0, 13, 0], "texture": "#3"},
				"south": {"uv": [0, 0, 8, 0], "texture": "#3"},
				"west": {"uv": [0, 0, 13, 0], "texture": "#3"},
				"up": {"uv": [0, 0, 13, 8], "rotation": 270, "texture": "#3"},
				"down": {"uv": [0, 0, 8, 13], "texture": "#3"}
			}
		},
		{
			"from": [0.2, 1.9, 1.5],
			"to": [8.2, 1.9, 14.5],
			"rotation": {"angle": 22.5, "axis": "z", "origin": [4.2, 1.9, 8]},
			"faces": {
				"north": {"uv": [0, 0, 8, 0], "texture": "#3"},
				"east": {"uv": [0, 0, 13, 0], "texture": "#3"},
				"south": {"uv": [0, 0, 8, 0], "texture": "#3"},
				"west": {"uv": [0, 0, 13, 0], "texture": "#3"},
				"up": {"uv": [0, 0, 13, 8], "rotation": 90, "texture": "#3"},
				"down": {"uv": [0, 0, 8, 13], "texture": "#3"}
			}
		},
		{
			"from": [1.5, 3.53073, 0.30448],
			"to": [14.5, 3.53073, 8.30448],
			"rotation": {"angle": -22.5, "axis": "x", "origin": [8, 2, 8]},
			"faces": {
				"north": {"uv": [0, 0, 13, 0], "texture": "#3"},
				"east": {"uv": [0, 0, 8, 0], "texture": "#3"},
				"south": {"uv": [0, 0, 13, 0], "texture": "#3"},
				"west": {"uv": [0, 0, 8, 0], "texture": "#3"},
				"up": {"uv": [0, 0, 13, 8], "rotation": 180, "texture": "#3"},
				"down": {"uv": [0, 0, 8, 13], "rotation": 270, "texture": "#3"}
			}
		},
		{
			"from": [0.5, 0, 0],
			"to": [3.5, 1, 16],
			"rotation": {"angle": 0, "axis": "y", "origin": [8.5, 8, 9]},
			"faces": {
				"north": {"uv": [9, 1, 12, 2], "texture": "#0"},
				"east": {"uv": [0, 0, 16, 1], "texture": "#0"},
				"south": {"uv": [9, 1, 12, 2], "texture": "#0"},
				"west": {"uv": [0, 0, 16, 1], "texture": "#0"},
				"up": {"uv": [9, 0, 12, 16], "texture": "#0"},
				"down": {"uv": [9, 0, 12, 16], "texture": "#0"}
			}
		},
		{
			"from": [8.5, 0, 0],
			"to": [11.5, 1, 16],
			"rotation": {"angle": 0, "axis": "y", "origin": [16.5, 8, 9]},
			"faces": {
				"north": {"uv": [9, 1, 12, 2], "texture": "#0"},
				"east": {"uv": [0, 0, 16, 1], "texture": "#0"},
				"south": {"uv": [9, 1, 12, 2], "texture": "#0"},
				"west": {"uv": [0, 0, 16, 1], "texture": "#0"},
				"up": {"uv": [9, 0, 12, 16], "texture": "#0"},
				"down": {"uv": [9, 0, 12, 16], "texture": "#0"}
			}
		},
		{
			"from": [4.5, 0, 0],
			"to": [7.5, 1, 16],
			"rotation": {"angle": 0, "axis": "y", "origin": [12.5, 8, 9]},
			"faces": {
				"north": {"uv": [9, 1, 12, 2], "texture": "#0"},
				"east": {"uv": [0, 0, 16, 1], "texture": "#0"},
				"south": {"uv": [9, 1, 12, 2], "texture": "#0"},
				"west": {"uv": [0, 0, 16, 1], "texture": "#0"},
				"up": {"uv": [9, 0, 12, 16], "texture": "#0"},
				"down": {"uv": [9, 0, 12, 16], "texture": "#0"}
			}
		},
		{
			"from": [12.5, 0, 0],
			"to": [15.5, 1, 16],
			"rotation": {"angle": 0, "axis": "y", "origin": [20.5, 8, 9]},
			"faces": {
				"north": {"uv": [9, 1, 12, 2], "texture": "#0"},
				"east": {"uv": [0, 0, 16, 1], "texture": "#0"},
				"south": {"uv": [9, 1, 12, 2], "texture": "#0"},
				"west": {"uv": [0, 0, 16, 1], "texture": "#0"},
				"up": {"uv": [9, 0, 12, 16], "texture": "#0"},
				"down": {"uv": [9, 0, 12, 16], "texture": "#0"}
			}
		},
		{
			"from": [3, 1, 2],
			"to": [5, 3, 4],
			"rotation": {"angle": 0, "axis": "y", "origin": [11, 9, 10]},
			"faces": {
				"north": {"uv": [2, 13, 4, 15], "texture": "#4"},
				"east": {"uv": [2, 13, 4, 15], "texture": "#4"},
				"south": {"uv": [2, 13, 4, 15], "texture": "#4"},
				"west": {"uv": [2, 13, 4, 15], "texture": "#4"},
				"up": {"uv": [2, 13, 4, 15], "texture": "#4"},
				"down": {"uv": [2, 13, 4, 15], "texture": "#4"}
			}
		},
		{
			"from": [2, 1, 5],
			"to": [4, 3, 7],
			"rotation": {"angle": 0, "axis": "y", "origin": [10, 9, 13]},
			"faces": {
				"north": {"uv": [2, 13, 4, 15], "texture": "#4"},
				"east": {"uv": [2, 13, 4, 15], "texture": "#4"},
				"south": {"uv": [2, 13, 4, 15], "texture": "#4"},
				"west": {"uv": [2, 13, 4, 15], "texture": "#4"},
				"up": {"uv": [2, 13, 4, 15], "texture": "#4"},
				"down": {"uv": [2, 13, 4, 15], "texture": "#4"}
			}
		},
		{
			"from": [12, 1, 4],
			"to": [14, 3, 6],
			"rotation": {"angle": 0, "axis": "y", "origin": [20, 9, 12]},
			"faces": {
				"north": {"uv": [13, 11, 15, 13], "texture": "#5"},
				"east": {"uv": [13, 11, 15, 13], "texture": "#5"},
				"south": {"uv": [13, 11, 15, 13], "texture": "#5"},
				"west": {"uv": [13, 11, 15, 13], "texture": "#5"},
				"up": {"uv": [13, 11, 15, 13], "texture": "#5"},
				"down": {"uv": [13, 11, 15, 13], "texture": "#5"}
			}
		}
	],
	"display": {
		"thirdperson_righthand": {
			"rotation": [75, 45, 0],
			"translation": [0, 2.5, 0],
			"scale": [0.375, 0.375, 0.375]
		},
		"thirdperson_lefthand": {
			"rotation": [75, 45, 0],
			"translation": [0, 2.5, 0],
			"scale": [0.375, 0.375, 0.375]
		},
		"firstperson_righthand": {
			"rotation": [0, 45, 0],
			"scale": [0.4, 0.4, 0.4]
		},
		"firstperson_lefthand": {
			"rotation": [0, 225, 0],
			"scale": [0.4, 0.4, 0.4]
		},
		"ground": {
			"translation": [0, 3, 0],
			"scale": [0.25, 0.25, 0.25]
		},
		"gui": {
			"rotation": [30, 225, 0],
			"scale": [0.8, 0.8, 0.8]
		},
		"fixed": {
			"rotation": [-90, 0, 0],
			"translation": [0, 0, -14],
			"scale": [2, 2, 2]
		}
	},
	"groups": [
		{
			"name": "group",
			"origin": [17, 8, 8],
			"children": [0, 1, 2, 3, 4, 5]
		}, 6, 7, 8, 9, 10, 11, 12, 13, 14, 15, 16]
}