{
	"credit": "Yuushya",
	"ambientocclusion": false,
	"textures": {
		"0": "yuushya:block/acacia_door",
		"1": "yuushya:block/crop/potato",
		"particle": "yuushya:block/crop/potato"
	},
	"elements": [
		{
			"from": [4.5, 1, 12.1],
			"to": [5.5, 8, 12.6],
			"rotation": {"angle": 0, "axis": "y", "origin": [12.5, 9, 19.6]},
			"faces": {
				"north": {"uv": [0, 0, 1, 7], "texture": "#0"},
				"east": {"uv": [0, 0, 0.5, 7], "texture": "#0"},
				"south": {"uv": [0, 0, 1, 7], "texture": "#0"},
				"west": {"uv": [0, 0, 0.5, 7], "texture": "#0"},
				"up": {"uv": [0, 0, 1, 0.5], "texture": "#0"},
				"down": {"uv": [0, 0, 1, 0.5], "texture": "#0"}
			}
		},
		{
			"from": [2.5, 0, 3],
			"to": [13.5, 1, 13],
			"rotation": {"angle": 0, "axis": "y", "origin": [9.5, 8, 11]},
			"faces": {
				"north": {"uv": [0, 0, 11, 1], "texture": "#0"},
				"east": {"uv": [0, 0, 10, 1], "texture": "#0"},
				"south": {"uv": [0, 0, 11, 1], "texture": "#0"},
				"west": {"uv": [0, 0, 10, 1], "texture": "#0"},
				"up": {"uv": [0, 0, 11, 10], "texture": "#0"},
				"down": {"uv": [0, 0, 11, 10], "texture": "#0"}
			}
		},
		{
			"from": [1.5, 8, 2],
			"to": [14.5, 9, 4],
			"rotation": {"angle": 0, "axis": "y", "origin": [9.5, 16, 11]},
			"faces": {
				"north": {"uv": [0, 0, 13, 1], "texture": "#0"},
				"east": {"uv": [0, 0, 2, 1], "texture": "#0"},
				"south": {"uv": [0, 0, 13, 1], "texture": "#0"},
				"west": {"uv": [0, 0, 2, 1], "texture": "#0"},
				"up": {"uv": [0, 0, 13, 2], "texture": "#0"},
				"down": {"uv": [0, 0, 13, 2], "texture": "#0"}
			}
		},
		{
			"from": [1.5, 8, 12],
			"to": [14.5, 9, 14],
			"rotation": {"angle": 0, "axis": "y", "origin": [9.5, 16, 21]},
			"faces": {
				"north": {"uv": [0, 0, 13, 1], "texture": "#0"},
				"east": {"uv": [0, 0, 2, 1], "texture": "#0"},
				"south": {"uv": [0, 0, 13, 1], "texture": "#0"},
				"west": {"uv": [0, 0, 2, 1], "texture": "#0"},
				"up": {"uv": [0, 0, 13, 2], "texture": "#0"},
				"down": {"uv": [0, 0, 13, 2], "texture": "#0"}
			}
		},
		{
			"from": [2.5, 1, 3],
			"to": [3.5, 8, 4],
			"rotation": {"angle": 0, "axis": "y", "origin": [10.5, 9, 11]},
			"faces": {
				"north": {"uv": [0, 0, 1, 7], "texture": "#0"},
				"east": {"uv": [0, 0, 1, 7], "texture": "#0"},
				"south": {"uv": [0, 0, 1, 7], "texture": "#0"},
				"west": {"uv": [0, 0, 1, 7], "texture": "#0"},
				"up": {"uv": [0, 0, 1, 1], "texture": "#0"},
				"down": {"uv": [0, 0, 1, 1], "texture": "#0"}
			}
		},
		{
			"from": [2.5, 1, 12],
			"to": [3.5, 8, 13],
			"rotation": {"angle": 0, "axis": "y", "origin": [10.5, 9, 20]},
			"faces": {
				"north": {"uv": [0, 0, 1, 7], "texture": "#0"},
				"east": {"uv": [0, 0, 1, 7], "texture": "#0"},
				"south": {"uv": [0, 0, 1, 7], "texture": "#0"},
				"west": {"uv": [0, 0, 1, 7], "texture": "#0"},
				"up": {"uv": [0, 0, 1, 1], "texture": "#0"},
				"down": {"uv": [0, 0, 1, 1], "texture": "#0"}
			}
		},
		{
			"from": [12.5, 1, 3],
			"to": [13.5, 8, 4],
			"rotation": {"angle": 0, "axis": "y", "origin": [20.5, 9, 11]},
			"faces": {
				"north": {"uv": [0, 0, 1, 7], "texture": "#0"},
				"east": {"uv": [0, 0, 1, 7], "texture": "#0"},
				"south": {"uv": [0, 0, 1, 7], "texture": "#0"},
				"west": {"uv": [0, 0, 1, 7], "texture": "#0"},
				"up": {"uv": [0, 0, 1, 1], "texture": "#0"},
				"down": {"uv": [0, 0, 1, 1], "texture": "#0"}
			}
		},
		{
			"from": [12.5, 1, 12],
			"to": [13.5, 8, 13],
			"rotation": {"angle": 0, "axis": "y", "origin": [20.5, 9, 20]},
			"faces": {
				"north": {"uv": [0, 0, 1, 7], "texture": "#0"},
				"east": {"uv": [0, 0, 1, 7], "texture": "#0"},
				"south": {"uv": [0, 0, 1, 7], "texture": "#0"},
				"west": {"uv": [0, 0, 1, 7], "texture": "#0"},
				"up": {"uv": [0, 0, 1, 1], "texture": "#0"},
				"down": {"uv": [0, 0, 1, 1], "texture": "#0"}
			}
		},
		{
			"from": [1.5, 8, 4],
			"to": [3.5, 9, 12],
			"rotation": {"angle": 0, "axis": "y", "origin": [10.5, 16, 12]},
			"faces": {
				"north": {"uv": [0, 0, 2, 1], "texture": "#0"},
				"east": {"uv": [0, 0, 8, 1], "texture": "#0"},
				"south": {"uv": [0, 0, 2, 1], "texture": "#0"},
				"west": {"uv": [0, 0, 8, 1], "texture": "#0"},
				"up": {"uv": [0, 0, 2, 8], "texture": "#0"},
				"down": {"uv": [0, 0, 2, 8], "texture": "#0"}
			}
		},
		{
			"from": [12.5, 8, 4],
			"to": [14.5, 9, 12],
			"rotation": {"angle": 0, "axis": "y", "origin": [21.5, 16, 12]},
			"faces": {
				"north": {"uv": [0, 0, 2, 1], "texture": "#0"},
				"east": {"uv": [0, 0, 8, 1], "texture": "#0"},
				"south": {"uv": [0, 0, 2, 1], "texture": "#0"},
				"west": {"uv": [0, 0, 8, 1], "texture": "#0"},
				"up": {"uv": [0, 0, 2, 8], "texture": "#0"},
				"down": {"uv": [0, 0, 2, 8], "texture": "#0"}
			}
		},
		{
			"from": [4.5, 1, 3.5],
			"to": [5.5, 8, 4],
			"rotation": {"angle": 0, "axis": "y", "origin": [12.5, 9, 11]},
			"faces": {
				"north": {"uv": [0, 0, 1, 7], "texture": "#0"},
				"east": {"uv": [0, 0, 0.5, 7], "texture": "#0"},
				"south": {"uv": [0, 0, 1, 7], "texture": "#0"},
				"west": {"uv": [0, 0, 0.5, 7], "texture": "#0"},
				"up": {"uv": [0, 0, 1, 0.5], "texture": "#0"},
				"down": {"uv": [0, 0, 1, 0.5], "texture": "#0"}
			}
		},
		{
			"from": [6.5, 1, 12.1],
			"to": [7.5, 8, 12.6],
			"rotation": {"angle": 0, "axis": "y", "origin": [14.5, 9, 19.6]},
			"faces": {
				"north": {"uv": [0, 0, 1, 7], "texture": "#0"},
				"east": {"uv": [0, 0, 0.5, 7], "texture": "#0"},
				"south": {"uv": [0, 0, 1, 7], "texture": "#0"},
				"west": {"uv": [0, 0, 0.5, 7], "texture": "#0"},
				"up": {"uv": [0, 0, 1, 0.5], "texture": "#0"},
				"down": {"uv": [0, 0, 1, 0.5], "texture": "#0"}
			}
		},
		{
			"from": [6.5, 1, 3.5],
			"to": [7.5, 8, 4],
			"rotation": {"angle": 0, "axis": "y", "origin": [14.5, 9, 11]},
			"faces": {
				"north": {"uv": [0, 0, 1, 7], "texture": "#0"},
				"east": {"uv": [0, 0, 0.5, 7], "texture": "#0"},
				"south": {"uv": [0, 0, 1, 7], "texture": "#0"},
				"west": {"uv": [0, 0, 0.5, 7], "texture": "#0"},
				"up": {"uv": [0, 0, 1, 0.5], "texture": "#0"},
				"down": {"uv": [0, 0, 1, 0.5], "texture": "#0"}
			}
		},
		{
			"from": [8.5, 1, 12.1],
			"to": [9.5, 8, 12.6],
			"rotation": {"angle": 0, "axis": "y", "origin": [16.5, 9, 19.6]},
			"faces": {
				"north": {"uv": [0, 0, 1, 7], "texture": "#0"},
				"east": {"uv": [0, 0, 0.5, 7], "texture": "#0"},
				"south": {"uv": [0, 0, 1, 7], "texture": "#0"},
				"west": {"uv": [0, 0, 0.5, 7], "texture": "#0"},
				"up": {"uv": [0, 0, 1, 0.5], "texture": "#0"},
				"down": {"uv": [0, 0, 1, 0.5], "texture": "#0"}
			}
		},
		{
			"from": [8.5, 1, 3.5],
			"to": [9.5, 8, 4],
			"rotation": {"angle": 0, "axis": "y", "origin": [16.5, 9, 11]},
			"faces": {
				"north": {"uv": [0, 0, 1, 7], "texture": "#0"},
				"east": {"uv": [0, 0, 0.5, 7], "texture": "#0"},
				"south": {"uv": [0, 0, 1, 7], "texture": "#0"},
				"west": {"uv": [0, 0, 0.5, 7], "texture": "#0"},
				"up": {"uv": [0, 0, 1, 0.5], "texture": "#0"},
				"down": {"uv": [0, 0, 1, 0.5], "texture": "#0"}
			}
		},
		{
			"from": [10.5, 1, 12.1],
			"to": [11.5, 8, 12.6],
			"rotation": {"angle": 0, "axis": "y", "origin": [18.5, 9, 19.6]},
			"faces": {
				"north": {"uv": [0, 0, 1, 7], "texture": "#0"},
				"east": {"uv": [0, 0, 0.5, 7], "texture": "#0"},
				"south": {"uv": [0, 0, 1, 7], "texture": "#0"},
				"west": {"uv": [0, 0, 0.5, 7], "texture": "#0"},
				"up": {"uv": [0, 0, 1, 0.5], "texture": "#0"},
				"down": {"uv": [0, 0, 1, 0.5], "texture": "#0"}
			}
		},
		{
			"from": [10.5, 1, 3.5],
			"to": [11.5, 8, 4],
			"rotation": {"angle": 0, "axis": "y", "origin": [18.5, 9, 11]},
			"faces": {
				"north": {"uv": [0, 0, 1, 7], "texture": "#0"},
				"east": {"uv": [0, 0, 0.5, 7], "texture": "#0"},
				"south": {"uv": [0, 0, 1, 7], "texture": "#0"},
				"west": {"uv": [0, 0, 0.5, 7], "texture": "#0"},
				"up": {"uv": [0, 0, 1, 0.5], "texture": "#0"},
				"down": {"uv": [0, 0, 1, 0.5], "texture": "#0"}
			}
		},
		{
			"from": [3, 1, 5],
			"to": [3.5, 8, 6],
			"rotation": {"angle": 0, "axis": "y", "origin": [11, 9, 13]},
			"faces": {
				"north": {"uv": [0, 0, 0.5, 7], "texture": "#0"},
				"east": {"uv": [0, 0, 1, 7], "texture": "#0"},
				"south": {"uv": [0, 0, 0.5, 7], "texture": "#0"},
				"west": {"uv": [0, 0, 1, 7], "texture": "#0"},
				"up": {"uv": [0, 0, 0.5, 1], "texture": "#0"},
				"down": {"uv": [0, 0, 0.5, 1], "texture": "#0"}
			}
		},
		{
			"from": [12.5, 1, 5],
			"to": [13, 8, 6],
			"rotation": {"angle": 0, "axis": "y", "origin": [20.5, 9, 13]},
			"faces": {
				"north": {"uv": [0, 0, 0.5, 7], "texture": "#0"},
				"east": {"uv": [0, 0, 1, 7], "texture": "#0"},
				"south": {"uv": [0, 0, 0.5, 7], "texture": "#0"},
				"west": {"uv": [0, 0, 1, 7], "texture": "#0"},
				"up": {"uv": [0, 0, 0.5, 1], "texture": "#0"},
				"down": {"uv": [0, 0, 0.5, 1], "texture": "#0"}
			}
		},
		{
			"from": [3, 1, 10],
			"to": [3.5, 8, 11],
			"rotation": {"angle": 0, "axis": "y", "origin": [11, 9, 18]},
			"faces": {
				"north": {"uv": [0, 0, 0.5, 7], "texture": "#0"},
				"east": {"uv": [0, 0, 1, 7], "texture": "#0"},
				"south": {"uv": [0, 0, 0.5, 7], "texture": "#0"},
				"west": {"uv": [0, 0, 1, 7], "texture": "#0"},
				"up": {"uv": [0, 0, 0.5, 1], "texture": "#0"},
				"down": {"uv": [0, 0, 0.5, 1], "texture": "#0"}
			}
		},
		{
			"from": [12.5, 1, 10],
			"to": [13, 8, 11],
			"rotation": {"angle": 0, "axis": "y", "origin": [20.5, 9, 18]},
			"faces": {
				"north": {"uv": [0, 0, 0.5, 7], "texture": "#0"},
				"east": {"uv": [0, 0, 1, 7], "texture": "#0"},
				"south": {"uv": [0, 0, 0.5, 7], "texture": "#0"},
				"west": {"uv": [0, 0, 1, 7], "texture": "#0"},
				"up": {"uv": [0, 0, 0.5, 1], "texture": "#0"},
				"down": {"uv": [0, 0, 0.5, 1], "texture": "#0"}
			}
		},
		{
			"from": [3, 1, 7],
			"to": [3.5, 8, 9],
			"rotation": {"angle": 0, "axis": "y", "origin": [11, 9, 15]},
			"faces": {
				"north": {"uv": [0, 0, 0.5, 7], "texture": "#0"},
				"east": {"uv": [0, 0, 2, 7], "texture": "#0"},
				"south": {"uv": [0, 0, 0.5, 7], "texture": "#0"},
				"west": {"uv": [0, 0, 2, 7], "texture": "#0"},
				"up": {"uv": [0, 0, 0.5, 2], "texture": "#0"},
				"down": {"uv": [0, 0, 0.5, 2], "texture": "#0"}
			}
		},
		{
			"from": [12.5, 1, 7],
			"to": [13, 8, 9],
			"rotation": {"angle": 0, "axis": "y", "origin": [20.5, 9, 15]},
			"faces": {
				"north": {"uv": [0, 0, 0.5, 7], "texture": "#0"},
				"east": {"uv": [0, 0, 2, 7], "texture": "#0"},
				"south": {"uv": [0, 0, 0.5, 7], "texture": "#0"},
				"west": {"uv": [0, 0, 2, 7], "texture": "#0"},
				"up": {"uv": [0, 0, 0.5, 2], "texture": "#0"},
				"down": {"uv": [0, 0, 0.5, 2], "texture": "#0"}
			}
		},
		{
			"from": [3.5, 2, 3.2],
			"to": [12.5, 3, 3.7],
			"rotation": {"angle": 0, "axis": "y", "origin": [11.5, 10, 11.2]},
			"faces": {
				"north": {"uv": [0, 0, 9, 1], "texture": "#0"},
				"east": {"uv": [0, 0, 0.5, 1], "texture": "#0"},
				"south": {"uv": [0, 0, 9, 1], "texture": "#0"},
				"west": {"uv": [0, 0, 0.5, 1], "texture": "#0"},
				"up": {"uv": [0, 0, 9, 0.5], "texture": "#0"},
				"down": {"uv": [0, 0, 9, 0.5], "texture": "#0"}
			}
		},
		{
			"from": [3.5, 2, 12.3],
			"to": [12.5, 3, 12.8],
			"rotation": {"angle": 0, "axis": "y", "origin": [11.5, 10, 20.3]},
			"faces": {
				"north": {"uv": [0, 0, 9, 1], "texture": "#0"},
				"east": {"uv": [0, 0, 0.5, 1], "texture": "#0"},
				"south": {"uv": [0, 0, 9, 1], "texture": "#0"},
				"west": {"uv": [0, 0, 0.5, 1], "texture": "#0"},
				"up": {"uv": [0, 0, 9, 0.5], "texture": "#0"},
				"down": {"uv": [0, 0, 9, 0.5], "texture": "#0"}
			}
		},
		{
			"from": [3.5, 4, 3.2],
			"to": [12.5, 5, 3.7],
			"rotation": {"angle": 0, "axis": "y", "origin": [11.5, 12, 11.2]},
			"faces": {
				"north": {"uv": [0, 0, 9, 1], "texture": "#0"},
				"east": {"uv": [0, 0, 0.5, 1], "texture": "#0"},
				"south": {"uv": [0, 0, 9, 1], "texture": "#0"},
				"west": {"uv": [0, 0, 0.5, 1], "texture": "#0"},
				"up": {"uv": [0, 0, 9, 0.5], "texture": "#0"},
				"down": {"uv": [0, 0, 9, 0.5], "texture": "#0"}
			}
		},
		{
			"from": [3.5, 4, 12.3],
			"to": [12.5, 5, 12.8],
			"rotation": {"angle": 0, "axis": "y", "origin": [11.5, 12, 20.3]},
			"faces": {
				"north": {"uv": [0, 0, 9, 1], "texture": "#0"},
				"east": {"uv": [0, 0, 0.5, 1], "texture": "#0"},
				"south": {"uv": [0, 0, 9, 1], "texture": "#0"},
				"west": {"uv": [0, 0, 0.5, 1], "texture": "#0"},
				"up": {"uv": [0, 0, 9, 0.5], "texture": "#0"},
				"down": {"uv": [0, 0, 9, 0.5], "texture": "#0"}
			}
		},
		{
			"from": [3.5, 6, 3.2],
			"to": [12.5, 7, 3.7],
			"rotation": {"angle": 0, "axis": "y", "origin": [11.5, 14, 11.2]},
			"faces": {
				"north": {"uv": [0, 0, 9, 1], "texture": "#0"},
				"east": {"uv": [0, 0, 0.5, 1], "texture": "#0"},
				"south": {"uv": [0, 0, 9, 1], "texture": "#0"},
				"west": {"uv": [0, 0, 0.5, 1], "texture": "#0"},
				"up": {"uv": [0, 0, 9, 0.5], "texture": "#0"},
				"down": {"uv": [0, 0, 9, 0.5], "texture": "#0"}
			}
		},
		{
			"from": [3.5, 6, 12.3],
			"to": [12.5, 7, 12.8],
			"rotation": {"angle": 0, "axis": "y", "origin": [11.5, 14, 20.3]},
			"faces": {
				"north": {"uv": [0, 0, 9, 1], "texture": "#0"},
				"east": {"uv": [0, 0, 0.5, 1], "texture": "#0"},
				"south": {"uv": [0, 0, 9, 1], "texture": "#0"},
				"west": {"uv": [0, 0, 0.5, 1], "texture": "#0"},
				"up": {"uv": [0, 0, 9, 0.5], "texture": "#0"},
				"down": {"uv": [0, 0, 9, 0.5], "texture": "#0"}
			}
		},
		{
			"from": [6, 4, 5],
			"to": [10, 8, 11],
			"rotation": {"angle": 45, "axis": "y", "origin": [8, 6.35, 10]},
			"faces": {
				"north": {"uv": [0, 8, 5, 13], "texture": "#1"},
				"east": {"uv": [0, 0, 5, 7], "rotation": 90, "texture": "#1"},
				"south": {"uv": [0, 8, 5, 13], "texture": "#1"},
				"west": {"uv": [0, 0, 5, 7], "rotation": 90, "texture": "#1"},
				"up": {"uv": [0, 0, 5, 7], "texture": "#1"},
				"down": {"uv": [0, 0, 5, 7], "texture": "#1"}
			}
		},
		{
			"from": [6.5, 4.7, 5.5],
			"to": [9.5, 8.7, 10.5],
			"rotation": {"angle": 45, "axis": "y", "origin": [8, 6.35, 10]},
			"faces": {
				"north": {"uv": [0, 8, 5, 13], "texture": "#1"},
				"east": {"uv": [0, 0, 5, 7], "rotation": 90, "texture": "#1"},
				"south": {"uv": [0, 8, 5, 13], "texture": "#1"},
				"west": {"uv": [0, 0, 5, 7], "rotation": 90, "texture": "#1"},
				"up": {"uv": [0, 0, 5, 7], "texture": "#1"},
				"down": {"uv": [0, 0, 5, 7], "texture": "#1"}
			}
		},
		{
			"from": [10, 4.9, 2.5],
			"to": [14, 8.9, 8.5],
			"rotation": {"angle": -22.5, "axis": "y", "origin": [5, 7.25, 2.5]},
			"faces": {
				"north": {"uv": [0, 8, 5, 13], "texture": "#1"},
				"east": {"uv": [0, 0, 5, 7], "rotation": 90, "texture": "#1"},
				"south": {"uv": [0, 8, 5, 13], "texture": "#1"},
				"west": {"uv": [0, 0, 5, 7], "rotation": 90, "texture": "#1"},
				"up": {"uv": [0, 0, 5, 7], "texture": "#1"},
				"down": {"uv": [0, 0, 5, 7], "texture": "#1"}
			}
		},
		{
			"from": [10.5, 5.6, 3],
			"to": [13.5, 9.6, 8],
			"rotation": {"angle": -22.5, "axis": "y", "origin": [5, 7.25, 2.5]},
			"faces": {
				"north": {"uv": [0, 8, 5, 13], "texture": "#1"},
				"east": {"uv": [0, 0, 5, 7], "rotation": 90, "texture": "#1"},
				"south": {"uv": [0, 8, 5, 13], "texture": "#1"},
				"west": {"uv": [0, 0, 5, 7], "rotation": 90, "texture": "#1"},
				"up": {"uv": [0, 0, 5, 7], "texture": "#1"},
				"down": {"uv": [0, 0, 5, 7], "texture": "#1"}
			}
		},
		{
			"from": [5.61613, 1.7, 5.15364],
			"to": [10.61613, 5.7, 8.15364],
			"rotation": {"angle": -22.5, "axis": "y", "origin": [8.4397, 9.45, 6.65014]},
			"faces": {
				"north": {"uv": [0, 0, 5, 7], "rotation": 90, "texture": "#1"},
				"east": {"uv": [0, 8, 5, 13], "texture": "#1"},
				"south": {"uv": [0, 0, 5, 7], "rotation": 90, "texture": "#1"},
				"west": {"uv": [0, 8, 5, 13], "texture": "#1"},
				"up": {"uv": [0, 0, 5, 7], "rotation": 90, "texture": "#1"},
				"down": {"uv": [0, 0, 5, 7], "rotation": 270, "texture": "#1"}
			}
		},
		{
			"from": [5.11613, 1, 4.65364],
			"to": [11.11613, 5, 8.65364],
			"rotation": {"angle": -22.5, "axis": "y", "origin": [8.4397, 9.45, 6.65014]},
			"faces": {
				"north": {"uv": [0, 0, 5, 7], "rotation": 90, "texture": "#1"},
				"east": {"uv": [0, 8, 5, 13], "texture": "#1"},
				"south": {"uv": [0, 0, 5, 7], "rotation": 90, "texture": "#1"},
				"west": {"uv": [0, 8, 5, 13], "texture": "#1"},
				"up": {"uv": [0, 0, 5, 7], "rotation": 90, "texture": "#1"},
				"down": {"uv": [0, 0, 5, 7], "rotation": 270, "texture": "#1"}
			}
		}
	],
	"display": {
		"thirdperson_righthand": {
			"rotation": [75, 45, 0],
			"translation": [0, 2.5, 0],
			"scale": [0.375, 0.375, 0.375]
		},
		"thirdperson_lefthand": {
			"rotation": [75, 45, 0],
			"translation": [0, 2.5, 0],
			"scale": [0.375, 0.375, 0.375]
		},
		"firstperson_righthand": {
			"rotation": [0, 45, 0],
			"scale": [0.4, 0.4, 0.4]
		},
		"firstperson_lefthand": {
			"rotation": [0, 225, 0],
			"scale": [0.4, 0.4, 0.4]
		},
		"ground": {
			"translation": [0, 3, 0],
			"scale": [0.25, 0.25, 0.25]
		},
		"gui": {
			"rotation": [30, 225, 0],
			"translation": [0, 0.5, 0],
			"scale": [0.8, 0.8, 0.8]
		},
		"fixed": {
			"rotation": [-90, 0, 0],
			"translation": [0, 0, -14],
			"scale": [2, 2, 2]
		}
	},
	"groups": [
		{
			"name": "Basket",
			"origin": [11.5, 14, 20.3],
			"children": [0, 1, 2, 3, 4, 5, 6, 7, 8, 9, 10, 11, 12, 13, 14, 15, 16, 17, 18, 19, 20, 21, 22, 23, 24, 25, 26, 27, 28]
		},
		{
			"name": "potatoes_stage32",
			"origin": [8, 8, 8],
			"children": [29, 30, 31, 32, 33, 34]
		}
	]
}