{
	"credit": "Yuushya",
	"textures": {
		"0": "block/iron_bars_alt",
		"2": "yuushya:0extra_building_material/preview/traffic/traffic3",
		"3": "yuushya:0extra_building_material/preview/traffic/traffic1",
		"particle": "block/iron_bars_alt"
	},
	"elements": [
		{
			"from": [6, 22, 6],
			"to": [10, 26, 10],
			"rotation": {"angle": 0, "axis": "y", "origin": [15, 33, 17]},
			"faces": {
				"north": {"uv": [0, 0, 1, 1], "texture": "#2"},
				"east": {"uv": [0, 0, 1, 1], "texture": "#2"},
				"south": {"uv": [0, 0, 1, 1], "texture": "#2"},
				"west": {"uv": [0, 0, 1, 1], "texture": "#2"},
				"up": {"uv": [0, 0, 1, 1], "texture": "#2"},
				"down": {"uv": [0, 0, 1, 1], "texture": "#2"}
			}
		},
		{
			"name": "traffic1_0",
			"from": [5, 16, 10],
			"to": [11, 32, 11],
			"rotation": {"angle": 0, "axis": "y", "origin": [8, 24, 18]},
			"faces": {
				"north": {"uv": [0, 1, 1, 0], "rotation": 180, "texture": "#2"},
				"east": {"uv": [10, 0, 11, 16], "texture": "#2"},
				"south": {"uv": [5, 0, 11, 16], "texture": "#2"},
				"west": {"uv": [5, 0, 6, 16], "texture": "#2"},
				"up": {"uv": [11, 0, 5, 1], "rotation": 180, "texture": "#2"},
				"down": {"uv": [5, 15, 11, 16], "texture": "#2"}
			}
		},
		{
			"name": "traffic1_1",
			"from": [3, 17, 10],
			"to": [5, 31, 11],
			"rotation": {"angle": 0, "axis": "y", "origin": [8, 24, 18]},
			"faces": {
				"north": {"uv": [0, 1, 1, 0], "rotation": 180, "texture": "#2"},
				"east": {"uv": [4, 1, 5, 15], "texture": "#2"},
				"south": {"uv": [3, 1, 5, 15], "texture": "#2"},
				"west": {"uv": [3, 1, 4, 15], "texture": "#2"},
				"up": {"uv": [5, 1, 3, 2], "rotation": 180, "texture": "#2"},
				"down": {"uv": [3, 14, 5, 15], "texture": "#2"}
			}
		},
		{
			"name": "traffic1_2",
			"from": [11, 17, 10],
			"to": [13, 31, 11],
			"rotation": {"angle": 0, "axis": "y", "origin": [8, 24, 18]},
			"faces": {
				"north": {"uv": [0, 1, 1, 0], "rotation": 180, "texture": "#2"},
				"east": {"uv": [12, 1, 13, 15], "texture": "#2"},
				"south": {"uv": [11, 1, 13, 15], "texture": "#2"},
				"west": {"uv": [11, 1, 12, 15], "texture": "#2"},
				"up": {"uv": [13, 1, 11, 2], "rotation": 180, "texture": "#2"},
				"down": {"uv": [11, 14, 13, 15], "texture": "#2"}
			}
		},
		{
			"name": "traffic1_3",
			"from": [2, 18, 10],
			"to": [3, 30, 11],
			"rotation": {"angle": 0, "axis": "y", "origin": [8, 24, 18]},
			"faces": {
				"north": {"uv": [0, 1, 1, 0], "rotation": 180, "texture": "#2"},
				"east": {"uv": [2, 2, 3, 14], "texture": "#2"},
				"south": {"uv": [2, 2, 3, 14], "texture": "#2"},
				"west": {"uv": [2, 2, 3, 14], "texture": "#2"},
				"up": {"uv": [3, 2, 2, 3], "rotation": 180, "texture": "#2"},
				"down": {"uv": [2, 13, 3, 14], "texture": "#2"}
			}
		},
		{
			"name": "traffic1_4",
			"from": [13, 18, 10],
			"to": [14, 30, 11],
			"rotation": {"angle": 0, "axis": "y", "origin": [8, 24, 18]},
			"faces": {
				"north": {"uv": [0, 1, 1, 0], "rotation": 180, "texture": "#2"},
				"east": {"uv": [13, 2, 14, 14], "texture": "#2"},
				"south": {"uv": [13, 2, 14, 14], "texture": "#2"},
				"west": {"uv": [13, 2, 14, 14], "texture": "#2"},
				"up": {"uv": [14, 2, 13, 3], "rotation": 180, "texture": "#2"},
				"down": {"uv": [13, 13, 14, 14], "texture": "#2"}
			}
		},
		{
			"name": "traffic1_5",
			"from": [1, 19, 10],
			"to": [2, 29, 11],
			"rotation": {"angle": 0, "axis": "y", "origin": [8, 24, 18]},
			"faces": {
				"north": {"uv": [0, 1, 1, 0], "rotation": 180, "texture": "#2"},
				"east": {"uv": [1, 3, 2, 13], "texture": "#2"},
				"south": {"uv": [1, 3, 2, 13], "texture": "#2"},
				"west": {"uv": [1, 3, 2, 13], "texture": "#2"},
				"up": {"uv": [2, 3, 1, 4], "rotation": 180, "texture": "#2"},
				"down": {"uv": [1, 12, 2, 13], "texture": "#2"}
			}
		},
		{
			"name": "traffic1_6",
			"from": [14, 19, 10],
			"to": [15, 29, 11],
			"rotation": {"angle": 0, "axis": "y", "origin": [8, 24, 18]},
			"faces": {
				"north": {"uv": [0, 1, 1, 0], "rotation": 180, "texture": "#2"},
				"east": {"uv": [14, 3, 15, 13], "texture": "#2"},
				"south": {"uv": [14, 3, 15, 13], "texture": "#2"},
				"west": {"uv": [14, 3, 15, 13], "texture": "#2"},
				"up": {"uv": [15, 3, 14, 4], "rotation": 180, "texture": "#2"},
				"down": {"uv": [14, 12, 15, 13], "texture": "#2"}
			}
		},
		{
			"name": "traffic1_7",
			"from": [0, 21, 10],
			"to": [1, 27, 11],
			"rotation": {"angle": 0, "axis": "y", "origin": [8, 24, 18]},
			"faces": {
				"north": {"uv": [0, 1, 1, 0], "rotation": 180, "texture": "#2"},
				"east": {"uv": [0, 5, 1, 11], "texture": "#2"},
				"south": {"uv": [0, 5, 1, 11], "texture": "#2"},
				"west": {"uv": [0, 5, 1, 11], "texture": "#2"},
				"up": {"uv": [1, 5, 0, 6], "rotation": 180, "texture": "#2"},
				"down": {"uv": [0, 10, 1, 11], "texture": "#2"}
			}
		},
		{
			"name": "traffic1_8",
			"from": [15, 21, 10],
			"to": [16, 27, 11],
			"rotation": {"angle": 0, "axis": "y", "origin": [8, 24, 18]},
			"faces": {
				"north": {"uv": [0, 1, 1, 0], "rotation": 180, "texture": "#2"},
				"east": {"uv": [15, 5, 16, 11], "texture": "#2"},
				"south": {"uv": [15, 5, 16, 11], "texture": "#2"},
				"west": {"uv": [15, 5, 16, 11], "texture": "#2"},
				"up": {"uv": [16, 5, 15, 6], "rotation": 180, "texture": "#2"},
				"down": {"uv": [15, 10, 16, 11], "texture": "#2"}
			}
		},
		{
			"from": [6, 5, 6],
			"to": [10, 9, 10],
			"rotation": {"angle": 0, "axis": "y", "origin": [15, 16, 17]},
			"faces": {
				"north": {"uv": [0, 0, 1, 1], "texture": "#3"},
				"east": {"uv": [0, 0, 1, 1], "texture": "#3"},
				"south": {"uv": [0, 0, 1, 1], "texture": "#3"},
				"west": {"uv": [0, 0, 1, 1], "texture": "#3"},
				"up": {"uv": [0, 0, 1, 1], "texture": "#3"},
				"down": {"uv": [0, 0, 1, 1], "texture": "#3"}
			}
		},
		{
			"name": "traffic1_1",
			"from": [5, -1, 10],
			"to": [11, 15, 11],
			"rotation": {"angle": 0, "axis": "y", "origin": [8, 7, 18]},
			"faces": {
				"north": {"uv": [0, 1, 1, 0], "rotation": 180, "texture": "#3"},
				"east": {"uv": [10, 0, 11, 16], "texture": "#3"},
				"south": {"uv": [5, 0, 11, 16], "texture": "#3"},
				"west": {"uv": [5, 0, 6, 16], "texture": "#3"},
				"up": {"uv": [11, 0, 5, 1], "rotation": 180, "texture": "#3"},
				"down": {"uv": [5, 15, 11, 16], "texture": "#3"}
			}
		},
		{
			"name": "traffic2_2",
			"from": [3, 0, 10],
			"to": [5, 14, 11],
			"rotation": {"angle": 0, "axis": "y", "origin": [8, 7, 18]},
			"faces": {
				"north": {"uv": [0, 1, 1, 0], "rotation": 180, "texture": "#3"},
				"east": {"uv": [4, 1, 5, 15], "texture": "#3"},
				"south": {"uv": [3, 1, 5, 15], "texture": "#3"},
				"west": {"uv": [3, 1, 4, 15], "texture": "#3"},
				"up": {"uv": [5, 1, 3, 2], "rotation": 180, "texture": "#3"},
				"down": {"uv": [3, 14, 5, 15], "texture": "#3"}
			}
		},
		{
			"name": "traffic1_3",
			"from": [11, 0, 10],
			"to": [13, 14, 11],
			"rotation": {"angle": 0, "axis": "y", "origin": [8, 7, 18]},
			"faces": {
				"north": {"uv": [0, 1, 1, 0], "rotation": 180, "texture": "#3"},
				"east": {"uv": [12, 1, 13, 15], "texture": "#3"},
				"south": {"uv": [11, 1, 13, 15], "texture": "#3"},
				"west": {"uv": [11, 1, 12, 15], "texture": "#3"},
				"up": {"uv": [13, 1, 11, 2], "rotation": 180, "texture": "#3"},
				"down": {"uv": [11, 14, 13, 15], "texture": "#3"}
			}
		},
		{
			"name": "traffic1_4",
			"from": [2, 1, 10],
			"to": [3, 13, 11],
			"rotation": {"angle": 0, "axis": "y", "origin": [8, 7, 18]},
			"faces": {
				"north": {"uv": [0, 1, 1, 0], "rotation": 180, "texture": "#3"},
				"east": {"uv": [2, 2, 3, 14], "texture": "#3"},
				"south": {"uv": [2, 2, 3, 14], "texture": "#3"},
				"west": {"uv": [2, 2, 3, 14], "texture": "#3"},
				"up": {"uv": [3, 2, 2, 3], "rotation": 180, "texture": "#3"},
				"down": {"uv": [2, 13, 3, 14], "texture": "#3"}
			}
		},
		{
			"name": "traffic1_5",
			"from": [13, 1, 10],
			"to": [14, 13, 11],
			"rotation": {"angle": 0, "axis": "y", "origin": [8, 7, 18]},
			"faces": {
				"north": {"uv": [0, 1, 1, 0], "rotation": 180, "texture": "#3"},
				"east": {"uv": [13, 2, 14, 14], "texture": "#3"},
				"south": {"uv": [13, 2, 14, 14], "texture": "#3"},
				"west": {"uv": [13, 2, 14, 14], "texture": "#3"},
				"up": {"uv": [14, 2, 13, 3], "rotation": 180, "texture": "#3"},
				"down": {"uv": [13, 13, 14, 14], "texture": "#3"}
			}
		},
		{
			"name": "traffic1_6",
			"from": [1, 2, 10],
			"to": [2, 12, 11],
			"rotation": {"angle": 0, "axis": "y", "origin": [8, 7, 18]},
			"faces": {
				"north": {"uv": [0, 1, 1, 0], "rotation": 180, "texture": "#3"},
				"east": {"uv": [1, 3, 2, 13], "texture": "#3"},
				"south": {"uv": [1, 3, 2, 13], "texture": "#3"},
				"west": {"uv": [1, 3, 2, 13], "texture": "#3"},
				"up": {"uv": [2, 3, 1, 4], "rotation": 180, "texture": "#3"},
				"down": {"uv": [1, 12, 2, 13], "texture": "#3"}
			}
		},
		{
			"name": "traffic1_7",
			"from": [14, 2, 10],
			"to": [15, 12, 11],
			"rotation": {"angle": 0, "axis": "y", "origin": [8, 7, 18]},
			"faces": {
				"north": {"uv": [0, 1, 1, 0], "rotation": 180, "texture": "#3"},
				"east": {"uv": [14, 3, 15, 13], "texture": "#3"},
				"south": {"uv": [14, 3, 15, 13], "texture": "#3"},
				"west": {"uv": [14, 3, 15, 13], "texture": "#3"},
				"up": {"uv": [15, 3, 14, 4], "rotation": 180, "texture": "#3"},
				"down": {"uv": [14, 12, 15, 13], "texture": "#3"}
			}
		},
		{
			"name": "traffic1_8",
			"from": [0, 4, 10],
			"to": [1, 10, 11],
			"rotation": {"angle": 0, "axis": "y", "origin": [8, 7, 18]},
			"faces": {
				"north": {"uv": [0, 1, 1, 0], "rotation": 180, "texture": "#3"},
				"east": {"uv": [0, 5, 1, 11], "texture": "#3"},
				"south": {"uv": [0, 5, 1, 11], "texture": "#3"},
				"west": {"uv": [0, 5, 1, 11], "texture": "#3"},
				"up": {"uv": [1, 5, 0, 6], "rotation": 180, "texture": "#3"},
				"down": {"uv": [0, 10, 1, 11], "texture": "#3"}
			}
		},
		{
			"name": "traffic1_9",
			"from": [15, 4, 10],
			"to": [16, 10, 11],
			"rotation": {"angle": 0, "axis": "y", "origin": [8, 7, 18]},
			"faces": {
				"north": {"uv": [0, 1, 1, 0], "rotation": 180, "texture": "#3"},
				"east": {"uv": [15, 5, 16, 11], "texture": "#3"},
				"south": {"uv": [15, 5, 16, 11], "texture": "#3"},
				"west": {"uv": [15, 5, 16, 11], "texture": "#3"},
				"up": {"uv": [16, 5, 15, 6], "rotation": 180, "texture": "#3"},
				"down": {"uv": [15, 10, 16, 11], "texture": "#3"}
			}
		},
		{
			"from": [7, 0, 7],
			"to": [9, 16, 9],
			"rotation": {"angle": 0, "axis": "y", "origin": [15, 8, 15]},
			"faces": {
				"north": {"uv": [7, 0, 9, 16], "texture": "#0"},
				"east": {"uv": [7, 0, 9, 16], "texture": "#0"},
				"south": {"uv": [7, 0, 9, 16], "texture": "#0"},
				"west": {"uv": [7, 0, 9, 16], "texture": "#0"},
				"up": {"uv": [7, 7, 9, 9], "texture": "#0"},
				"down": {"uv": [7, 7, 9, 9], "texture": "#0"}
			}
		},
		{
			"from": [7, 16, 7],
			"to": [9, 32, 9],
			"rotation": {"angle": 0, "axis": "y", "origin": [15, 24, 15]},
			"faces": {
				"north": {"uv": [7, 0, 9, 16], "texture": "#0"},
				"east": {"uv": [7, 0, 9, 16], "texture": "#0"},
				"south": {"uv": [7, 0, 9, 16], "texture": "#0"},
				"west": {"uv": [7, 0, 9, 16], "texture": "#0"},
				"up": {"uv": [7, 7, 9, 9], "texture": "#0"},
				"down": {"uv": [7, 7, 9, 9], "texture": "#0"}
			}
		},
		{
			"from": [7, -16, 7],
			"to": [9, 0, 9],
			"rotation": {"angle": 0, "axis": "y", "origin": [15, -8, 15]},
			"faces": {
				"north": {"uv": [7, 0, 9, 16], "texture": "#0"},
				"east": {"uv": [7, 0, 9, 16], "texture": "#0"},
				"south": {"uv": [7, 0, 9, 16], "texture": "#0"},
				"west": {"uv": [7, 0, 9, 16], "texture": "#0"},
				"up": {"uv": [7, 7, 9, 9], "texture": "#0"},
				"down": {"uv": [7, 7, 9, 9], "texture": "#0"}
			}
		}
	],
	"gui_light": "front",
	"display": {
		"thirdperson_righthand": {
			"rotation": [75, 45, 0],
			"translation": [0, 2.5, 0],
			"scale": [0.375, 0.375, 0.375]
		},
		"thirdperson_lefthand": {
			"rotation": [75, 45, 0],
			"translation": [0, 2.5, 0],
			"scale": [0.375, 0.375, 0.375]
		},
		"firstperson_righthand": {
			"rotation": [0, 45, 0],
			"scale": [0.4, 0.4, 0.4]
		},
		"firstperson_lefthand": {
			"rotation": [0, 225, 0],
			"scale": [0.4, 0.4, 0.4]
		},
		"ground": {
			"translation": [0, 3, 0],
			"scale": [0.25, 0.25, 0.25]
		},
		"gui": {
			"rotation": [30, 45, 0],
			"scale": [0.5, 0.5, 0.5]
		},
		"fixed": {
			"rotation": [-90, 0, 0],
			"translation": [0, 0, -46],
			"scale": [2, 2, 2]
		}
	},
	"groups": [
		{
			"name": "template_ts",
			"origin": [8, 8, 8],
			"children": [
				{
					"name": "traffic1",
					"origin": [8, 8, 8],
					"children": [0, 1, 2, 3, 4, 5, 6, 7, 8, 9]
				}
			]
		},
		{
			"name": "template_ts",
			"origin": [8, 8, 8],
			"children": [
				{
					"name": "traffic1",
					"origin": [8, 8, 8],
					"children": [10, 11, 12, 13, 14, 15, 16, 17, 18, 19]
				}
			]
		}, 20, 21, 22]
}