{
	"credit": "Yuushya",
	"ambientocclusion": false,
	"textures": {
		"0": "yuushya:block/machine",
		"1": "yuushya:block/dark_concrete",
		"2": "yuushya:0extra_building_material/preview/rice_cooker",
		"3": "yuushya:0extra_building_material/preview/note1/4",
		"particle": "yuushya:block/machine"
	},
	"elements": [
		{
			"from": [0, -5, 0],
			"to": [16, 6, 11],
			"rotation": {"angle": 0, "axis": "y", "origin": [16, 16, 6]},
			"faces": {
				"north": {"uv": [16, 0, 0, 11], "texture": "#0"},
				"east": {"uv": [11, 0, 0, 11], "texture": "#0"},
				"south": {"uv": [16, 0, 0, 11], "texture": "#0"},
				"west": {"uv": [11, 0, 0, 11], "texture": "#0"},
				"up": {"uv": [0, 11, 16, 0], "texture": "#0"},
				"down": {"uv": [0, 11, 16, 0], "texture": "#0"}
			}
		},
		{
			"from": [0, -16, 0],
			"to": [16, -5, 11],
			"rotation": {"angle": 0, "axis": "y", "origin": [16, 5, 6]},
			"faces": {
				"north": {"uv": [16, 0, 0, 11], "texture": "#0"},
				"east": {"uv": [11, 0, 0, 11], "texture": "#0"},
				"south": {"uv": [16, 0, 0, 11], "texture": "#0"},
				"west": {"uv": [11, 0, 0, 11], "texture": "#0"},
				"up": {"uv": [0, 11, 16, 0], "texture": "#0"},
				"down": {"uv": [0, 11, 16, 0], "texture": "#0"}
			}
		},
		{
			"from": [0, 6, 0],
			"to": [16, 16, 11],
			"rotation": {"angle": 0, "axis": "y", "origin": [16, 28, 6]},
			"faces": {
				"north": {"uv": [16, 0, 0, 10], "texture": "#0"},
				"east": {"uv": [11, 0, 0, 10], "texture": "#0"},
				"south": {"uv": [16, 0, 0, 10], "texture": "#0"},
				"west": {"uv": [11, 0, 0, 10], "texture": "#0"},
				"up": {"uv": [0, 11, 16, 0], "texture": "#0"},
				"down": {"uv": [0, 11, 16, 0], "texture": "#0"}
			}
		},
		{
			"from": [0, 16, 0],
			"to": [16, 28.6, 11],
			"rotation": {"angle": 0, "axis": "y", "origin": [16, 40, 6]},
			"faces": {
				"north": {"uv": [16, 0, 0, 12.6], "texture": "#0"},
				"east": {"uv": [11, 0, 0, 12.6], "texture": "#0"},
				"south": {"uv": [16, 0, 0, 12.5], "texture": "#0"},
				"west": {"uv": [11, 0, 0, 12.6], "texture": "#0"},
				"up": {"uv": [0, 11, 16, 0], "texture": "#0"},
				"down": {"uv": [0, 11, 16, 0], "texture": "#0"}
			}
		},
		{
			"from": [1.2, 24, 11.1],
			"to": [14.9, 25, 11.25],
			"rotation": {"angle": -45, "axis": "x", "origin": [8, 24.5, 11.125]},
			"faces": {
				"north": {"uv": [9, 0, 0, 1], "texture": "#0"},
				"east": {"uv": [0.25, 0, 0, 1], "texture": "#0"},
				"south": {"uv": [11, 0, 0, 1], "texture": "#0"},
				"west": {"uv": [0.25, 0, 0, 1], "texture": "#0"},
				"up": {"uv": [0, 0.25, 9, 0], "texture": "#0"},
				"down": {"uv": [0, 0.25, 9, 0], "texture": "#0"}
			}
		},
		{
			"from": [1.2, 23, 11.1],
			"to": [14.9, 24, 11.25],
			"rotation": {"angle": -45, "axis": "x", "origin": [8, 23.5, 11.125]},
			"faces": {
				"north": {"uv": [9, 0, 0, 1], "texture": "#0"},
				"east": {"uv": [0.25, 0, 0, 1], "texture": "#0"},
				"south": {"uv": [11, 0, 0, 1], "texture": "#0"},
				"west": {"uv": [0.25, 0, 0, 1], "texture": "#0"},
				"up": {"uv": [0, 0.25, 9, 0], "texture": "#0"},
				"down": {"uv": [0, 0.25, 9, 0], "texture": "#0"}
			}
		},
		{
			"from": [1.2, 22, 11.1],
			"to": [14.9, 23, 11.25],
			"rotation": {"angle": -45, "axis": "x", "origin": [8, 22.5, 11.125]},
			"faces": {
				"north": {"uv": [9, 0, 0, 1], "texture": "#0"},
				"east": {"uv": [0.25, 0, 0, 1], "texture": "#0"},
				"south": {"uv": [11, 0, 0, 1], "texture": "#0"},
				"west": {"uv": [0.25, 0, 0, 1], "texture": "#0"},
				"up": {"uv": [0, 0.25, 9, 0], "texture": "#0"},
				"down": {"uv": [0, 0.25, 9, 0], "texture": "#0"}
			}
		},
		{
			"from": [1.2, 21, 11.1],
			"to": [14.9, 22, 11.25],
			"rotation": {"angle": -45, "axis": "x", "origin": [8, 21.5, 11.125]},
			"faces": {
				"north": {"uv": [9, 0, 0, 1], "texture": "#0"},
				"east": {"uv": [0.25, 0, 0, 1], "texture": "#0"},
				"south": {"uv": [11, 0, 0, 1], "texture": "#0"},
				"west": {"uv": [0.25, 0, 0, 1], "texture": "#0"},
				"up": {"uv": [0, 0.25, 9, 0], "texture": "#0"},
				"down": {"uv": [0, 0.25, 9, 0], "texture": "#0"}
			}
		},
		{
			"from": [1.2, 20, 11.1],
			"to": [14.9, 21, 11.25],
			"rotation": {"angle": -45, "axis": "x", "origin": [8, 20.5, 11.125]},
			"faces": {
				"north": {"uv": [9, 0, 0, 1], "texture": "#0"},
				"east": {"uv": [0.25, 0, 0, 1], "texture": "#0"},
				"south": {"uv": [11, 0, 0, 1], "texture": "#0"},
				"west": {"uv": [0.25, 0, 0, 1], "texture": "#0"},
				"up": {"uv": [0, 0.25, 9, 0], "texture": "#0"},
				"down": {"uv": [0, 0.25, 9, 0], "texture": "#0"}
			}
		},
		{
			"from": [1.2, 19, 11.1],
			"to": [14.9, 20, 11.25],
			"rotation": {"angle": -45, "axis": "x", "origin": [8, 19.5, 11.125]},
			"faces": {
				"north": {"uv": [9, 0, 0, 1], "texture": "#0"},
				"east": {"uv": [0.25, 0, 0, 1], "texture": "#0"},
				"south": {"uv": [11, 0, 0, 1], "texture": "#0"},
				"west": {"uv": [0.25, 0, 0, 1], "texture": "#0"},
				"up": {"uv": [0, 0.25, 9, 0], "texture": "#0"},
				"down": {"uv": [0, 0.25, 9, 0], "texture": "#0"}
			}
		},
		{
			"from": [1.2, 18, 11.1],
			"to": [14.9, 19, 11.25],
			"rotation": {"angle": -45, "axis": "x", "origin": [8, 18.5, 11.125]},
			"faces": {
				"north": {"uv": [9, 0, 0, 1], "texture": "#0"},
				"east": {"uv": [0.25, 0, 0, 1], "texture": "#0"},
				"south": {"uv": [11, 0, 0, 1], "texture": "#0"},
				"west": {"uv": [0.25, 0, 0, 1], "texture": "#0"},
				"up": {"uv": [0, 0.25, 9, 0], "texture": "#0"},
				"down": {"uv": [0, 0.25, 9, 0], "texture": "#0"}
			}
		},
		{
			"from": [3.5, 11.005, 11],
			"to": [12.5, 13.005, 11.17],
			"rotation": {"angle": 0, "axis": "x", "origin": [8.25, 12.7, 11.125]},
			"faces": {
				"north": {"uv": [9, 0, 0, 2], "texture": "#0"},
				"east": {"uv": [0.17, 0, 0, 2], "texture": "#0"},
				"south": {"uv": [9, 0, 0, 2], "texture": "#0"},
				"west": {"uv": [0.17, 0, 0, 2], "texture": "#0"},
				"up": {"uv": [0, 0.17, 9, 0], "texture": "#0"},
				"down": {"uv": [0, 0.17, 9, 0], "texture": "#0"}
			}
		},
		{
			"from": [1.1, 17.305, 11],
			"to": [15, 25.305, 11.17],
			"rotation": {"angle": 0, "axis": "y", "origin": [7.85, 18, 11.125]},
			"faces": {
				"north": {"uv": [11, 0, 0, 8], "texture": "#1"},
				"east": {"uv": [0.17, 0, 0, 8], "texture": "#1"},
				"south": {"uv": [11, 0, 0, 8], "texture": "#1"},
				"west": {"uv": [0.17, 0, 0, 8], "texture": "#1"},
				"up": {"uv": [0, 0.17, 11, 0], "texture": "#1"},
				"down": {"uv": [0, 0.17, 11, 0], "texture": "#1"}
			}
		},
		{
			"from": [1.5, -12.995, 10.9],
			"to": [14.5, 3.005, 11.07],
			"rotation": {"angle": 0, "axis": "y", "origin": [8.25, -5.3, 11.025]},
			"faces": {
				"north": {"uv": [9, 0, 0, 13.3], "texture": "#1"},
				"east": {"uv": [0.17, 0, 0, 13.3], "texture": "#1"},
				"south": {"uv": [9, 0, 0, 13.3], "texture": "#1"},
				"west": {"uv": [0.17, 0, 0, 13.3], "texture": "#1"},
				"up": {"uv": [0, 0.17, 9, 0], "texture": "#1"},
				"down": {"uv": [0, 0.17, 9, 0], "texture": "#1"}
			}
		},
		{
			"from": [16.04, 8, 6],
			"to": [16.04, 15, 10],
			"rotation": {"angle": 0, "axis": "y", "origin": [23.1, 16, 2]},
			"faces": {
				"north": {"uv": [0, 0, 0, 7], "texture": "#missing"},
				"east": {"uv": [16, 0, 12, 7], "texture": "#2"},
				"south": {"uv": [0, 0, 0, 7], "texture": "#missing"},
				"west": {"uv": [16, 0, 12, 7], "texture": "#2"},
				"up": {"uv": [0, 4, 0, 0], "texture": "#missing"},
				"down": {"uv": [0, 4, 0, 0], "texture": "#missing"}
			}
		},
		{
			"from": [-0.1, 12, 5],
			"to": [-0.1, 20, 10],
			"rotation": {"angle": 0, "axis": "y", "origin": [7.9, 20, -2]},
			"faces": {
				"north": {"uv": [0, 0, 0, 16], "texture": "#3"},
				"east": {"uv": [16, 0, 0, 16], "texture": "#3"},
				"south": {"uv": [0, 0, 0, 16], "texture": "#3"},
				"west": {"uv": [7, 1, 2, 9], "texture": "#3"},
				"up": {"uv": [0, 16, 0, 0], "texture": "#3"},
				"down": {"uv": [0, 16, 0, 0], "texture": "#3"}
			}
		},
		{
			"from": [-0.1, 2, 4],
			"to": [-0.1, 10, 9],
			"rotation": {"angle": 0, "axis": "y", "origin": [7.9, 10, -3]},
			"faces": {
				"north": {"uv": [0, 0, 0, 16], "texture": "#3"},
				"east": {"uv": [16, 0, 0, 16], "texture": "#3"},
				"south": {"uv": [0, 0, 0, 16], "texture": "#3"},
				"west": {"uv": [14, 6, 9, 14], "texture": "#3"},
				"up": {"uv": [0, 16, 0, 0], "texture": "#3"},
				"down": {"uv": [0, 16, 0, 0], "texture": "#3"}
			}
		},
		{
			"from": [3.4, 5, 11.2],
			"to": [8.4, 13, 11.2],
			"rotation": {"angle": 0, "axis": "y", "origin": [-3.6, 13, 3.2]},
			"faces": {
				"north": {"uv": [16, 0, 0, 16], "texture": "#3"},
				"east": {"uv": [0, 0, 0, 16], "texture": "#3"},
				"south": {"uv": [7, 1, 2, 9], "texture": "#3"},
				"west": {"uv": [4, 0, 4, 16], "texture": "#3"},
				"up": {"uv": [0, 0, 0, 16], "rotation": 90, "texture": "#3"},
				"down": {"uv": [0, 0, 0, 16], "rotation": 270, "texture": "#3"}
			}
		}
	],
	"display": {
		"thirdperson_righthand": {
			"rotation": [75, 45, 0],
			"translation": [0, 2.5, 0],
			"scale": [0.375, 0.375, 0.375]
		},
		"thirdperson_lefthand": {
			"rotation": [75, 45, 0],
			"translation": [0, 2.5, 0],
			"scale": [0.375, 0.375, 0.375]
		},
		"firstperson_righthand": {
			"rotation": [0, 126, 0],
			"scale": [0.4, 0.4, 0.4]
		},
		"firstperson_lefthand": {
			"rotation": [0, 126, 0],
			"scale": [0.4, 0.4, 0.4]
		},
		"ground": {
			"translation": [0, 3, 0],
			"scale": [0.25, 0.25, 0.25]
		},
		"gui": {
			"rotation": [30, 45, 0],
			"translation": [1, 1, 0],
			"scale": [0.5, 0.5, 0.5]
		},
		"fixed": {
			"rotation": [-90, 0, 0],
			"translation": [0, 0, -46],
			"scale": [2, 2, 2]
		}
	}
}