{
	"credit": "Yuushya",
	"ambientocclusion": false,
	"textures": {
		"1": "yuushya:0extra_building_material/preview/dark_concrete",
		"2": "yuushya:0extra_building_material/preview/airc1",
		"3": "yuushya:block/hopper_outside",
		"4": "yuushya:0extra_building_material/preview/rice_cooker",
		"particle": "yuushya:block/hopper_outside"
	},
	"elements": [
		{
			"from": [1, -0.1, -0.1],
			"to": [25.2, 16.1, 12.1],
			"rotation": {"angle": 0, "axis": "y", "origin": [12.1, 8, 13]},
			"faces": {
				"north": {"uv": [12, 16, 0, 8], "rotation": 180, "texture": "#2"},
				"east": {"uv": [12, 16, 6, 8], "rotation": 180, "texture": "#2"},
				"south": {"uv": [12, 8, 0, 0], "rotation": 180, "texture": "#2"},
				"west": {"uv": [6, 16, 0, 8], "rotation": 180, "texture": "#2"},
				"up": {"uv": [0, 8.5, 12, 14.5], "rotation": 180, "texture": "#2"},
				"down": {"uv": [12, 14.5, 0, 8.5], "rotation": 180, "texture": "#2"}
			}
		},
		{
			"from": [0.95, 1, 1],
			"to": [25.25, 8, 6],
			"rotation": {"angle": 0, "axis": "y", "origin": [32.3, 9, 9]},
			"faces": {
				"north": {"uv": [8.5, 3, 11, 7], "texture": "#2"},
				"east": {"uv": [8.5, 3.5, 11, 7], "texture": "#2"},
				"south": {"uv": [8.5, 3, 11, 7], "texture": "#2"},
				"west": {"uv": [8.5, 3.5, 11, 7], "texture": "#2"},
				"up": {"uv": [0, 0, 0.5, 2.5], "texture": "#2"},
				"down": {"uv": [0, 0, 0.5, 2.5], "texture": "#2"}
			}
		},
		{
			"from": [0.95, 8, 1],
			"to": [25.25, 15, 6],
			"rotation": {"angle": 0, "axis": "y", "origin": [32.3, 16, 9]},
			"faces": {
				"north": {"uv": [8.5, 3, 9, 6.5], "texture": "#2"},
				"east": {"uv": [8.5, 3, 11, 6.5], "texture": "#2"},
				"south": {"uv": [8.5, 3, 9, 6.5], "texture": "#2"},
				"west": {"uv": [8.5, 3, 11, 6.5], "texture": "#2"},
				"up": {"uv": [0, 0, 0.5, 2.5], "texture": "#2"},
				"down": {"uv": [0, 0, 0.5, 2.5], "texture": "#2"}
			}
		},
		{
			"from": [0.1, -0.9, 0],
			"to": [13.1, 0.1, 13],
			"rotation": {"angle": 0, "axis": "y", "origin": [13.1, 7.1, 8]},
			"faces": {
				"north": {"uv": [0, 0, 13, 1], "texture": "#3"},
				"east": {"uv": [0, 0, 13, 1], "texture": "#3"},
				"south": {"uv": [0, 0, 13, 1], "texture": "#3"},
				"west": {"uv": [0, 0, 13, 1], "texture": "#3"},
				"up": {"uv": [0, 0, 13, 13], "texture": "#3"},
				"down": {"uv": [0, 0, 13, 13], "texture": "#3"}
			}
		},
		{
			"from": [13.1, -0.9, 0],
			"to": [26.1, 0.1, 13],
			"rotation": {"angle": 0, "axis": "y", "origin": [26.1, 7.1, 8]},
			"faces": {
				"north": {"uv": [0, 0, 13, 1], "texture": "#3"},
				"east": {"uv": [0, 0, 13, 1], "texture": "#3"},
				"south": {"uv": [0, 0, 13, 1], "texture": "#3"},
				"west": {"uv": [0, 0, 13, 1], "texture": "#3"},
				"up": {"uv": [3, 0, 16, 13], "texture": "#3"},
				"down": {"uv": [3, 0, 16, 13], "texture": "#3"}
			}
		},
		{
			"from": [7.01852, -3.11802, -2.5],
			"to": [9.01852, -1.11802, 10.5],
			"rotation": {"angle": -22.5, "axis": "x", "origin": [13.01852, -2.11802, 5]},
			"faces": {
				"north": {"uv": [0, 0, 2, 2], "texture": "#1"},
				"east": {"uv": [0, 0, 11, 2], "texture": "#1"},
				"south": {"uv": [0, 0, 2, 2], "texture": "#1"},
				"west": {"uv": [0, 0, 11, 2], "texture": "#1"},
				"up": {"uv": [0, 0, 11, 2], "rotation": 90, "texture": "#1"},
				"down": {"uv": [0, 0, 11, 2], "rotation": 270, "texture": "#1"}
			}
		},
		{
			"from": [17.01852, -3.11802, -2.5],
			"to": [19.01852, -1.11802, 10.5],
			"rotation": {"angle": -22.5, "axis": "x", "origin": [13.01852, -2.11802, 5]},
			"faces": {
				"north": {"uv": [0, 0, 2, 2], "texture": "#1"},
				"east": {"uv": [0, 0, 11, 2], "texture": "#1"},
				"south": {"uv": [0, 0, 2, 2], "texture": "#1"},
				"west": {"uv": [0, 0, 11, 2], "texture": "#1"},
				"up": {"uv": [0, 0, 11, 2], "rotation": 90, "texture": "#1"},
				"down": {"uv": [0, 0, 11, 2], "rotation": 270, "texture": "#1"}
			}
		},
		{
			"from": [15.95, 8, 7],
			"to": [25.25, 15, 11],
			"rotation": {"angle": 0, "axis": "y", "origin": [32.3, 16, 15]},
			"faces": {
				"north": {"uv": [8.5, 3, 9, 6.5], "texture": "#4"},
				"east": {"uv": [12, 0, 16, 7], "texture": "#4"},
				"south": {"uv": [8.5, 3, 9, 6.5], "texture": "#4"},
				"west": {"uv": [8.5, 3, 11, 6.5], "texture": "#4"},
				"up": {"uv": [0, 0, 0.5, 2.5], "texture": "#4"},
				"down": {"uv": [0, 0, 0.5, 2.5], "texture": "#4"}
			}
		}
	],
	"gui_light": "front",
	"display": {
		"thirdperson_righthand": {
			"rotation": [75, 45, 0],
			"translation": [0, 2.5, 0],
			"scale": [0.375, 0.375, 0.375]
		},
		"thirdperson_lefthand": {
			"rotation": [75, 45, 0],
			"translation": [0, 2.5, 0],
			"scale": [0.375, 0.375, 0.375]
		},
		"firstperson_righthand": {
			"rotation": [0, 45, 0],
			"scale": [0.4, 0.4, 0.4]
		},
		"firstperson_lefthand": {
			"rotation": [0, 225, 0],
			"scale": [0.4, 0.4, 0.4]
		},
		"ground": {
			"translation": [0, 3, 0],
			"scale": [0.25, 0.25, 0.25]
		},
		"gui": {
			"rotation": [30, 45, 0],
			"translation": [-2, 0, 0],
			"scale": [0.625, 0.625, 0.625]
		},
		"fixed": {
			"rotation": [0, -180, 0],
			"translation": [0, 0, -14],
			"scale": [2, 2, 2]
		}
	}
}