{
	"credit": "Yuushya",
	"ambientocclusion": false,
	"textures": {
		"0": "yuushya:0extra_building_material/preview/bin",
		"particle": "yuushya:0extra_building_material/preview/bottle",
		"2_0": "yuushya:0extra_building_material/preview/bottle"
	},
	"elements": [
		{
			"from": [2, 0, 1],
			"to": [14, 2, 15],
			"rotation": {"angle": 0, "axis": "y", "origin": [10, 8, 8]},
			"faces": {
				"north": {"uv": [1, 7.5, 13, 8.5], "texture": "#0"},
				"east": {"uv": [0.5, 7.5, 14.5, 8.5], "texture": "#0"},
				"south": {"uv": [1, 7.5, 13, 8.5], "texture": "#0"},
				"west": {"uv": [0.5, 7.5, 14.5, 8.5], "texture": "#0"},
				"up": {"uv": [1, 0.5, 13, 14.5], "texture": "#0"},
				"down": {"uv": [2, 1, 14, 15], "texture": "#0"}
			}
		},
		{
			"from": [1, 0, 0],
			"to": [2, 16, 4],
			"rotation": {"angle": 0, "axis": "y", "origin": [9, 8, 8]},
			"faces": {
				"north": {"uv": [0, 0, 1, 16], "texture": "#0"},
				"east": {"uv": [13, 0, 14, 16], "texture": "#0"},
				"south": {"uv": [0.5, 0, 1.5, 16], "texture": "#0"},
				"west": {"uv": [12, 0, 16, 16], "texture": "#0"},
				"up": {"uv": [0, 0, 1, 4], "texture": "#0"},
				"down": {"uv": [0, 6, 1, 10], "texture": "#0"}
			}
		},
		{
			"from": [14, 0, 0],
			"to": [15, 16, 4],
			"rotation": {"angle": 0, "axis": "y", "origin": [22, 8, 8]},
			"faces": {
				"north": {"uv": [0, 0, 1, 16], "texture": "#0"},
				"east": {"uv": [0, 0, 4, 16], "texture": "#0"},
				"south": {"uv": [7, 0, 8, 16], "texture": "#0"},
				"west": {"uv": [13, 0, 14, 16], "texture": "#0"},
				"up": {"uv": [7, 0, 8, 4], "texture": "#0"},
				"down": {"uv": [7, 6, 8, 10], "texture": "#0"}
			}
		},
		{
			"from": [1, 0, 12],
			"to": [2, 16, 16],
			"rotation": {"angle": 0, "axis": "y", "origin": [9, 8, 20]},
			"faces": {
				"north": {"uv": [7, 0, 8, 16], "texture": "#0"},
				"east": {"uv": [13, 0, 14, 16], "texture": "#0"},
				"south": {"uv": [0, 0, 1, 16], "texture": "#0"},
				"west": {"uv": [0, 0, 4, 16], "texture": "#0"},
				"up": {"uv": [0, 6, 1, 10], "texture": "#0"},
				"down": {"uv": [0, 0, 1, 4], "texture": "#0"}
			}
		},
		{
			"from": [14, 0, 12],
			"to": [15, 16, 16],
			"rotation": {"angle": 0, "axis": "y", "origin": [22, 8, 20]},
			"faces": {
				"north": {"uv": [0.5, 0, 1.5, 16], "texture": "#0"},
				"east": {"uv": [12, 0, 16, 16], "texture": "#0"},
				"south": {"uv": [0, 0, 1, 16], "texture": "#0"},
				"west": {"uv": [13, 0, 14, 16], "texture": "#0"},
				"up": {"uv": [7, 6, 8, 10], "texture": "#0"},
				"down": {"uv": [7, 0, 8, 4], "texture": "#0"}
			}
		},
		{
			"from": [1, 0, 4],
			"to": [2, 10, 12],
			"rotation": {"angle": 0, "axis": "y", "origin": [9, 9, 12]},
			"faces": {
				"north": {"uv": [7, 3, 8, 13], "texture": "#0"},
				"east": {"uv": [2, 3, 10, 13], "texture": "#0"},
				"south": {"uv": [0.5, 3, 1.5, 13], "texture": "#0"},
				"west": {"uv": [3, 0, 11, 10], "texture": "#0"},
				"up": {"uv": [0.5, 2, 1.5, 10], "texture": "#0"},
				"down": {"uv": [0, 2, 1, 10], "texture": "#0"}
			}
		},
		{
			"from": [14, 0, 4],
			"to": [15, 10, 12],
			"rotation": {"angle": 0, "axis": "y", "origin": [22, 9, 12]},
			"faces": {
				"north": {"uv": [0.5, 3, 1.5, 13], "texture": "#0"},
				"east": {"uv": [2, 0, 10, 10], "texture": "#0"},
				"south": {"uv": [7, 3, 8, 13], "texture": "#0"},
				"west": {"uv": [2, 3, 10, 13], "texture": "#0"},
				"up": {"uv": [7, 2, 8, 10], "texture": "#0"},
				"down": {"uv": [7, 2, 8, 10], "texture": "#0"}
			}
		},
		{
			"from": [1, 12, 4],
			"to": [2, 15, 12],
			"rotation": {"angle": 0, "axis": "y", "origin": [9, 16, 12]},
			"faces": {
				"north": {"uv": [7, 0, 8, 3], "texture": "#0"},
				"east": {"uv": [2, 0, 10, 3], "texture": "#0"},
				"south": {"uv": [0.5, 0, 1.5, 3], "texture": "#0"},
				"west": {"uv": [5, 0, 13, 3], "texture": "#0"},
				"up": {"uv": [0, 2, 1, 10], "texture": "#0"},
				"down": {"uv": [0.5, 2, 1.5, 10], "texture": "#0"}
			}
		},
		{
			"from": [14, 12, 4],
			"to": [15, 15, 12],
			"rotation": {"angle": 0, "axis": "y", "origin": [22, 16, 12]},
			"faces": {
				"north": {"uv": [0.5, 0, 1.5, 3], "texture": "#0"},
				"east": {"uv": [3, 13, 11, 16], "texture": "#0"},
				"south": {"uv": [7, 0, 8, 3], "texture": "#0"},
				"west": {"uv": [2, 0, 10, 3], "texture": "#0"},
				"up": {"uv": [7, 2, 8, 10], "texture": "#0"},
				"down": {"uv": [7, 2, 8, 10], "texture": "#0"}
			}
		},
		{
			"from": [2, 0, 0],
			"to": [14, 6, 1],
			"rotation": {"angle": 0, "axis": "y", "origin": [10, 8, 8]},
			"faces": {
				"north": {"uv": [4, 0, 16, 6], "texture": "#0"},
				"east": {"uv": [7.5, 5, 8.5, 11], "texture": "#0"},
				"south": {"uv": [1, 5, 13, 11], "texture": "#0"},
				"west": {"uv": [0, 5, 1, 11], "texture": "#0"},
				"up": {"uv": [1, 0, 13, 1], "texture": "#0"},
				"down": {"uv": [1, 7, 13, 8], "texture": "#0"}
			}
		},
		{
			"from": [2, 0, 15],
			"to": [14, 6, 16],
			"rotation": {"angle": 0, "axis": "y", "origin": [10, 8, 23]},
			"faces": {
				"north": {"uv": [1, 5, 13, 11], "texture": "#0"},
				"east": {"uv": [0, 5, 1, 11], "texture": "#0"},
				"south": {"uv": [1.5, 0, 13.5, 6], "texture": "#0"},
				"west": {"uv": [7.5, 5, 8.5, 11], "texture": "#0"},
				"up": {"uv": [1, 7.5, 13, 8.5], "texture": "#0"},
				"down": {"uv": [1, 0, 13, 1], "texture": "#0"}
			}
		},
		{
			"from": [2, 11, 0],
			"to": [14, 15, 1],
			"rotation": {"angle": 0, "axis": "y", "origin": [10, 17, 8]},
			"faces": {
				"north": {"uv": [0, 12, 12, 16], "texture": "#0"},
				"east": {"uv": [7.5, 0, 8.5, 4], "texture": "#0"},
				"south": {"uv": [1, 0, 13, 4], "texture": "#0"},
				"west": {"uv": [0, 0, 1, 4], "texture": "#0"},
				"up": {"uv": [1, 0, 13, 1], "texture": "#0"},
				"down": {"uv": [1, 7.5, 13, 8.5], "texture": "#0"}
			}
		},
		{
			"from": [2, 11, 15],
			"to": [14, 15, 16],
			"rotation": {"angle": 0, "axis": "y", "origin": [10, 17, 23]},
			"faces": {
				"north": {"uv": [1, 0, 13, 4], "texture": "#0"},
				"east": {"uv": [0, 0, 1, 4], "texture": "#0"},
				"south": {"uv": [0, 12, 12, 16], "texture": "#0"},
				"west": {"uv": [7.5, 0, 8.5, 4], "texture": "#0"},
				"up": {"uv": [1, 7, 13, 8], "texture": "#0"},
				"down": {"uv": [1, 0, 13, 1], "texture": "#0"}
			}
		},
		{
			"from": [2, 6, 0.5],
			"to": [14, 11, 1],
			"rotation": {"angle": 0, "axis": "y", "origin": [2, 14, 8]},
			"faces": {
				"north": {"uv": [2, 7, 14, 12], "texture": "#0"},
				"east": {"uv": [7.5, 2, 8, 7], "texture": "#0"},
				"south": {"uv": [1, 2, 13, 7], "texture": "#0"},
				"west": {"uv": [0.25, 2, 0.75, 7], "texture": "#0"},
				"up": {"uv": [1, 0.25, 13, 0.75], "texture": "#0"},
				"down": {"uv": [1, 7.5, 13, 8], "texture": "#0"}
			}
		},
		{
			"from": [2, 6, 15],
			"to": [14, 11, 15.5],
			"rotation": {"angle": 0, "axis": "y", "origin": [2, 14, 22.5]},
			"faces": {
				"north": {"uv": [1, 2, 13, 7], "texture": "#0"},
				"east": {"uv": [0.25, 2, 0.75, 7], "texture": "#0"},
				"south": {"uv": [2, 7, 14, 12], "texture": "#0"},
				"west": {"uv": [7.5, 2, 8, 7], "texture": "#0"},
				"up": {"uv": [1, 7.5, 13, 8], "texture": "#0"},
				"down": {"uv": [1, 0.25, 13, 0.75], "texture": "#0"}
			}
		},
		{
			"from": [10, 2, 6],
			"to": [14, 10, 10],
			"rotation": {"angle": 0, "axis": "y", "origin": [18, 10, 14]},
			"faces": {
				"north": {"uv": [0, 6, 4, 14], "texture": "#2_0"},
				"east": {"uv": [0, 6, 4, 14], "texture": "#2_0"},
				"south": {"uv": [0, 6, 4, 14], "texture": "#2_0"},
				"west": {"uv": [0, 6, 4, 14], "texture": "#2_0"},
				"up": {"uv": [0, 5, 1, 6], "rotation": 180, "texture": "#2_0"},
				"down": {"uv": [5, 10, 9, 14], "texture": "#2_0"}
			}
		},
		{
			"from": [10.5, 10, 6.5],
			"to": [13.5, 11, 9.5],
			"rotation": {"angle": 0, "axis": "y", "origin": [18.5, 18, 14.5]},
			"faces": {
				"north": {"uv": [0, 5, 1, 6], "rotation": 180, "texture": "#2_0"},
				"east": {"uv": [0, 5, 1, 6], "rotation": 180, "texture": "#2_0"},
				"south": {"uv": [0, 5, 1, 6], "rotation": 180, "texture": "#2_0"},
				"west": {"uv": [0, 5, 1, 6], "rotation": 180, "texture": "#2_0"},
				"up": {"uv": [0, 5, 1, 6], "rotation": 180, "texture": "#2_0"},
				"down": {"uv": [0, 5, 1, 6], "rotation": 180, "texture": "#2_0"}
			}
		},
		{
			"from": [11, 11, 7],
			"to": [13, 15, 9],
			"rotation": {"angle": 0, "axis": "y", "origin": [19, 21, 14]},
			"faces": {
				"north": {"uv": [0, 0, 2, 4], "texture": "#2_0"},
				"east": {"uv": [0, 0, 2, 4], "texture": "#2_0"},
				"south": {"uv": [0, 0, 2, 4], "texture": "#2_0"},
				"west": {"uv": [0, 0, 2, 4], "texture": "#2_0"},
				"up": {"uv": [0, 0, 2, 2], "texture": "#2_0"},
				"down": {"uv": [0, 0, 2, 2], "texture": "#2_0"}
			}
		},
		{
			"from": [10, 2, 11],
			"to": [14, 10, 15],
			"rotation": {"angle": 0, "axis": "y", "origin": [18, 10, 19]},
			"faces": {
				"north": {"uv": [5, 6, 9, 14], "texture": "#2_0"},
				"east": {"uv": [5, 6, 9, 14], "texture": "#2_0"},
				"south": {"uv": [5, 6, 9, 14], "texture": "#2_0"},
				"west": {"uv": [5, 6, 9, 14], "texture": "#2_0"},
				"up": {"uv": [5, 4, 6, 5], "texture": "#2_0"},
				"down": {"uv": [5, 10, 9, 14], "texture": "#2_0"}
			}
		},
		{
			"from": [10, 2, 1],
			"to": [14, 10, 5],
			"rotation": {"angle": 0, "axis": "y", "origin": [18, 10, 9]},
			"faces": {
				"north": {"uv": [5, 6, 9, 14], "texture": "#2_0"},
				"east": {"uv": [5, 6, 9, 14], "texture": "#2_0"},
				"south": {"uv": [5, 6, 9, 14], "texture": "#2_0"},
				"west": {"uv": [5, 6, 9, 14], "texture": "#2_0"},
				"up": {"uv": [5, 4, 6, 5], "texture": "#2_0"},
				"down": {"uv": [5, 10, 9, 14], "texture": "#2_0"}
			}
		},
		{
			"from": [10.5, 10, 11.5],
			"to": [13.5, 11, 14.5],
			"rotation": {"angle": 0, "axis": "y", "origin": [18.5, 18, 19.5]},
			"faces": {
				"north": {"uv": [5, 4, 6, 5], "texture": "#2_0"},
				"east": {"uv": [5, 4, 6, 5], "texture": "#2_0"},
				"south": {"uv": [5, 4, 6, 5], "texture": "#2_0"},
				"west": {"uv": [5, 4, 6, 5], "texture": "#2_0"},
				"up": {"uv": [5, 4, 6, 5], "texture": "#2_0"},
				"down": {"uv": [5, 4, 6, 5], "texture": "#2_0"}
			}
		},
		{
			"from": [10.5, 10, 1.5],
			"to": [13.5, 11, 4.5],
			"rotation": {"angle": 0, "axis": "y", "origin": [18.5, 18, 9.5]},
			"faces": {
				"north": {"uv": [5, 4, 6, 5], "texture": "#2_0"},
				"east": {"uv": [5, 4, 6, 5], "texture": "#2_0"},
				"south": {"uv": [5, 4, 6, 5], "texture": "#2_0"},
				"west": {"uv": [5, 4, 6, 5], "texture": "#2_0"},
				"up": {"uv": [5, 4, 6, 5], "texture": "#2_0"},
				"down": {"uv": [5, 4, 6, 5], "texture": "#2_0"}
			}
		},
		{
			"from": [11, 11, 12],
			"to": [13, 15, 14],
			"rotation": {"angle": 0, "axis": "y", "origin": [19, 21, 19]},
			"faces": {
				"north": {"uv": [5, 0, 7, 4], "texture": "#2_0"},
				"east": {"uv": [5, 0, 7, 4], "texture": "#2_0"},
				"south": {"uv": [5, 0, 7, 4], "texture": "#2_0"},
				"west": {"uv": [5, 0, 7, 4], "texture": "#2_0"},
				"up": {"uv": [5, 0, 7, 2], "texture": "#2_0"},
				"down": {"uv": [5, 0, 7, 2], "texture": "#2_0"}
			}
		},
		{
			"from": [11, 11, 2],
			"to": [13, 15, 4],
			"rotation": {"angle": 0, "axis": "y", "origin": [19, 21, 9]},
			"faces": {
				"north": {"uv": [5, 0, 7, 4], "texture": "#2_0"},
				"east": {"uv": [5, 0, 7, 4], "texture": "#2_0"},
				"south": {"uv": [5, 0, 7, 4], "texture": "#2_0"},
				"west": {"uv": [5, 0, 7, 4], "texture": "#2_0"},
				"up": {"uv": [5, 0, 7, 2], "texture": "#2_0"},
				"down": {"uv": [5, 0, 7, 2], "texture": "#2_0"}
			}
		},
		{
			"from": [6, 2, 6],
			"to": [10, 10, 10],
			"rotation": {"angle": 0, "axis": "y", "origin": [8, 9.83333, 8]},
			"faces": {
				"north": {"uv": [0, 6, 4, 14], "texture": "#2_0"},
				"east": {"uv": [0, 6, 4, 14], "texture": "#2_0"},
				"south": {"uv": [0, 6, 4, 14], "texture": "#2_0"},
				"west": {"uv": [0, 6, 4, 14], "texture": "#2_0"},
				"up": {"uv": [0, 5, 1, 6], "rotation": 180, "texture": "#2_0"},
				"down": {"uv": [5, 10, 9, 14], "rotation": 180, "texture": "#2_0"}
			}
		},
		{
			"from": [6.5, 10, 6.5],
			"to": [9.5, 11, 9.5],
			"rotation": {"angle": 0, "axis": "y", "origin": [8, 9.83333, 8]},
			"faces": {
				"north": {"uv": [0, 5, 1, 6], "rotation": 180, "texture": "#2_0"},
				"east": {"uv": [0, 5, 1, 6], "rotation": 180, "texture": "#2_0"},
				"south": {"uv": [0, 5, 1, 6], "rotation": 180, "texture": "#2_0"},
				"west": {"uv": [0, 5, 1, 6], "rotation": 180, "texture": "#2_0"},
				"up": {"uv": [0, 5, 1, 6], "rotation": 180, "texture": "#2_0"},
				"down": {"uv": [0, 5, 1, 6], "rotation": 180, "texture": "#2_0"}
			}
		},
		{
			"from": [7, 11, 7],
			"to": [9, 15, 9],
			"rotation": {"angle": 0, "axis": "y", "origin": [8, 9.83333, 8]},
			"faces": {
				"north": {"uv": [0, 0, 2, 4], "texture": "#2_0"},
				"east": {"uv": [0, 0, 2, 4], "texture": "#2_0"},
				"south": {"uv": [0, 0, 2, 4], "texture": "#2_0"},
				"west": {"uv": [0, 0, 2, 4], "texture": "#2_0"},
				"up": {"uv": [0, 0, 2, 2], "rotation": 180, "texture": "#2_0"},
				"down": {"uv": [0, 0, 2, 2], "rotation": 180, "texture": "#2_0"}
			}
		},
		{
			"from": [6, 2, 1],
			"to": [10, 10, 5],
			"rotation": {"angle": 0, "axis": "y", "origin": [8, 9.83333, 8]},
			"faces": {
				"north": {"uv": [5, 6, 9, 14], "texture": "#2_0"},
				"east": {"uv": [5, 6, 9, 14], "texture": "#2_0"},
				"south": {"uv": [5, 6, 9, 14], "texture": "#2_0"},
				"west": {"uv": [5, 6, 9, 14], "texture": "#2_0"},
				"up": {"uv": [5, 4, 6, 5], "rotation": 180, "texture": "#2_0"},
				"down": {"uv": [5, 10, 9, 14], "rotation": 180, "texture": "#2_0"}
			}
		},
		{
			"from": [6, 2, 11],
			"to": [10, 10, 15],
			"rotation": {"angle": 0, "axis": "y", "origin": [8, 9.83333, 8]},
			"faces": {
				"north": {"uv": [5, 6, 9, 14], "texture": "#2_0"},
				"east": {"uv": [5, 6, 9, 14], "texture": "#2_0"},
				"south": {"uv": [5, 6, 9, 14], "texture": "#2_0"},
				"west": {"uv": [5, 6, 9, 14], "texture": "#2_0"},
				"up": {"uv": [5, 4, 6, 5], "rotation": 180, "texture": "#2_0"},
				"down": {"uv": [5, 10, 9, 14], "rotation": 180, "texture": "#2_0"}
			}
		},
		{
			"from": [6.5, 10, 1.5],
			"to": [9.5, 11, 4.5],
			"rotation": {"angle": 0, "axis": "y", "origin": [8, 9.83333, 8]},
			"faces": {
				"north": {"uv": [5, 4, 6, 5], "texture": "#2_0"},
				"east": {"uv": [5, 4, 6, 5], "texture": "#2_0"},
				"south": {"uv": [5, 4, 6, 5], "texture": "#2_0"},
				"west": {"uv": [5, 4, 6, 5], "texture": "#2_0"},
				"up": {"uv": [5, 4, 6, 5], "rotation": 180, "texture": "#2_0"},
				"down": {"uv": [5, 4, 6, 5], "rotation": 180, "texture": "#2_0"}
			}
		},
		{
			"from": [6.5, 10, 11.5],
			"to": [9.5, 11, 14.5],
			"rotation": {"angle": 0, "axis": "y", "origin": [8, 9.83333, 8]},
			"faces": {
				"north": {"uv": [5, 4, 6, 5], "texture": "#2_0"},
				"east": {"uv": [5, 4, 6, 5], "texture": "#2_0"},
				"south": {"uv": [5, 4, 6, 5], "texture": "#2_0"},
				"west": {"uv": [5, 4, 6, 5], "texture": "#2_0"},
				"up": {"uv": [5, 4, 6, 5], "rotation": 180, "texture": "#2_0"},
				"down": {"uv": [5, 4, 6, 5], "rotation": 180, "texture": "#2_0"}
			}
		},
		{
			"from": [7, 11, 2],
			"to": [9, 15, 4],
			"rotation": {"angle": 0, "axis": "y", "origin": [8, 9.83333, 8]},
			"faces": {
				"north": {"uv": [5, 0, 7, 4], "texture": "#2_0"},
				"east": {"uv": [5, 0, 7, 4], "texture": "#2_0"},
				"south": {"uv": [5, 0, 7, 4], "texture": "#2_0"},
				"west": {"uv": [5, 0, 7, 4], "texture": "#2_0"},
				"up": {"uv": [5, 0, 7, 2], "rotation": 180, "texture": "#2_0"},
				"down": {"uv": [5, 0, 7, 2], "rotation": 180, "texture": "#2_0"}
			}
		},
		{
			"from": [7, 11, 12],
			"to": [9, 15, 14],
			"rotation": {"angle": 0, "axis": "y", "origin": [8, 9.83333, 8]},
			"faces": {
				"north": {"uv": [5, 0, 7, 4], "texture": "#2_0"},
				"east": {"uv": [5, 0, 7, 4], "texture": "#2_0"},
				"south": {"uv": [5, 0, 7, 4], "texture": "#2_0"},
				"west": {"uv": [5, 0, 7, 4], "texture": "#2_0"},
				"up": {"uv": [5, 0, 7, 2], "rotation": 180, "texture": "#2_0"},
				"down": {"uv": [5, 0, 7, 2], "rotation": 180, "texture": "#2_0"}
			}
		},
		{
			"from": [2, 2, 6],
			"to": [6, 10, 10],
			"rotation": {"angle": 0, "axis": "y", "origin": [4, 9.83333, 8]},
			"faces": {
				"north": {"uv": [0, 6, 4, 14], "texture": "#2_0"},
				"east": {"uv": [0, 6, 4, 14], "texture": "#2_0"},
				"south": {"uv": [0, 6, 4, 14], "texture": "#2_0"},
				"west": {"uv": [0, 6, 4, 14], "texture": "#2_0"},
				"up": {"uv": [0, 5, 1, 6], "rotation": 180, "texture": "#2_0"},
				"down": {"uv": [5, 10, 9, 14], "texture": "#2_0"}
			}
		},
		{
			"from": [2.5, 10, 6.5],
			"to": [5.5, 11, 9.5],
			"rotation": {"angle": 0, "axis": "y", "origin": [4, 9.83333, 8]},
			"faces": {
				"north": {"uv": [0, 5, 1, 6], "rotation": 180, "texture": "#2_0"},
				"east": {"uv": [0, 5, 1, 6], "rotation": 180, "texture": "#2_0"},
				"south": {"uv": [0, 5, 1, 6], "rotation": 180, "texture": "#2_0"},
				"west": {"uv": [0, 5, 1, 6], "rotation": 180, "texture": "#2_0"},
				"up": {"uv": [0, 5, 1, 6], "rotation": 180, "texture": "#2_0"},
				"down": {"uv": [0, 5, 1, 6], "rotation": 180, "texture": "#2_0"}
			}
		},
		{
			"from": [3, 11, 7],
			"to": [5, 15, 9],
			"rotation": {"angle": 0, "axis": "y", "origin": [4, 9.83333, 8]},
			"faces": {
				"north": {"uv": [0, 0, 2, 4], "texture": "#2_0"},
				"east": {"uv": [0, 0, 2, 4], "texture": "#2_0"},
				"south": {"uv": [0, 0, 2, 4], "texture": "#2_0"},
				"west": {"uv": [0, 0, 2, 4], "texture": "#2_0"},
				"up": {"uv": [0, 0, 2, 2], "texture": "#2_0"},
				"down": {"uv": [0, 0, 2, 2], "texture": "#2_0"}
			}
		},
		{
			"from": [2, 2, 11],
			"to": [6, 10, 15],
			"rotation": {"angle": 0, "axis": "y", "origin": [4, 9.83333, 8]},
			"faces": {
				"north": {"uv": [5, 6, 9, 14], "texture": "#2_0"},
				"east": {"uv": [5, 6, 9, 14], "texture": "#2_0"},
				"south": {"uv": [5, 6, 9, 14], "texture": "#2_0"},
				"west": {"uv": [5, 6, 9, 14], "texture": "#2_0"},
				"up": {"uv": [5, 4, 6, 5], "texture": "#2_0"},
				"down": {"uv": [5, 10, 9, 14], "texture": "#2_0"}
			}
		},
		{
			"from": [2, 2, 1],
			"to": [6, 10, 5],
			"rotation": {"angle": 0, "axis": "y", "origin": [4, 9.83333, 8]},
			"faces": {
				"north": {"uv": [5, 6, 9, 14], "texture": "#2_0"},
				"east": {"uv": [5, 6, 9, 14], "texture": "#2_0"},
				"south": {"uv": [5, 6, 9, 14], "texture": "#2_0"},
				"west": {"uv": [5, 6, 9, 14], "texture": "#2_0"},
				"up": {"uv": [5, 4, 6, 5], "texture": "#2_0"},
				"down": {"uv": [5, 10, 9, 14], "texture": "#2_0"}
			}
		},
		{
			"from": [2.5, 10, 11.5],
			"to": [5.5, 11, 14.5],
			"rotation": {"angle": 0, "axis": "y", "origin": [4, 9.83333, 8]},
			"faces": {
				"north": {"uv": [5, 4, 6, 5], "texture": "#2_0"},
				"east": {"uv": [5, 4, 6, 5], "texture": "#2_0"},
				"south": {"uv": [5, 4, 6, 5], "texture": "#2_0"},
				"west": {"uv": [5, 4, 6, 5], "texture": "#2_0"},
				"up": {"uv": [5, 4, 6, 5], "texture": "#2_0"},
				"down": {"uv": [5, 4, 6, 5], "texture": "#2_0"}
			}
		},
		{
			"from": [2.5, 10, 1.5],
			"to": [5.5, 11, 4.5],
			"rotation": {"angle": 0, "axis": "y", "origin": [4, 9.83333, 8]},
			"faces": {
				"north": {"uv": [5, 4, 6, 5], "texture": "#2_0"},
				"east": {"uv": [5, 4, 6, 5], "texture": "#2_0"},
				"south": {"uv": [5, 4, 6, 5], "texture": "#2_0"},
				"west": {"uv": [5, 4, 6, 5], "texture": "#2_0"},
				"up": {"uv": [5, 4, 6, 5], "texture": "#2_0"},
				"down": {"uv": [5, 4, 6, 5], "texture": "#2_0"}
			}
		},
		{
			"from": [3, 11, 12],
			"to": [5, 15, 14],
			"rotation": {"angle": 0, "axis": "y", "origin": [4, 9.83333, 8]},
			"faces": {
				"north": {"uv": [5, 0, 7, 4], "texture": "#2_0"},
				"east": {"uv": [5, 0, 7, 4], "texture": "#2_0"},
				"south": {"uv": [5, 0, 7, 4], "texture": "#2_0"},
				"west": {"uv": [5, 0, 7, 4], "texture": "#2_0"},
				"up": {"uv": [5, 0, 7, 2], "texture": "#2_0"},
				"down": {"uv": [5, 0, 7, 2], "texture": "#2_0"}
			}
		},
		{
			"from": [3, 11, 2],
			"to": [5, 15, 4],
			"rotation": {"angle": 0, "axis": "y", "origin": [4, 9.83333, 8]},
			"faces": {
				"north": {"uv": [5, 0, 7, 4], "texture": "#2_0"},
				"east": {"uv": [5, 0, 7, 4], "texture": "#2_0"},
				"south": {"uv": [5, 0, 7, 4], "texture": "#2_0"},
				"west": {"uv": [5, 0, 7, 4], "texture": "#2_0"},
				"up": {"uv": [5, 0, 7, 2], "texture": "#2_0"},
				"down": {"uv": [5, 0, 7, 2], "texture": "#2_0"}
			}
		},
		{
			"from": [2, 15, 0],
			"to": [4, 16, 1],
			"rotation": {"angle": 0, "axis": "y", "origin": [10, 23, 8]},
			"faces": {
				"north": {"uv": [0, 0, 2, 1], "texture": "#0"},
				"east": {"uv": [0, 0, 1, 1], "texture": "#0"},
				"south": {"uv": [0, 0, 2, 1], "texture": "#0"},
				"west": {"uv": [0, 0, 1, 1], "texture": "#0"},
				"up": {"uv": [0, 0, 2, 1], "texture": "#0"},
				"down": {"uv": [0, 0, 2, 1], "texture": "#0"}
			}
		},
		{
			"from": [2, 15, 15],
			"to": [4, 16, 16],
			"rotation": {"angle": 0, "axis": "y", "origin": [10, 23, 23]},
			"faces": {
				"north": {"uv": [0, 0, 2, 1], "texture": "#0"},
				"east": {"uv": [0, 0, 1, 1], "texture": "#0"},
				"south": {"uv": [0, 0, 2, 1], "texture": "#0"},
				"west": {"uv": [0, 0, 1, 1], "texture": "#0"},
				"up": {"uv": [0, 0, 2, 1], "texture": "#0"},
				"down": {"uv": [0, 0, 2, 1], "texture": "#0"}
			}
		},
		{
			"from": [12, 15, 0],
			"to": [14, 16, 1],
			"rotation": {"angle": 0, "axis": "y", "origin": [20, 23, 8]},
			"faces": {
				"north": {"uv": [0, 0, 2, 1], "texture": "#0"},
				"east": {"uv": [0, 0, 1, 1], "texture": "#0"},
				"south": {"uv": [0, 0, 2, 1], "texture": "#0"},
				"west": {"uv": [0, 0, 1, 1], "texture": "#0"},
				"up": {"uv": [0, 0, 2, 1], "texture": "#0"},
				"down": {"uv": [0, 0, 2, 1], "texture": "#0"}
			}
		},
		{
			"from": [12, 15, 15],
			"to": [14, 16, 16],
			"rotation": {"angle": 0, "axis": "y", "origin": [20, 23, 23]},
			"faces": {
				"north": {"uv": [0, 0, 2, 1], "texture": "#0"},
				"east": {"uv": [0, 0, 1, 1], "texture": "#0"},
				"south": {"uv": [0, 0, 2, 1], "texture": "#0"},
				"west": {"uv": [0, 0, 1, 1], "texture": "#0"},
				"up": {"uv": [0, 0, 2, 1], "texture": "#0"},
				"down": {"uv": [0, 0, 2, 1], "texture": "#0"}
			}
		}
	],
	"gui_light": "front",
	"display": {
		"thirdperson_righthand": {
			"rotation": [75, 45, 0],
			"translation": [0, 2.5, 0],
			"scale": [0.375, 0.375, 0.375]
		},
		"thirdperson_lefthand": {
			"rotation": [75, 45, 0],
			"translation": [0, 2.5, 0],
			"scale": [0.375, 0.375, 0.375]
		},
		"firstperson_righthand": {
			"rotation": [0, 45, 0],
			"scale": [0.4, 0.4, 0.4]
		},
		"firstperson_lefthand": {
			"rotation": [0, 225, 0],
			"scale": [0.4, 0.4, 0.4]
		},
		"ground": {
			"translation": [0, 3, 0],
			"scale": [0.25, 0.25, 0.25]
		},
		"gui": {
			"rotation": [30, -45, 0],
			"scale": [0.6, 0.6, 0.6]
		},
		"head": {
			"rotation": [0, 180, 0],
			"translation": [0, 13, 0.25]
		},
		"fixed": {
			"rotation": [-90, -90, 0],
			"translation": [0, 0, -14],
			"scale": [2, 2, 2]
		}
	}
}