{
	"credit": "Yuushya",
	"texture_size": [32, 32],
	"textures": {
		"2": "yuushya:0extra_building_material/preview/board/legacy/8_",
		"3": "block/magenta_wool",
		"4": "block/dark_concrete",
		"5": "block/white_wool",
		"6": "block/light_gray_concrete",
		"7": "block/machine",
		"8": "block/acacia_log",
		"15": "yuushya:0extra_building_material/preview/wheel",
		"particle": "yuushya:0extra_building_material/preview/wheel",
		"3_1": "block/andesite1",
		"3_2": "block/andesite",
		"3_3": "yuushya:0extra_building_material/preview/chair1",
		"3_7": "block/white_terracotta",
		"4_0": "block/bone_block_side",
		"4_3": "yuushya:0extra_building_material/preview/basket",
		"5_0": "yuushya:0extra_building_block/packages",
		"6_0": "yuushya:0extra_building_material/preview/rainshed/115"
	},
	"elements": [
		{
			"from": [0, 0, 16],
			"to": [16, 3, 32],
			"rotation": {"angle": 0, "axis": "y", "origin": [8, 8.85, 8]},
			"faces": {
				"north": {"uv": [0, 0, 16, 3], "texture": "#3"},
				"east": {"uv": [0, 0, 16, 3], "texture": "#4"},
				"south": {"uv": [0, 0, 16, 3], "texture": "#6"},
				"west": {"uv": [0, 0, 16, 3], "texture": "#5"},
				"up": {"uv": [0, 0, 16, 16], "rotation": 90, "texture": "#6"},
				"down": {"uv": [0, 0, 16, 16], "rotation": 180, "texture": "#4"}
			}
		},
		{
			"from": [0, -12, 16],
			"to": [16, -8, 32],
			"rotation": {"angle": 0, "axis": "y", "origin": [8, -2.15, 8]},
			"faces": {
				"north": {"uv": [0, 0, 16, 4], "texture": "#7"},
				"east": {"uv": [0, 0, 16, 4], "texture": "#7"},
				"south": {"uv": [0, 0, 16, 4], "texture": "#7"},
				"west": {"uv": [0, 0, 16, 4], "texture": "#7"},
				"up": {"uv": [0, 0, 16, 16], "rotation": 90, "texture": "#7"},
				"down": {"uv": [0, 0, 16, 16], "rotation": 180, "texture": "#4"}
			}
		},
		{
			"from": [0, 0, 0],
			"to": [16, 3, 16],
			"rotation": {"angle": 0, "axis": "y", "origin": [8, 8.85, -8]},
			"faces": {
				"north": {"uv": [0, 0, 16, 3], "texture": "#3"},
				"east": {"uv": [0, 0, 16, 3], "texture": "#4"},
				"south": {"uv": [0, 0, 16, 3], "texture": "#3"},
				"west": {"uv": [0, 0, 16, 3], "texture": "#5"},
				"up": {"uv": [0, 0, 16, 16], "rotation": 90, "texture": "#6"},
				"down": {"uv": [0, 0, 16, 16], "rotation": 180, "texture": "#4"}
			}
		},
		{
			"from": [7, 3, 0],
			"to": [15, 3.5, 12],
			"rotation": {"angle": 0, "axis": "y", "origin": [7, 10.85, -8]},
			"faces": {
				"north": {"uv": [0, 0, 8, 0.5], "texture": "#5"},
				"east": {"uv": [0, 0, 12, 0.5], "texture": "#5"},
				"south": {"uv": [0, 0, 8, 0.5], "texture": "#5"},
				"west": {"uv": [0, 0, 12, 0.5], "texture": "#5"},
				"up": {"uv": [0, 0, 12, 8], "rotation": 90, "texture": "#5"},
				"down": {"uv": [0, 0, 8, 12], "rotation": 180, "texture": "#5"}
			}
		},
		{
			"from": [0, -12, 0],
			"to": [16, -8, 16],
			"rotation": {"angle": 0, "axis": "y", "origin": [8, -2.15, -8]},
			"faces": {
				"north": {"uv": [0, 0, 16, 4], "texture": "#7"},
				"east": {"uv": [0, 0, 16, 4], "texture": "#7"},
				"south": {"uv": [0, 0, 16, 4], "texture": "#7"},
				"west": {"uv": [0, 0, 16, 4], "texture": "#7"},
				"up": {"uv": [0, 0, 16, 16], "rotation": 90, "texture": "#7"},
				"down": {"uv": [0, 0, 16, 16], "rotation": 180, "texture": "#4"}
			}
		},
		{
			"from": [0, 0, -16],
			"to": [16, 3, 0],
			"rotation": {"angle": 0, "axis": "y", "origin": [8, 8.85, -24]},
			"faces": {
				"north": {"uv": [0, 0, 16, 3], "texture": "#6"},
				"east": {"uv": [0, 0, 16, 3], "texture": "#4"},
				"south": {"uv": [0, 0, 16, 3], "texture": "#3"},
				"west": {"uv": [0, 0, 16, 3], "texture": "#5"},
				"up": {"uv": [0, 0, 16, 16], "rotation": 90, "texture": "#6"},
				"down": {"uv": [0, 0, 16, 16], "rotation": 180, "texture": "#4"}
			}
		},
		{
			"from": [0, -12, -16],
			"to": [16, -8, 0],
			"rotation": {"angle": 0, "axis": "y", "origin": [8, -2.15, -24]},
			"faces": {
				"north": {"uv": [0, 0, 16, 4], "texture": "#7"},
				"east": {"uv": [0, 0, 16, 4], "texture": "#7"},
				"south": {"uv": [0, 0, 16, 4], "texture": "#7"},
				"west": {"uv": [0, 0, 16, 4], "texture": "#7"},
				"up": {"uv": [0, 0, 16, 16], "rotation": 90, "texture": "#7"},
				"down": {"uv": [0, 0, 16, 16], "rotation": 180, "texture": "#4"}
			}
		},
		{
			"from": [-6, -12, -16],
			"to": [0, 4, 32],
			"rotation": {"angle": 0, "axis": "y", "origin": [8, 8.85, 8]},
			"faces": {
				"north": {"uv": [0, 6, 2, 11.33333], "texture": "#2"},
				"east": {"uv": [0, 0, 16, 8], "texture": "#4"},
				"south": {"uv": [0, 6, 2, 11.33333], "texture": "#2"},
				"west": {"uv": [0, 0, 16, 5.33333], "texture": "#2"},
				"up": {"uv": [0, 13, 16, 15], "rotation": 90, "texture": "#2"},
				"down": {"uv": [0, 13, 16, 15], "rotation": 90, "texture": "#4"}
			}
		},
		{
			"from": [2, 3, 29],
			"to": [3, 22, 31],
			"rotation": {"angle": 0, "axis": "y", "origin": [10, 8.85, 7]},
			"faces": {
				"north": {"uv": [0, 0, 2, 16], "texture": "#4"},
				"east": {"uv": [0, 0, 2, 16], "texture": "#4"},
				"south": {"uv": [0, 0, 2, 16], "texture": "#4"},
				"west": {"uv": [0, 0, 2, 16], "texture": "#4"},
				"up": {"uv": [0, 0, 2, 2], "rotation": 180, "texture": "#4"},
				"down": {"uv": [0, 0, 2, 2], "rotation": 180, "texture": "#4"}
			}
		},
		{
			"from": [2, 3, -15],
			"to": [3, 22, -13],
			"rotation": {"angle": 0, "axis": "y", "origin": [10, 8.85, -37]},
			"faces": {
				"north": {"uv": [0, 0, 2, 16], "texture": "#4"},
				"east": {"uv": [0, 0, 2, 16], "texture": "#4"},
				"south": {"uv": [0, 0, 2, 16], "texture": "#4"},
				"west": {"uv": [0, 0, 2, 16], "texture": "#4"},
				"up": {"uv": [0, 0, 2, 2], "rotation": 180, "texture": "#4"},
				"down": {"uv": [0, 0, 2, 2], "rotation": 180, "texture": "#4"}
			}
		},
		{
			"from": [14, -11, 29],
			"to": [15, 22, 31],
			"rotation": {"angle": 0, "axis": "y", "origin": [6, 8.85, 7]},
			"faces": {
				"north": {"uv": [0, 0, 1, 16], "texture": "#4"},
				"east": {"uv": [0, 0, 2, 16], "texture": "#4"},
				"south": {"uv": [0, 0, 1, 16], "texture": "#4"},
				"west": {"uv": [0, 0, 2, 16], "texture": "#4"},
				"up": {"uv": [0, 0, 1, 2], "rotation": 180, "texture": "#4"},
				"down": {"uv": [0, 0, 1, 2], "rotation": 180, "texture": "#4"}
			}
		},
		{
			"from": [2, 22, 28],
			"to": [23, 23, 32],
			"rotation": {"angle": 0, "axis": "y", "origin": [6, 10.85, 7]},
			"faces": {
				"north": {"uv": [0, 0, 16, 1], "texture": "#4"},
				"east": {"uv": [0, 0, 4, 1], "texture": "#4"},
				"south": {"uv": [0, 0, 16, 1], "texture": "#4"},
				"west": {"uv": [0, 0, 4, 1], "texture": "#4"},
				"up": {"uv": [0, 0, 16, 4], "rotation": 180, "texture": "#4"},
				"down": {"uv": [0, 0, 16, 4], "rotation": 180, "texture": "#4"}
			}
		},
		{
			"from": [14, -11, -15],
			"to": [15, 22, -13],
			"rotation": {"angle": 0, "axis": "y", "origin": [6, 8.85, 9]},
			"faces": {
				"north": {"uv": [0, 0, 1, 16], "texture": "#4"},
				"east": {"uv": [0, 0, 2, 16], "texture": "#4"},
				"south": {"uv": [0, 0, 1, 16], "texture": "#4"},
				"west": {"uv": [0, 0, 2, 16], "texture": "#4"},
				"up": {"uv": [0, 0, 1, 2], "rotation": 180, "texture": "#4"},
				"down": {"uv": [0, 0, 1, 2], "rotation": 180, "texture": "#4"}
			}
		},
		{
			"from": [2, 22, -16],
			"to": [23, 23, -12],
			"rotation": {"angle": 0, "axis": "y", "origin": [6, 10.85, 9]},
			"faces": {
				"north": {"uv": [0, 0, 16, 1], "texture": "#4"},
				"east": {"uv": [0, 0, 4, 1], "texture": "#4"},
				"south": {"uv": [0, 0, 16, 1], "texture": "#4"},
				"west": {"uv": [0, 0, 4, 1], "texture": "#4"},
				"up": {"uv": [0, 0, 16, 4], "rotation": 180, "texture": "#4"},
				"down": {"uv": [0, 0, 16, 4], "rotation": 180, "texture": "#4"}
			}
		},
		{
			"from": [16, 0, 16],
			"to": [17, 3, 32],
			"rotation": {"angle": 0, "axis": "y", "origin": [8, 8.85, 8]},
			"faces": {
				"north": {"uv": [0, 0, 1, 3], "texture": "#5"},
				"east": {"uv": [0, 0, 16, 3], "texture": "#5"},
				"south": {"uv": [0, 0, 1, 3], "texture": "#5"},
				"west": {"uv": [0, 0, 16, 3], "texture": "#5"},
				"up": {"uv": [0, 0, 1, 16], "rotation": 180, "texture": "#5"},
				"down": {"uv": [0, 0, 1, 16], "rotation": 180, "texture": "#5"}
			}
		},
		{
			"from": [16, 0, 0],
			"to": [17, 3, 16],
			"rotation": {"angle": 0, "axis": "y", "origin": [8, 8.85, -8]},
			"faces": {
				"north": {"uv": [0, 0, 1, 3], "texture": "#5"},
				"east": {"uv": [0, 0, 16, 3], "texture": "#5"},
				"south": {"uv": [0, 0, 1, 3], "texture": "#5"},
				"west": {"uv": [0, 0, 16, 3], "texture": "#5"},
				"up": {"uv": [0, 0, 1, 16], "rotation": 180, "texture": "#5"},
				"down": {"uv": [0, 0, 1, 16], "rotation": 180, "texture": "#5"}
			}
		},
		{
			"from": [16, 0, -16],
			"to": [17, 3, 0],
			"rotation": {"angle": 0, "axis": "y", "origin": [8, 8.85, -24]},
			"faces": {
				"north": {"uv": [0, 0, 1, 3], "texture": "#5"},
				"east": {"uv": [0, 0, 16, 3], "texture": "#5"},
				"south": {"uv": [0, 0, 1, 3], "texture": "#5"},
				"west": {"uv": [0, 0, 16, 3], "texture": "#5"},
				"up": {"uv": [0, 0, 1, 16], "rotation": 180, "texture": "#5"},
				"down": {"uv": [0, 0, 1, 16], "rotation": 180, "texture": "#5"}
			}
		},
		{
			"from": [3, 23, -16],
			"to": [19, 24, 0],
			"rotation": {"angle": 0, "axis": "y", "origin": [8, 10.85, 8]},
			"faces": {
				"north": {"uv": [8, 0, 8.5, 8], "rotation": 90, "texture": "#6_0"},
				"east": {"uv": [0, 0, 8, 0.5], "texture": "#6_0"},
				"south": {"uv": [7.75, 0, 8.25, 8], "rotation": 90, "texture": "#6_0"},
				"west": {"uv": [8, 0, 16, 0.5], "texture": "#6_0"},
				"up": {"uv": [8, 0, 16, 8], "rotation": 90, "texture": "#6_0"},
				"down": {"uv": [8, 0, 16, 8], "rotation": 90, "texture": "#6_0"}
			}
		},
		{
			"from": [19, 23, -16],
			"to": [23, 24, 0],
			"rotation": {"angle": 0, "axis": "y", "origin": [28, 10.85, 8]},
			"faces": {
				"north": {"uv": [8, 0, 8.5, 2], "rotation": 90, "texture": "#6_0"},
				"east": {"uv": [8, 0, 16, 0.5], "texture": "#6_0"},
				"south": {"uv": [7.75, 0, 8.75, 4], "rotation": 90, "texture": "#6_0"},
				"west": {"uv": [0, 0, 16, 1], "texture": "#6_0"},
				"up": {"uv": [8, 0, 16, 2], "rotation": 90, "texture": "#6_0"},
				"down": {"uv": [8, 0, 16, 2], "rotation": 90, "texture": "#6_0"}
			}
		},
		{
			"from": [3, 23, 0],
			"to": [19, 24, 16],
			"rotation": {"angle": 0, "axis": "y", "origin": [8, 10.85, 24]},
			"faces": {
				"north": {"uv": [7.75, 0, 8.25, 8], "rotation": 90, "texture": "#6_0"},
				"east": {"uv": [0, 0, 8, 0.5], "texture": "#6_0"},
				"south": {"uv": [7.75, 0, 8.25, 8], "rotation": 90, "texture": "#6_0"},
				"west": {"uv": [8, 0, 16, 0.5], "texture": "#6_0"},
				"up": {"uv": [8, 0, 16, 8], "rotation": 90, "texture": "#6_0"},
				"down": {"uv": [8, 0, 16, 8], "rotation": 90, "texture": "#6_0"}
			}
		},
		{
			"from": [19, 23, 0],
			"to": [23, 24, 16],
			"rotation": {"angle": 0, "axis": "y", "origin": [28, 10.85, 24]},
			"faces": {
				"north": {"uv": [7.75, 0, 8.75, 4], "rotation": 90, "texture": "#6_0"},
				"east": {"uv": [8, 0, 16, 0.5], "texture": "#6_0"},
				"south": {"uv": [7.75, 0, 8.75, 4], "rotation": 90, "texture": "#6_0"},
				"west": {"uv": [0, 0, 16, 1], "texture": "#6_0"},
				"up": {"uv": [8, 0, 16, 2], "rotation": 90, "texture": "#6_0"},
				"down": {"uv": [8, 0, 16, 2], "rotation": 90, "texture": "#6_0"}
			}
		},
		{
			"from": [3, 23, 16],
			"to": [19, 24, 32],
			"rotation": {"angle": 0, "axis": "y", "origin": [8, 10.85, 40]},
			"faces": {
				"north": {"uv": [7.75, 0, 8.25, 8], "rotation": 90, "texture": "#6_0"},
				"east": {"uv": [0, 0, 8, 0.5], "texture": "#6_0"},
				"south": {"uv": [8, 0, 8.5, 8], "rotation": 90, "texture": "#6_0"},
				"west": {"uv": [8, 0, 16, 0.5], "texture": "#6_0"},
				"up": {"uv": [8, 0, 16, 8], "rotation": 90, "texture": "#6_0"},
				"down": {"uv": [8, 0, 16, 8], "rotation": 90, "texture": "#6_0"}
			}
		},
		{
			"from": [19, 23, 16],
			"to": [23, 24, 32],
			"rotation": {"angle": 0, "axis": "y", "origin": [28, 10.85, 40]},
			"faces": {
				"north": {"uv": [7.75, 0, 8.75, 4], "rotation": 90, "texture": "#6_0"},
				"east": {"uv": [8, 0, 16, 0.5], "texture": "#6_0"},
				"south": {"uv": [8, 0, 8.5, 2], "rotation": 90, "texture": "#6_0"},
				"west": {"uv": [0, 0, 16, 1], "texture": "#6_0"},
				"up": {"uv": [8, 0, 16, 2], "rotation": 90, "texture": "#6_0"},
				"down": {"uv": [8, 0, 16, 2], "rotation": 90, "texture": "#6_0"}
			}
		},
		{
			"from": [-14, 20.1, -16],
			"to": [1, 20.6, 0],
			"rotation": {"angle": 22.5, "axis": "z", "origin": [-6, 28.6, -8]},
			"faces": {
				"north": {"uv": [8, 0, 8.25, 5.5], "rotation": 90, "texture": "#6_0"},
				"east": {"uv": [8, 0, 16, 0.5], "texture": "#6_0"},
				"south": {"uv": [8, 0, 8.25, 5.5], "rotation": 90, "texture": "#6_0"},
				"west": {"uv": [8, 0, 16, 0.5], "texture": "#6_0"},
				"up": {"uv": [8, 0, 16, 7.5], "rotation": 270, "texture": "#6_0"},
				"down": {"uv": [8, 0, 16, 5.5], "rotation": 90, "texture": "#6_0"}
			}
		},
		{
			"from": [-10.2, 10.2, -16],
			"to": [-9.7, 18.2, 0],
			"rotation": {"angle": 0, "axis": "y", "origin": [-17.2, 10.2, -8]},
			"faces": {
				"north": {"uv": [0, 9.5, 0.5, 13.5], "texture": "#6_0"},
				"east": {"uv": [0, 9.5, 8, 13.5], "texture": "#6_0"},
				"south": {"uv": [12, 15.5, 12, 15.5], "rotation": 90, "texture": "#6_0"},
				"west": {"uv": [0, 9.5, 8, 13.5], "texture": "#6_0"},
				"up": {"uv": [0, 8, 8, 8.25], "rotation": 90, "texture": "#6_0"},
				"down": {"uv": [12, 15.5, 12, 15.5], "rotation": 90, "texture": "#6_0"}
			}
		},
		{
			"from": [-14, 20.1, 0],
			"to": [1, 20.6, 16],
			"rotation": {"angle": 22.5, "axis": "z", "origin": [-6, 28.6, 8]},
			"faces": {
				"north": {"uv": [8, 0, 8.25, 5.5], "rotation": 90, "texture": "#6_0"},
				"east": {"uv": [8, 0, 16, 0.5], "texture": "#6_0"},
				"south": {"uv": [8, 0, 8.25, 5.5], "rotation": 90, "texture": "#6_0"},
				"west": {"uv": [8, 0, 16, 0.5], "texture": "#6_0"},
				"up": {"uv": [8, 0, 16, 7.5], "rotation": 270, "texture": "#6_0"},
				"down": {"uv": [8, 0, 16, 5.5], "rotation": 90, "texture": "#6_0"}
			}
		},
		{
			"from": [-10.2, 10.2, 0],
			"to": [-9.7, 18.2, 16],
			"rotation": {"angle": 0, "axis": "y", "origin": [-17.2, 10.2, 8]},
			"faces": {
				"north": {"uv": [12, 15.5, 12, 15.5], "rotation": 90, "texture": "#6_0"},
				"east": {"uv": [0, 9.5, 8, 13.5], "texture": "#6_0"},
				"south": {"uv": [12, 15.5, 12, 15.5], "rotation": 90, "texture": "#6_0"},
				"west": {"uv": [0, 9.5, 8, 13.5], "texture": "#6_0"},
				"up": {"uv": [0, 8, 8, 8.25], "rotation": 90, "texture": "#6_0"},
				"down": {"uv": [12, 15.5, 12, 15.5], "rotation": 90, "texture": "#6_0"}
			}
		},
		{
			"from": [-14, 20.1, 16],
			"to": [1, 20.6, 32],
			"rotation": {"angle": 22.5, "axis": "z", "origin": [-6, 28.6, 24]},
			"faces": {
				"north": {"uv": [8, 0, 8.25, 5.5], "rotation": 90, "texture": "#6_0"},
				"east": {"uv": [8, 0, 16, 0.5], "texture": "#6_0"},
				"south": {"uv": [8, 0, 8.25, 5.5], "rotation": 90, "texture": "#6_0"},
				"west": {"uv": [8, 0, 16, 0.5], "texture": "#6_0"},
				"up": {"uv": [8, 0, 16, 7.5], "rotation": 270, "texture": "#6_0"},
				"down": {"uv": [8, 0, 16, 5.5], "rotation": 90, "texture": "#6_0"}
			}
		},
		{
			"from": [-10.2, 10.2, 16],
			"to": [-9.7, 18.2, 32],
			"rotation": {"angle": 0, "axis": "y", "origin": [-17.2, 10.2, 24]},
			"faces": {
				"north": {"uv": [12, 15.5, 12, 15.5], "rotation": 90, "texture": "#6_0"},
				"east": {"uv": [0, 9.5, 8, 13.5], "texture": "#6_0"},
				"south": {"uv": [0, 9.5, 0.5, 13.5], "texture": "#6_0"},
				"west": {"uv": [0, 9.5, 8, 13.5], "texture": "#6_0"},
				"up": {"uv": [0, 8, 8, 8.25], "rotation": 90, "texture": "#6_0"},
				"down": {"uv": [12, 15.5, 12, 15.5], "rotation": 90, "texture": "#6_0"}
			}
		},
		{
			"from": [0.25, 3.9, 13.75],
			"to": [15.25, 4.9, 29.75],
			"rotation": {"angle": -22.5, "axis": "y", "origin": [8, 12.15, 21.75]},
			"faces": {
				"north": {"uv": [0, 0, 15, 1], "texture": "#7"},
				"east": {"uv": [0, 0, 16, 1], "texture": "#7"},
				"south": {"uv": [0, 0, 15, 1], "texture": "#7"},
				"west": {"uv": [0, 0, 16, 1], "texture": "#7"},
				"up": {"uv": [0, 0, 16, 15], "rotation": 270, "texture": "#7"},
				"down": {"uv": [0, 0, 16, 15], "rotation": 90, "texture": "#7"}
			}
		},
		{
			"from": [0.25, 2.9, 13.75],
			"to": [15.25, 3.9, 29.75],
			"rotation": {"angle": -22.5, "axis": "y", "origin": [8, 11.15, 21.75]},
			"faces": {
				"north": {"uv": [0, 0, 15, 1], "texture": "#4"},
				"east": {"uv": [0, 0, 16, 1], "texture": "#4"},
				"south": {"uv": [0, 0, 15, 1], "texture": "#4"},
				"west": {"uv": [0, 0, 16, 1], "texture": "#4"},
				"up": {"uv": [0, 0, 16, 15], "rotation": 270, "texture": "#4"},
				"down": {"uv": [0, 0, 16, 15], "rotation": 90, "texture": "#4"}
			}
		},
		{
			"from": [0.25, 8.9, 14.75],
			"to": [15.25, 10.9, 28.75],
			"rotation": {"angle": -22.5, "axis": "y", "origin": [8, 12.15, 21.75]},
			"faces": {
				"north": {"uv": [0, 0, 15, 2], "texture": "#7"},
				"east": {"uv": [1, 1, 15, 3], "texture": "#7"},
				"south": {"uv": [0, 0, 15, 2], "texture": "#7"},
				"west": {"uv": [0, 0, 14, 2], "texture": "#7"},
				"up": {"uv": [0, 0, 14, 15], "rotation": 270, "texture": "#7"},
				"down": {"uv": [0, 0, 14, 15], "rotation": 90, "texture": "#7"}
			}
		},
		{
			"from": [1.25, 4.9, 14.75],
			"to": [15.25, 6.9, 28.75],
			"rotation": {"angle": -22.5, "axis": "y", "origin": [8, 12.15, 21.75]},
			"faces": {
				"north": {"uv": [0, 0, 14, 2], "texture": "#7"},
				"east": {"uv": [1, 1, 15, 3], "texture": "#7"},
				"south": {"uv": [0, 0, 14, 2], "texture": "#7"},
				"west": {"uv": [0, 0, 14, 2], "texture": "#7"},
				"up": {"uv": [0, 0, 14, 14], "rotation": 270, "texture": "#7"},
				"down": {"uv": [0, 0, 14, 14], "rotation": 90, "texture": "#7"}
			}
		},
		{
			"from": [1.25, 10.9, 14.75],
			"to": [15.25, 12.9, 28.75],
			"rotation": {"angle": -22.5, "axis": "y", "origin": [8, 12.15, 21.75]},
			"faces": {
				"north": {"uv": [0, 0, 14, 2], "texture": "#7"},
				"east": {"uv": [1, 1, 15, 3], "texture": "#7"},
				"south": {"uv": [0, 0, 14, 2], "texture": "#7"},
				"west": {"uv": [1, 1, 15, 3], "texture": "#7"},
				"up": {"uv": [0, 0, 14, 14], "rotation": 270, "texture": "#7"},
				"down": {"uv": [0, 0, 14, 14], "rotation": 90, "texture": "#7"}
			}
		},
		{
			"from": [1.25, 13.9, 14.75],
			"to": [15.25, 15.9, 28.75],
			"rotation": {"angle": -22.5, "axis": "y", "origin": [8, 12.15, 21.75]},
			"faces": {
				"north": {"uv": [0, 0, 14, 2], "texture": "#7"},
				"east": {"uv": [1, 1, 15, 3], "texture": "#7"},
				"south": {"uv": [0, 0, 14, 2], "texture": "#7"},
				"west": {"uv": [0, 0, 14, 2], "texture": "#7"},
				"up": {"uv": [0, 0, 14, 14], "rotation": 270, "texture": "#7"},
				"down": {"uv": [0, 0, 14, 14], "rotation": 90, "texture": "#7"}
			}
		},
		{
			"from": [2.25, 6.9, 14.75],
			"to": [15.25, 8.9, 28.75],
			"rotation": {"angle": -22.5, "axis": "y", "origin": [8, 12.15, 21.75]},
			"faces": {
				"north": {"uv": [0, 0, 13, 2], "texture": "#7"},
				"east": {"uv": [1, 1, 15, 3], "texture": "#7"},
				"south": {"uv": [0, 0, 13, 2], "texture": "#7"},
				"west": {"uv": [1, 1, 15, 3], "texture": "#7"},
				"up": {"uv": [0, 0, 14, 13], "rotation": 270, "texture": "#7"},
				"down": {"uv": [0, 0, 14, 13], "rotation": 90, "texture": "#7"}
			}
		},
		{
			"from": [0.25, 12.9, 14.75],
			"to": [15.25, 13.9, 28.75],
			"rotation": {"angle": -22.5, "axis": "y", "origin": [8, 12.15, 21.75]},
			"faces": {
				"north": {"uv": [0, 0, 15, 1], "texture": "#7"},
				"east": {"uv": [0, 0, 14, 1], "texture": "#7"},
				"south": {"uv": [0, 0, 15, 1], "texture": "#7"},
				"west": {"uv": [0, 0, 14, 1], "texture": "#7"},
				"up": {"uv": [0, 0, 14, 15], "rotation": 270, "texture": "#7"},
				"down": {"uv": [0, 0, 14, 15], "rotation": 90, "texture": "#7"}
			}
		},
		{
			"from": [0.25, 4.9, 13.75],
			"to": [15.25, 15.9, 14.75],
			"rotation": {"angle": -22.5, "axis": "y", "origin": [8, 12.15, 21.75]},
			"faces": {
				"north": {"uv": [0, 0, 15, 11], "texture": "#7"},
				"east": {"uv": [0, 4, 1, 15], "texture": "#7"},
				"south": {"uv": [0, 0, 15, 11], "texture": "#7"},
				"west": {"uv": [0, 1, 1, 12], "texture": "#7"},
				"up": {"uv": [0, 0, 1, 15], "rotation": 270, "texture": "#7"},
				"down": {"uv": [0, 0, 1, 15], "rotation": 90, "texture": "#7"}
			}
		},
		{
			"from": [0.25, 4.9, 28.75],
			"to": [15.25, 15.9, 29.75],
			"rotation": {"angle": -22.5, "axis": "y", "origin": [8, 12.15, 21.75]},
			"faces": {
				"north": {"uv": [0, 0, 15, 11], "texture": "#7"},
				"east": {"uv": [0, 4, 1, 15], "texture": "#7"},
				"south": {"uv": [0, 0, 15, 11], "texture": "#7"},
				"west": {"uv": [0, 1, 1, 12], "texture": "#7"},
				"up": {"uv": [0, 0, 1, 15], "rotation": 270, "texture": "#7"},
				"down": {"uv": [0, 0, 1, 15], "rotation": 90, "texture": "#7"}
			}
		},
		{
			"from": [0.25, 15.9, 13.75],
			"to": [15.25, 16.9, 29.75],
			"rotation": {"angle": -22.5, "axis": "y", "origin": [8, 9.15, 21.75]},
			"faces": {
				"north": {"uv": [0, 0, 15, 1], "texture": "#7"},
				"east": {"uv": [0, 0, 16, 1], "texture": "#7"},
				"south": {"uv": [0, 0, 15, 1], "texture": "#7"},
				"west": {"uv": [0, 0, 16, 1], "texture": "#7"},
				"up": {"uv": [0, 0, 16, 15], "rotation": 270, "texture": "#7"},
				"down": {"uv": [0, 0, 16, 15], "rotation": 90, "texture": "#7"}
			}
		},
		{
			"from": [1, 3, -13],
			"to": [7, 3.75, 0],
			"rotation": {"angle": 0, "axis": "y", "origin": [9, 11, -6]},
			"faces": {
				"north": {"uv": [0, 0, 6, 0.75], "texture": "#3_7"},
				"east": {"uv": [0, 0, 13, 0.75], "texture": "#3_7"},
				"south": {"uv": [0, 0, 6, 0.75], "texture": "#3_7"},
				"west": {"uv": [0, 0, 13, 0.75], "texture": "#3_7"},
				"up": {"uv": [0, 0, 6, 13], "texture": "#3_7"},
				"down": {"uv": [0, 0, 6, 13], "texture": "#3_7"}
			}
		},
		{
			"from": [2, 3.75, -13],
			"to": [6, 7.5, -12],
			"rotation": {"angle": 0, "axis": "y", "origin": [9, 11.75, -18]},
			"faces": {
				"north": {"uv": [0, 0, 4, 3.75], "texture": "#3_7"},
				"east": {"uv": [0, 0, 1, 3.75], "texture": "#3_7"},
				"south": {"uv": [0, 0, 4, 3.75], "texture": "#3_7"},
				"west": {"uv": [0, 0, 1, 3.75], "texture": "#3_7"},
				"up": {"uv": [0, 0, 4, 1], "texture": "#3_7"},
				"down": {"uv": [0, 0, 4, 1], "texture": "#3_7"}
			}
		},
		{
			"from": [1, 3.75, -13],
			"to": [2, 8.5, 0],
			"rotation": {"angle": 0, "axis": "y", "origin": [4, 11.75, -6]},
			"faces": {
				"north": {"uv": [0, 0, 1, 4.75], "texture": "#3_7"},
				"east": {"uv": [0, 0, 13, 4.75], "texture": "#3_7"},
				"south": {"uv": [0, 0, 1, 4.75], "texture": "#3_7"},
				"west": {"uv": [0, 0, 13, 4.75], "texture": "#3_7"},
				"up": {"uv": [0, 0, 1, 13], "texture": "#3_7"},
				"down": {"uv": [0, 0, 1, 13], "texture": "#3_7"}
			}
		},
		{
			"from": [2, 3.75, -9],
			"to": [6, 7.5, -8],
			"rotation": {"angle": 0, "axis": "y", "origin": [9, 11.75, -14]},
			"faces": {
				"north": {"uv": [0, 0, 4, 3.75], "texture": "#3_7"},
				"east": {"uv": [0, 0, 1, 3.75], "texture": "#3_7"},
				"south": {"uv": [0, 0, 4, 3.75], "texture": "#3_7"},
				"west": {"uv": [0, 0, 1, 3.75], "texture": "#3_7"},
				"up": {"uv": [0, 0, 4, 1], "texture": "#3_7"},
				"down": {"uv": [0, 0, 4, 1], "texture": "#3_7"}
			}
		},
		{
			"from": [2, 3.75, -5],
			"to": [6, 7.5, -4],
			"rotation": {"angle": 0, "axis": "y", "origin": [9, 11.75, -10]},
			"faces": {
				"north": {"uv": [0, 0, 4, 3.75], "texture": "#3_7"},
				"east": {"uv": [0, 0, 1, 3.75], "texture": "#3_7"},
				"south": {"uv": [0, 0, 4, 3.75], "texture": "#3_7"},
				"west": {"uv": [0, 0, 1, 3.75], "texture": "#3_7"},
				"up": {"uv": [0, 0, 4, 1], "texture": "#3_7"},
				"down": {"uv": [0, 0, 4, 1], "texture": "#3_7"}
			}
		},
		{
			"from": [2, 3.75, -1],
			"to": [6, 7.5, 0],
			"rotation": {"angle": 0, "axis": "y", "origin": [9, 11.75, -6]},
			"faces": {
				"north": {"uv": [0, 0, 4, 3.75], "texture": "#3_7"},
				"east": {"uv": [0, 0, 1, 3.75], "texture": "#3_7"},
				"south": {"uv": [0, 0, 4, 3.75], "texture": "#3_7"},
				"west": {"uv": [0, 0, 1, 3.75], "texture": "#3_7"},
				"up": {"uv": [0, 0, 4, 1], "texture": "#3_7"},
				"down": {"uv": [0, 0, 4, 1], "texture": "#3_7"}
			}
		},
		{
			"from": [2.25, 5, -4],
			"to": [6, 6, -1],
			"rotation": {"angle": 0, "axis": "y", "origin": [12, 13, 5.5]},
			"faces": {
				"north": {"uv": [0, 0, 3.75, 1], "texture": "#3_7"},
				"east": {"uv": [0, 0, 3, 1], "texture": "#3_7"},
				"south": {"uv": [0, 0, 3.75, 1], "texture": "#3_7"},
				"west": {"uv": [0, 0, 3, 1], "texture": "#3_7"},
				"up": {"uv": [0, 0, 3.75, 3], "texture": "#5"},
				"down": {"uv": [0, 0, 3.75, 3], "texture": "#3_7"}
			}
		},
		{
			"from": [2.25, 5, -8],
			"to": [6, 6, -5],
			"rotation": {"angle": 0, "axis": "y", "origin": [12, 13, 1.5]},
			"faces": {
				"north": {"uv": [0, 0, 3.75, 1], "texture": "#3_7"},
				"east": {"uv": [0, 0, 3, 1], "texture": "#3_7"},
				"south": {"uv": [0, 0, 3.75, 1], "texture": "#3_7"},
				"west": {"uv": [0, 0, 3, 1], "texture": "#3_7"},
				"up": {"uv": [0, 0, 3.75, 3], "texture": "#8"},
				"down": {"uv": [0, 0, 3.75, 3], "texture": "#3_7"}
			}
		},
		{
			"from": [2.25, 5, -12],
			"to": [6, 6, -9],
			"rotation": {"angle": 0, "axis": "y", "origin": [12, 13, -2.5]},
			"faces": {
				"north": {"uv": [0, 0, 3.75, 1], "texture": "#3_7"},
				"east": {"uv": [0, 0, 3, 1], "texture": "#3_7"},
				"south": {"uv": [0, 0, 3.75, 1], "texture": "#3_7"},
				"west": {"uv": [0, 0, 3, 1], "texture": "#3_7"},
				"up": {"uv": [4.5, 3.5, 8.25, 6.5], "texture": "#3_3"},
				"down": {"uv": [0, 0, 3.75, 3], "texture": "#3_7"}
			}
		},
		{
			"from": [6, 3.75, -13],
			"to": [7, 6.5, 0],
			"rotation": {"angle": 0, "axis": "y", "origin": [9, 11.75, -6]},
			"faces": {
				"north": {"uv": [0, 0, 1, 2.75], "texture": "#3_7"},
				"east": {"uv": [0, 0, 13, 2.75], "texture": "#3_7"},
				"south": {"uv": [0, 0, 1, 2.75], "texture": "#3_7"},
				"west": {"uv": [0, 0, 13, 2.75], "texture": "#3_7"},
				"up": {"uv": [0, 0, 1, 13], "texture": "#3_7"},
				"down": {"uv": [0, 0, 1, 13], "texture": "#3_7"}
			}
		},
		{
			"from": [2, 7, -12.5],
			"to": [2.5, 11, -0.5],
			"rotation": {"angle": 0, "axis": "y", "origin": [9.5, 15, -3.5]},
			"faces": {
				"north": {"uv": [0, 0, 0.5, 4], "texture": "#3_7"},
				"east": {"uv": [1.5, 0, 13.5, 4], "texture": "#3_7"},
				"south": {"uv": [0, 0, 0.5, 4], "texture": "#3_7"},
				"west": {"uv": [0, 0, 12, 4], "texture": "#3_7"},
				"up": {"uv": [0, 0, 0.5, 12], "texture": "#3_7"},
				"down": {"uv": [0, 0, 0.5, 12], "texture": "#3_7"}
			}
		},
		{
			"from": [4, 3, 1],
			"to": [6, 7, 3],
			"rotation": {"angle": 0, "axis": "y", "origin": [13, 11, 10]},
			"faces": {
				"north": {"uv": [3.5, 0.5, 5.5, 4.5], "texture": "#3_2"},
				"east": {"uv": [3.5, 0.5, 5.5, 4.5], "texture": "#3_2"},
				"south": {"uv": [3.5, 0.5, 5.5, 4.5], "texture": "#3_2"},
				"west": {"uv": [3.5, 0.5, 5.5, 4.5], "texture": "#3_2"},
				"up": {"uv": [3.5, 1.5, 5.5, 3.5], "texture": "#3_2"},
				"down": {"uv": [3.5, 1.5, 5.5, 3.5], "texture": "#3_2"}
			}
		},
		{
			"from": [4.25, 7, 1.25],
			"to": [5.75, 8, 2.75],
			"rotation": {"angle": 0, "axis": "y", "origin": [13.25, 15, 10.25]},
			"faces": {
				"north": {"uv": [1.5, 0, 3, 1], "texture": "#3_3"},
				"east": {"uv": [1.5, 0, 3, 1], "texture": "#3_3"},
				"south": {"uv": [1.5, 0, 3, 1], "texture": "#3_3"},
				"west": {"uv": [1.5, 0, 3, 1], "texture": "#3_3"},
				"up": {"uv": [1.5, 0, 3, 1.5], "texture": "#3_3"},
				"down": {"uv": [1.5, 0, 3, 1.5], "texture": "#3_3"}
			}
		},
		{
			"from": [4, 8, 1],
			"to": [6, 8.5, 3],
			"rotation": {"angle": 0, "axis": "y", "origin": [13.25, 16, 10.25]},
			"faces": {
				"north": {"uv": [0.5, 0.5, 2.5, 1], "texture": "#3_3"},
				"east": {"uv": [0.5, 0.5, 2.5, 1], "texture": "#3_3"},
				"south": {"uv": [0.5, 0.5, 2.5, 1], "texture": "#3_3"},
				"west": {"uv": [0.5, 0.5, 2.5, 1], "texture": "#3_3"},
				"up": {"uv": [7, 1, 9, 3], "texture": "#3_3"},
				"down": {"uv": [0.5, 0.5, 2.5, 2.5], "texture": "#3_3"}
			}
		},
		{
			"from": [1, 3, 1],
			"to": [3, 7, 3],
			"rotation": {"angle": 0, "axis": "y", "origin": [10, 11, 10]},
			"faces": {
				"north": {"uv": [6.5, 3, 8.5, 7], "texture": "#3_1"},
				"east": {"uv": [6.5, 4, 8.5, 8], "texture": "#3_1"},
				"south": {"uv": [6.5, 3, 8.5, 7], "texture": "#3_1"},
				"west": {"uv": [6.5, 3, 8.5, 7], "texture": "#3_1"},
				"up": {"uv": [6.5, 3, 8.5, 5], "texture": "#3_1"},
				"down": {"uv": [6.5, 4, 8.5, 6], "texture": "#3_1"}
			}
		},
		{
			"from": [1.25, 7, 1.25],
			"to": [2.75, 8, 2.75],
			"rotation": {"angle": 0, "axis": "y", "origin": [10.25, 15, 10.25]},
			"faces": {
				"north": {"uv": [0, 0, 1.5, 1], "texture": "#4"},
				"east": {"uv": [0, 0, 1.5, 1], "texture": "#4"},
				"south": {"uv": [0, 0, 1.5, 1], "texture": "#4"},
				"west": {"uv": [0, 0, 1.5, 1], "texture": "#4"},
				"up": {"uv": [0, 0, 1.5, 1.5], "texture": "#4"},
				"down": {"uv": [0, 0, 1.5, 1.5], "texture": "#4"}
			}
		},
		{
			"from": [1, 8, 1],
			"to": [3, 8.5, 3],
			"rotation": {"angle": 0, "axis": "y", "origin": [10.25, 16, 10.25]},
			"faces": {
				"north": {"uv": [0, 0, 2, 0.5], "texture": "#4"},
				"east": {"uv": [0, 0, 2, 0.5], "texture": "#4"},
				"south": {"uv": [0, 0, 2, 0.5], "texture": "#4"},
				"west": {"uv": [0, 0, 2, 0.5], "texture": "#4"},
				"up": {"uv": [0, 0, 2, 2], "texture": "#4"},
				"down": {"uv": [0, 0, 2, 2], "texture": "#4"}
			}
		},
		{
			"from": [6.5, 7.25, -9.75],
			"to": [8.5, 7.75, -8.25],
			"rotation": {"angle": -22.5, "axis": "z", "origin": [7.5, 7.1875, -9]},
			"faces": {
				"north": {"uv": [6.5, 0.5, 8.5, 1], "texture": "#4"},
				"east": {"uv": [6.5, 0.5, 8, 1], "texture": "#4"},
				"south": {"uv": [6.5, 0.5, 8.5, 1], "texture": "#4"},
				"west": {"uv": [6.5, 0.5, 8, 1], "texture": "#4"},
				"up": {"uv": [6.5, 0.5, 8.5, 2], "texture": "#4"},
				"down": {"uv": [6.5, 0.5, 8.5, 2], "texture": "#4"}
			}
		},
		{
			"from": [6, 6.5, -10],
			"to": [9, 7.25, -8],
			"rotation": {"angle": -22.5, "axis": "z", "origin": [7.5, 7.1875, -9]},
			"faces": {
				"north": {"uv": [0, 0, 3, 0.75], "texture": "#4"},
				"east": {"uv": [0, 0, 2, 0.75], "texture": "#4"},
				"south": {"uv": [0, 0, 3, 0.75], "texture": "#4"},
				"west": {"uv": [0, 0, 2, 0.75], "texture": "#4"},
				"up": {"uv": [6.5, 0.5, 9.5, 2.5], "texture": "#4"},
				"down": {"uv": [6.5, 0.5, 9.5, 2.5], "texture": "#4"}
			}
		},
		{
			"from": [9.125, 2.625, -9.5],
			"to": [9.875, 6.875, -8.5],
			"rotation": {"angle": 45, "axis": "z", "origin": [9.5, 5.375, -9]},
			"faces": {
				"north": {"uv": [0, 0, 4.25, 0.75], "rotation": 270, "texture": "#4"},
				"east": {"uv": [0, 0, 4.25, 1], "rotation": 90, "texture": "#4"},
				"south": {"uv": [0, 0, 4.25, 0.75], "rotation": 90, "texture": "#4"},
				"west": {"uv": [0, 0, 4.25, 1], "rotation": 90, "texture": "#4"},
				"up": {"uv": [0, 0, 1, 0.75], "rotation": 90, "texture": "#4"},
				"down": {"uv": [0, 0, 1, 0.75], "rotation": 90, "texture": "#4"}
			}
		},
		{
			"from": [11, 3.25, -9.525],
			"to": [12, 4, -8.475],
			"rotation": {"angle": -22.5, "axis": "z", "origin": [11, 3.625, -9]},
			"faces": {
				"north": {"uv": [0, 0, 1, 0.75], "rotation": 180, "texture": "#4"},
				"east": {"uv": [0, 0, 1.05, 0.75], "rotation": 180, "texture": "#4"},
				"south": {"uv": [0, 0, 1, 0.75], "rotation": 180, "texture": "#4"},
				"west": {"uv": [0, 0, 1.05, 0.75], "rotation": 180, "texture": "#4"},
				"up": {"uv": [0, 0, 1, 1.05], "rotation": 180, "texture": "#4"},
				"down": {"uv": [0, 0, 1, 1.05], "rotation": 180, "texture": "#4"}
			}
		},
		{
			"from": [-5, 4, 11],
			"to": [0, 8, 19],
			"rotation": {"angle": 0, "axis": "y", "origin": [3, 12, 11]},
			"faces": {
				"north": {"uv": [5, 0, 10, 4], "texture": "#4_3"},
				"east": {"uv": [4, 0, 12, 4], "texture": "#4_3"},
				"south": {"uv": [1.5, 0, 6.5, 4], "texture": "#4_3"},
				"west": {"uv": [4, 0, 12, 4], "texture": "#4_3"},
				"up": {"uv": [1.5, 4.5, 9.5, 9.5], "rotation": 270, "texture": "#4_3"},
				"down": {"uv": [1.5, 4, 9.5, 9], "rotation": 90, "texture": "#4_3"}
			}
		},
		{
			"from": [-2.5, 8, 12.25],
			"to": [-2.5, 8.75, 17.75],
			"rotation": {"angle": 0, "axis": "y", "origin": [3, 16, 11]},
			"faces": {
				"north": {"uv": [0, 0, 0, 0.75], "texture": "#4_0"},
				"east": {"uv": [0, 0, 5.5, 0.75], "texture": "#4_0"},
				"south": {"uv": [0, 0, 0, 0.75], "texture": "#4_0"},
				"west": {"uv": [0, 0, 5.5, 0.75], "texture": "#4_0"},
				"up": {"uv": [0, 0, 5.5, 0], "rotation": 270, "texture": "#4_0"},
				"down": {"uv": [0, 0, 5.5, 0], "rotation": 90, "texture": "#4_0"}
			}
		},
		{
			"from": [0.125, 6, 12.25],
			"to": [0.125, 6.75, 17.75],
			"rotation": {"angle": -22.5, "axis": "z", "origin": [5.625, 14, 11]},
			"faces": {
				"north": {"uv": [0, 0, 0, 0.75], "texture": "#4_0"},
				"east": {"uv": [0, 0, 5.5, 0.75], "texture": "#4_0"},
				"south": {"uv": [0, 0, 0, 0.75], "texture": "#4_0"},
				"west": {"uv": [0, 0, 5.5, 0.75], "texture": "#4_0"},
				"up": {"uv": [0, 0, 5.5, 0], "rotation": 270, "texture": "#4_0"},
				"down": {"uv": [0, 0, 5.5, 0], "rotation": 90, "texture": "#4_0"}
			}
		},
		{
			"from": [-0.75, 12.875, 12.25],
			"to": [1, 12.875, 17.75],
			"rotation": {"angle": 22.5, "axis": "z", "origin": [7.25, 7.375, 11]},
			"faces": {
				"north": {"uv": [0, 0, 0, 1.75], "rotation": 270, "texture": "#4_0"},
				"east": {"uv": [0, 0, 5.5, 0], "texture": "#4_0"},
				"south": {"uv": [0, 0, 0, 1.75], "rotation": 90, "texture": "#4_0"},
				"west": {"uv": [0, 0, 5.5, 0], "rotation": 180, "texture": "#4_0"},
				"up": {"uv": [0, 0, 5.5, 1.75], "rotation": 90, "texture": "#4_0"},
				"down": {"uv": [0, 0, 5.5, 1.75], "rotation": 90, "texture": "#4_0"}
			}
		},
		{
			"from": [-3.5, 7.901, 12],
			"to": [-1.5, 8.001, 18],
			"rotation": {"angle": 0, "axis": "y", "origin": [5.5, 15.9, 25]},
			"faces": {
				"north": {"uv": [0, 0, 2, 0.1], "texture": "#4"},
				"east": {"uv": [0, 0, 6, 0.1], "texture": "#4"},
				"south": {"uv": [0, 0, 2, 0.1], "texture": "#4"},
				"west": {"uv": [0, 0, 6, 0.1], "texture": "#4"},
				"up": {"uv": [0, 0, 2, 6], "texture": "#4"},
				"down": {"uv": [0, 0, 2, 6], "texture": "#4"}
			}
		},
		{
			"from": [1, -11, 11],
			"to": [15, 1, 25],
			"rotation": {"angle": 0, "axis": "y", "origin": [9, -3, 19]},
			"faces": {
				"north": {"uv": [0, 0, 7, 6], "texture": "#5_0"},
				"east": {"uv": [8, 0, 15, 6], "texture": "#5_0"},
				"south": {"uv": [0, 0, 7, 6], "texture": "#5_0"},
				"west": {"uv": [8, 0, 15, 6], "texture": "#5_0"},
				"up": {"uv": [0, 8, 7, 15], "texture": "#5_0"},
				"down": {"uv": [0, 5.5, 7, 12.5], "texture": "#5_0"}
			}
		},
		{
			"from": [-1, -11, -9],
			"to": [13, 1, 5],
			"rotation": {"angle": -22.5, "axis": "y", "origin": [7, -3, -1]},
			"faces": {
				"north": {"uv": [8, 0, 15, 6], "texture": "#5_0"},
				"east": {"uv": [0, 0, 7, 6], "texture": "#5_0"},
				"south": {"uv": [0, 0, 7, 6], "texture": "#5_0"},
				"west": {"uv": [8, 0, 15, 6], "texture": "#5_0"},
				"up": {"uv": [0, 8, 7, 15], "texture": "#5_0"},
				"down": {"uv": [0, 5.5, 7, 12.5], "texture": "#5_0"}
			}
		},
		{
			"name": "wheel_2",
			"from": [-3, -14, 14],
			"to": [0, -12, 26],
			"rotation": {"angle": 0, "axis": "y", "origin": [-11, -9, 20]},
			"faces": {
				"north": {"uv": [5, 2, 3, 3], "rotation": 90, "texture": "#15"},
				"east": {"uv": [3, 14, 5, 2], "rotation": 270, "texture": "#15"},
				"south": {"uv": [3, 13, 5, 14], "rotation": 270, "texture": "#15"},
				"west": {"uv": [3, 2, 5, 14], "rotation": 270, "texture": "#15"},
				"up": {"uv": [4, 2, 5, 14], "texture": "#15"},
				"down": {"uv": [3, 2, 4, 14], "rotation": 180, "texture": "#15"}
			}
		},
		{
			"name": "wheel_4",
			"from": [-3, -15, 15],
			"to": [0, -14, 25],
			"rotation": {"angle": 0, "axis": "y", "origin": [-11, -9, 20]},
			"faces": {
				"north": {"uv": [3, 3, 2, 4], "rotation": 90, "texture": "#15"},
				"east": {"uv": [2, 13, 3, 3], "rotation": 270, "texture": "#15"},
				"south": {"uv": [2, 12, 3, 13], "rotation": 270, "texture": "#15"},
				"west": {"uv": [2, 3, 3, 13], "rotation": 270, "texture": "#15"},
				"up": {"uv": [2, 3, 3, 13], "texture": "#15"},
				"down": {"uv": [2, 3, 3, 13], "rotation": 180, "texture": "#15"}
			}
		},
		{
			"name": "wheel_6",
			"from": [-3, -16, 17],
			"to": [0, -15, 23],
			"rotation": {"angle": 0, "axis": "y", "origin": [-11, -9, 20]},
			"faces": {
				"north": {"uv": [2, 5, 1, 6], "rotation": 90, "texture": "#15"},
				"east": {"uv": [1, 11, 2, 5], "rotation": 270, "texture": "#15"},
				"south": {"uv": [1, 10, 2, 11], "rotation": 270, "texture": "#15"},
				"west": {"uv": [1, 5, 2, 11], "rotation": 270, "texture": "#15"},
				"up": {"uv": [1, 5, 2, 11], "texture": "#15"},
				"down": {"uv": [1, 5, 2, 11], "rotation": 180, "texture": "#15"}
			}
		},
		{
			"name": "wheel_1",
			"from": [-3, -14, -10],
			"to": [0, -12, 2],
			"rotation": {"angle": 0, "axis": "y", "origin": [-11, -9, -4]},
			"faces": {
				"north": {"uv": [5, 2, 3, 3], "rotation": 90, "texture": "#15"},
				"east": {"uv": [3, 14, 5, 2], "rotation": 270, "texture": "#15"},
				"south": {"uv": [3, 13, 5, 14], "rotation": 270, "texture": "#15"},
				"west": {"uv": [3, 2, 5, 14], "rotation": 270, "texture": "#15"},
				"up": {"uv": [4, 2, 5, 14], "texture": "#15"},
				"down": {"uv": [3, 2, 4, 14], "rotation": 180, "texture": "#15"}
			}
		},
		{
			"name": "wheel_3",
			"from": [-3, -15, -9],
			"to": [0, -14, 1],
			"rotation": {"angle": 0, "axis": "y", "origin": [-11, -9, -4]},
			"faces": {
				"north": {"uv": [3, 3, 2, 4], "rotation": 90, "texture": "#15"},
				"east": {"uv": [2, 13, 3, 3], "rotation": 270, "texture": "#15"},
				"south": {"uv": [2, 12, 3, 13], "rotation": 270, "texture": "#15"},
				"west": {"uv": [2, 3, 3, 13], "rotation": 270, "texture": "#15"},
				"up": {"uv": [2, 3, 3, 13], "texture": "#15"},
				"down": {"uv": [2, 3, 3, 13], "rotation": 180, "texture": "#15"}
			}
		},
		{
			"name": "wheel_5",
			"from": [-3, -16, -7],
			"to": [0, -15, -1],
			"rotation": {"angle": 0, "axis": "y", "origin": [-11, -9, -4]},
			"faces": {
				"north": {"uv": [2, 5, 1, 6], "rotation": 90, "texture": "#15"},
				"east": {"uv": [1, 11, 2, 5], "rotation": 270, "texture": "#15"},
				"south": {"uv": [1, 10, 2, 11], "rotation": 270, "texture": "#15"},
				"west": {"uv": [1, 5, 2, 11], "rotation": 270, "texture": "#15"},
				"up": {"uv": [1, 5, 2, 11], "texture": "#15"},
				"down": {"uv": [1, 5, 2, 11], "rotation": 180, "texture": "#15"}
			}
		},
		{
			"name": "wheel_3",
			"from": [10, -14, 14],
			"to": [13, -12, 26],
			"rotation": {"angle": 0, "axis": "y", "origin": [2, -9, 20]},
			"faces": {
				"north": {"uv": [5, 2, 3, 3], "rotation": 90, "texture": "#15"},
				"east": {"uv": [3, 14, 5, 2], "rotation": 270, "texture": "#15"},
				"south": {"uv": [3, 13, 5, 14], "rotation": 270, "texture": "#15"},
				"west": {"uv": [3, 2, 5, 14], "rotation": 270, "texture": "#15"},
				"up": {"uv": [4, 2, 5, 14], "texture": "#15"},
				"down": {"uv": [3, 2, 4, 14], "rotation": 180, "texture": "#15"}
			}
		},
		{
			"name": "wheel_5",
			"from": [10, -15, 15],
			"to": [13, -14, 25],
			"rotation": {"angle": 0, "axis": "y", "origin": [2, -9, 20]},
			"faces": {
				"north": {"uv": [3, 3, 2, 4], "rotation": 90, "texture": "#15"},
				"east": {"uv": [2, 13, 3, 3], "rotation": 270, "texture": "#15"},
				"south": {"uv": [2, 12, 3, 13], "rotation": 270, "texture": "#15"},
				"west": {"uv": [2, 3, 3, 13], "rotation": 270, "texture": "#15"},
				"up": {"uv": [2, 3, 3, 13], "texture": "#15"},
				"down": {"uv": [2, 3, 3, 13], "rotation": 180, "texture": "#15"}
			}
		},
		{
			"name": "wheel_7",
			"from": [10, -16, 17],
			"to": [13, -15, 23],
			"rotation": {"angle": 0, "axis": "y", "origin": [2, -9, 20]},
			"faces": {
				"north": {"uv": [2, 5, 1, 6], "rotation": 90, "texture": "#15"},
				"east": {"uv": [1, 11, 2, 5], "rotation": 270, "texture": "#15"},
				"south": {"uv": [1, 10, 2, 11], "rotation": 270, "texture": "#15"},
				"west": {"uv": [1, 5, 2, 11], "rotation": 270, "texture": "#15"},
				"up": {"uv": [1, 5, 2, 11], "texture": "#15"},
				"down": {"uv": [1, 5, 2, 11], "rotation": 180, "texture": "#15"}
			}
		},
		{
			"name": "wheel_2",
			"from": [10, -14, -10],
			"to": [13, -12, 2],
			"rotation": {"angle": 0, "axis": "y", "origin": [2, -9, -4]},
			"faces": {
				"north": {"uv": [5, 2, 3, 3], "rotation": 90, "texture": "#15"},
				"east": {"uv": [3, 14, 5, 2], "rotation": 270, "texture": "#15"},
				"south": {"uv": [3, 13, 5, 14], "rotation": 270, "texture": "#15"},
				"west": {"uv": [3, 2, 5, 14], "rotation": 270, "texture": "#15"},
				"up": {"uv": [4, 2, 5, 14], "texture": "#15"},
				"down": {"uv": [3, 2, 4, 14], "rotation": 180, "texture": "#15"}
			}
		},
		{
			"name": "wheel_4",
			"from": [10, -15, -9],
			"to": [13, -14, 1],
			"rotation": {"angle": 0, "axis": "y", "origin": [2, -9, -4]},
			"faces": {
				"north": {"uv": [3, 3, 2, 4], "rotation": 90, "texture": "#15"},
				"east": {"uv": [2, 13, 3, 3], "rotation": 270, "texture": "#15"},
				"south": {"uv": [2, 12, 3, 13], "rotation": 270, "texture": "#15"},
				"west": {"uv": [2, 3, 3, 13], "rotation": 270, "texture": "#15"},
				"up": {"uv": [2, 3, 3, 13], "texture": "#15"},
				"down": {"uv": [2, 3, 3, 13], "rotation": 180, "texture": "#15"}
			}
		},
		{
			"name": "wheel_6",
			"from": [10, -16, -7],
			"to": [13, -15, -1],
			"rotation": {"angle": 0, "axis": "y", "origin": [2, -9, -4]},
			"faces": {
				"north": {"uv": [2, 5, 1, 6], "rotation": 90, "texture": "#15"},
				"east": {"uv": [1, 11, 2, 5], "rotation": 270, "texture": "#15"},
				"south": {"uv": [1, 10, 2, 11], "rotation": 270, "texture": "#15"},
				"west": {"uv": [1, 5, 2, 11], "rotation": 270, "texture": "#15"},
				"up": {"uv": [1, 5, 2, 11], "texture": "#15"},
				"down": {"uv": [1, 5, 2, 11], "rotation": 180, "texture": "#15"}
			}
		}
	],
	"gui_light": "front",
	"display": {
		"thirdperson_righthand": {
			"rotation": [75, 45, 0],
			"translation": [0, 2.5, 0],
			"scale": [0.375, 0.375, 0.375]
		},
		"thirdperson_lefthand": {
			"rotation": [75, 45, 0],
			"translation": [0, 2.5, 0],
			"scale": [0.375, 0.375, 0.375]
		},
		"firstperson_righthand": {
			"rotation": [0, 45, 0],
			"scale": [0.4, 0.4, 0.4]
		},
		"firstperson_lefthand": {
			"rotation": [0, 225, 0],
			"scale": [0.4, 0.4, 0.4]
		},
		"ground": {
			"translation": [0, 3, 0],
			"scale": [0.25, 0.25, 0.25]
		},
		"gui": {
			"rotation": [30, 135, 0],
			"translation": [-0.5, 1, 0],
			"scale": [0.4, 0.4, 0.4]
		},
		"fixed": {
			"rotation": [-89, 12, 0],
			"translation": [0, 0, -45.5],
			"scale": [2, 2, 2]
		}
	}
}