{
	"credit": "Yuushya", "ambientocclusion": false,
	"textures": {
		"0": "yuushya:0extra_building_material/preview/fan_",
		"1": "yuushya:0extra_building_material/preview/fan1_",
		"2": "yuushya:0extra_building_material/preview/cy",
		"3": "block/machine",
		"4": "block/machine",
		"particle": "yuushya:0extra_building_material/preview/fan_"
	},
	"elements": [
		{
			"name": "hexadecagon",
			"from": [5, 21.4087, 15],
			"to": [9, 24.5913, 16],
			"rotation": {"angle": 45, "axis": "x", "origin": [7, 23, 8]},
			"faces": {
				"north": {"uv": [4.032, 4, 8.032, 7.1826], "texture": "#4"},
				"east": {"uv": [4.032, 4, 5.032, 7.1826], "texture": "#4"},
				"south": {"uv": [4.032, 4, 8.032, 7.1826], "texture": "#4"},
				"west": {"uv": [4.032, 4, 5.032, 7.1826], "texture": "#4"},
				"up": {"uv": [4.032, 4, 8.032, 5], "texture": "#4"},
				"down": {"uv": [4.032, 4, 8.032, 5], "texture": "#4"}
			}
		},
		{
			"name": "hexadecagon",
			"from": [5, 15, 6.4087],
			"to": [9, 16, 9.5913],
			"rotation": {"angle": 0, "axis": "x", "origin": [7, 23, 8]},
			"faces": {
				"north": {"uv": [4.032, 4, 8.032, 5], "texture": "#4"},
				"east": {"uv": [4.032, 4, 7.2146, 5], "texture": "#4"},
				"south": {"uv": [4.032, 4, 8.032, 5], "texture": "#4"},
				"west": {"uv": [4.032, 4, 7.2146, 5], "texture": "#4"},
				"up": {"uv": [4.032, 4, 8.032, 7.1826], "texture": "#4"},
				"down": {"uv": [4.032, 4, 8.032, 7.1826], "texture": "#4"}
			}
		},
		{
			"name": "hexadecagon",
			"from": [5, 21.4087, 15],
			"to": [9, 24.5913, 16],
			"rotation": {"angle": 0, "axis": "x", "origin": [7, 23, 8]},
			"faces": {
				"north": {"uv": [4.032, 4, 8.032, 7.1826], "texture": "#4"},
				"east": {"uv": [4.032, 4, 5.032, 7.1826], "texture": "#4"},
				"south": {"uv": [4.032, 4, 8.032, 7.1826], "texture": "#4"},
				"west": {"uv": [4.032, 4, 5.032, 7.1826], "texture": "#4"},
				"up": {"uv": [4.032, 4, 8.032, 5], "texture": "#4"},
				"down": {"uv": [4.032, 4, 8.032, 5], "texture": "#4"}
			}
		},
		{
			"name": "hexadecagon",
			"from": [5, 21.4087, 15],
			"to": [9, 24.5913, 16],
			"rotation": {"angle": -45, "axis": "x", "origin": [7, 23, 8]},
			"faces": {
				"north": {"uv": [4.032, 4, 8.032, 7.1826], "texture": "#4"},
				"east": {"uv": [4.032, 4, 5.032, 7.1826], "texture": "#4"},
				"south": {"uv": [4.032, 4, 8.032, 7.1826], "texture": "#4"},
				"west": {"uv": [4.032, 4, 5.032, 7.1826], "texture": "#4"},
				"up": {"uv": [4.032, 4, 8.032, 5], "texture": "#4"},
				"down": {"uv": [4.032, 4, 8.032, 5], "texture": "#4"}
			}
		},
		{
			"name": "hexadecagon",
			"from": [5, 30, 6.4087],
			"to": [9, 31, 9.5913],
			"rotation": {"angle": 0, "axis": "x", "origin": [7, 23, 8]},
			"faces": {
				"north": {"uv": [4.032, 4, 8.032, 5], "texture": "#4"},
				"east": {"uv": [4.032, 4, 7.2146, 5], "texture": "#4"},
				"south": {"uv": [4.032, 4, 8.032, 5], "texture": "#4"},
				"west": {"uv": [4.032, 4, 7.2146, 5], "texture": "#4"},
				"up": {"uv": [4.032, 4, 8.032, 7.1826], "texture": "#4"},
				"down": {"uv": [4.032, 4, 8.032, 7.1826], "texture": "#4"}
			}
		},
		{
			"name": "hexadecagon",
			"from": [5, 21.4087, 0],
			"to": [9, 24.5913, 1],
			"rotation": {"angle": 45, "axis": "x", "origin": [7, 23, 8]},
			"faces": {
				"north": {"uv": [4.032, 4, 8.032, 7.1826], "texture": "#4"},
				"east": {"uv": [4.032, 4, 5.032, 7.1826], "texture": "#4"},
				"south": {"uv": [4.032, 4, 8.032, 7.1826], "texture": "#4"},
				"west": {"uv": [4.032, 4, 5.032, 7.1826], "texture": "#4"},
				"up": {"uv": [4.032, 4, 8.032, 5], "texture": "#4"},
				"down": {"uv": [4.032, 4, 8.032, 5], "texture": "#4"}
			}
		},
		{
			"name": "hexadecagon",
			"from": [5, 21.4087, 0],
			"to": [9, 24.5913, 1],
			"rotation": {"angle": 0, "axis": "x", "origin": [7, 23, 8]},
			"faces": {
				"north": {"uv": [4.032, 4, 8.032, 7.1826], "texture": "#4"},
				"east": {"uv": [4.032, 4, 5.032, 7.1826], "texture": "#4"},
				"south": {"uv": [4.032, 4, 8.032, 7.1826], "texture": "#4"},
				"west": {"uv": [4.032, 4, 5.032, 7.1826], "texture": "#4"},
				"up": {"uv": [4.032, 4, 8.032, 5], "texture": "#4"},
				"down": {"uv": [4.032, 4, 8.032, 5], "texture": "#4"}
			}
		},
		{
			"name": "hexadecagon",
			"from": [5, 21.4087, 0],
			"to": [9, 24.5913, 1],
			"rotation": {"angle": -45, "axis": "x", "origin": [7, 23, 8]},
			"faces": {
				"north": {"uv": [4.032, 4, 8.032, 7.1826], "texture": "#4"},
				"east": {"uv": [4.032, 4, 5.032, 7.1826], "texture": "#4"},
				"south": {"uv": [4.032, 4, 8.032, 7.1826], "texture": "#4"},
				"west": {"uv": [4.032, 4, 5.032, 7.1826], "texture": "#4"},
				"up": {"uv": [4.032, 4, 8.032, 5], "texture": "#4"},
				"down": {"uv": [4.032, 4, 8.032, 5], "texture": "#4"}
			}
		},
		{
			"name": "hexadecagon",
			"from": [5.0375, 21.4087, 0],
			"to": [8.9625, 24.5913, 1],
			"rotation": {"angle": -22.5, "axis": "x", "origin": [7, 23, 8]},
			"faces": {
				"north": {"uv": [4.032, 4, 7.957, 7.1826], "texture": "#4"},
				"east": {"uv": [4.032, 4, 5.032, 7.1826], "texture": "#4"},
				"south": {"uv": [4.032, 4, 7.957, 7.1826], "texture": "#4"},
				"west": {"uv": [4.032, 4, 5.032, 7.1826], "texture": "#4"},
				"up": {"uv": [4.032, 4, 7.957, 5], "texture": "#4"},
				"down": {"uv": [4.032, 4, 7.957, 5], "texture": "#4"}
			}
		},
		{
			"name": "hexadecagon",
			"from": [5.0375, 21.4087, 0],
			"to": [8.9625, 24.5913, 1],
			"rotation": {"angle": 22.5, "axis": "x", "origin": [7, 23, 8]},
			"faces": {
				"north": {"uv": [4.032, 4, 7.957, 7.1826], "texture": "#4"},
				"east": {"uv": [4.032, 4, 5.032, 7.1826], "texture": "#4"},
				"south": {"uv": [4.032, 4, 7.957, 7.1826], "texture": "#4"},
				"west": {"uv": [4.032, 4, 5.032, 7.1826], "texture": "#4"},
				"up": {"uv": [4.032, 4, 7.957, 5], "texture": "#4"},
				"down": {"uv": [4.032, 4, 7.957, 5], "texture": "#4"}
			}
		},
		{
			"name": "hexadecagon",
			"from": [5.0375, 21.4087, 15],
			"to": [8.9625, 24.5913, 16],
			"rotation": {"angle": -22.5, "axis": "x", "origin": [7, 23, 8]},
			"faces": {
				"north": {"uv": [4.032, 4, 7.957, 7.1826], "texture": "#4"},
				"east": {"uv": [4.032, 4, 5.032, 7.1826], "texture": "#4"},
				"south": {"uv": [4.032, 4, 7.957, 7.1826], "texture": "#4"},
				"west": {"uv": [4.032, 4, 5.032, 7.1826], "texture": "#4"},
				"up": {"uv": [4.032, 4, 7.957, 5], "texture": "#4"},
				"down": {"uv": [4.032, 4, 7.957, 5], "texture": "#4"}
			}
		},
		{
			"name": "hexadecagon",
			"from": [5.0375, 21.4087, 15],
			"to": [8.9625, 24.5913, 16],
			"rotation": {"angle": 22.5, "axis": "x", "origin": [7, 23, 8]},
			"faces": {
				"north": {"uv": [4.032, 4, 7.957, 7.1826], "texture": "#4"},
				"east": {"uv": [4.032, 4, 5.032, 7.1826], "texture": "#4"},
				"south": {"uv": [4.032, 4, 7.957, 7.1826], "texture": "#4"},
				"west": {"uv": [4.032, 4, 5.032, 7.1826], "texture": "#4"},
				"up": {"uv": [4.032, 4, 7.957, 5], "texture": "#4"},
				"down": {"uv": [4.032, 4, 7.957, 5], "texture": "#4"}
			}
		},
		{
			"name": "hexadecagon",
			"from": [5.0375, 15, 6.4087],
			"to": [8.9625, 16, 9.5913],
			"rotation": {"angle": -22.5, "axis": "x", "origin": [7, 23, 8]},
			"faces": {
				"north": {"uv": [4.032, 4, 7.957, 5], "texture": "#4"},
				"east": {"uv": [4.032, 4, 7.2146, 5], "texture": "#4"},
				"south": {"uv": [4.032, 4, 7.957, 5], "texture": "#4"},
				"west": {"uv": [4.032, 4, 7.2146, 5], "texture": "#4"},
				"up": {"uv": [4.032, 4, 7.957, 7.1826], "texture": "#4"},
				"down": {"uv": [4.032, 4, 7.957, 7.1826], "texture": "#4"}
			}
		},
		{
			"name": "hexadecagon",
			"from": [5.0375, 15, 6.4087],
			"to": [8.9625, 16, 9.5913],
			"rotation": {"angle": 22.5, "axis": "x", "origin": [7, 23, 8]},
			"faces": {
				"north": {"uv": [4.032, 4, 7.957, 5], "texture": "#4"},
				"east": {"uv": [4.032, 4, 7.2146, 5], "texture": "#4"},
				"south": {"uv": [4.032, 4, 7.957, 5], "texture": "#4"},
				"west": {"uv": [4.032, 4, 7.2146, 5], "texture": "#4"},
				"up": {"uv": [4.032, 4, 7.957, 7.1826], "texture": "#4"},
				"down": {"uv": [4.032, 4, 7.957, 7.1826], "texture": "#4"}
			}
		},
		{
			"name": "hexadecagon",
			"from": [5.0375, 30, 6.4087],
			"to": [8.9625, 31, 9.5913],
			"rotation": {"angle": -22.5, "axis": "x", "origin": [7, 23, 8]},
			"faces": {
				"north": {"uv": [4.032, 4, 7.957, 5], "texture": "#4"},
				"east": {"uv": [4.032, 4, 7.2146, 5], "texture": "#4"},
				"south": {"uv": [4.032, 4, 7.957, 5], "texture": "#4"},
				"west": {"uv": [4.032, 4, 7.2146, 5], "texture": "#4"},
				"up": {"uv": [4.032, 4, 7.957, 7.1826], "texture": "#4"},
				"down": {"uv": [4.032, 4, 7.957, 7.1826], "texture": "#4"}
			}
		},
		{
			"name": "hexadecagon",
			"from": [5.0375, 30, 6.4087],
			"to": [8.9625, 31, 9.5913],
			"rotation": {"angle": 22.5, "axis": "x", "origin": [7, 23, 8]},
			"faces": {
				"north": {"uv": [4.032, 4, 7.957, 5], "texture": "#4"},
				"east": {"uv": [4.032, 4, 7.2146, 5], "texture": "#4"},
				"south": {"uv": [4.032, 4, 7.957, 5], "texture": "#4"},
				"west": {"uv": [4.032, 4, 7.2146, 5], "texture": "#4"},
				"up": {"uv": [4.032, 4, 7.957, 7.1826], "texture": "#4"},
				"down": {"uv": [4.032, 4, 7.957, 7.1826], "texture": "#4"}
			}
		},
		{
			"name": "hexadecagon",
			"from": [6.5, 21.35897, 15.25],
			"to": [7.5, 24.64103, 16.25],
			"rotation": {"angle": 45, "axis": "x", "origin": [7, 23, 8]},
			"faces": {
				"north": {"uv": [4.032, 4, 5.032, 7.28206], "texture": "#4"},
				"east": {"uv": [4.032, 4, 5.032, 7.28206], "texture": "#4"},
				"south": {"uv": [4.032, 4, 5.032, 7.28206], "texture": "#4"},
				"west": {"uv": [4.032, 4, 5.032, 7.28206], "texture": "#4"},
				"up": {"uv": [4.032, 4, 5.032, 5], "texture": "#4"},
				"down": {"uv": [4.032, 4, 5.032, 5], "texture": "#4"}
			}
		},
		{
			"name": "hexadecagon",
			"from": [6.5, 14.75, 6.35897],
			"to": [7.5, 15.75, 9.64103],
			"rotation": {"angle": 0, "axis": "x", "origin": [7, 23, 8]},
			"faces": {
				"north": {"uv": [4.032, 4, 5.032, 5], "texture": "#4"},
				"east": {"uv": [4.032, 4, 7.31406, 5], "texture": "#4"},
				"south": {"uv": [4.032, 4, 5.032, 5], "texture": "#4"},
				"west": {"uv": [4.032, 4, 7.31406, 5], "texture": "#4"},
				"up": {"uv": [4.032, 4, 5.032, 7.28206], "texture": "#4"},
				"down": {"uv": [4.032, 4, 5.032, 7.28206], "texture": "#4"}
			}
		},
		{
			"name": "hexadecagon",
			"from": [6.5, 21.35897, -0.25],
			"to": [7.5, 24.64103, 0.75],
			"rotation": {"angle": -45, "axis": "x", "origin": [7, 23, 8]},
			"faces": {
				"north": {"uv": [4.032, 4, 5.032, 7.28206], "texture": "#4"},
				"east": {"uv": [4.032, 4, 5.032, 7.28206], "texture": "#4"},
				"south": {"uv": [4.032, 4, 5.032, 7.28206], "texture": "#4"},
				"west": {"uv": [4.032, 4, 5.032, 7.28206], "texture": "#4"},
				"up": {"uv": [4.032, 4, 5.032, 5], "texture": "#4"},
				"down": {"uv": [4.032, 4, 5.032, 5], "texture": "#4"}
			}
		},
		{
			"name": "hexadecagon",
			"from": [6.5, 21.35897, 15.25],
			"to": [7.5, 24.64103, 16.25],
			"rotation": {"angle": 0, "axis": "x", "origin": [7, 23, 8]},
			"faces": {
				"north": {"uv": [4.032, 4, 5.032, 7.28206], "texture": "#4"},
				"east": {"uv": [4.032, 4, 5.032, 7.28206], "texture": "#4"},
				"south": {"uv": [4.032, 4, 5.032, 7.28206], "texture": "#4"},
				"west": {"uv": [4.032, 4, 5.032, 7.28206], "texture": "#4"},
				"up": {"uv": [4.032, 4, 5.032, 5], "texture": "#4"},
				"down": {"uv": [4.032, 4, 5.032, 5], "texture": "#4"}
			}
		},
		{
			"name": "hexadecagon",
			"from": [6.5, 21.35897, 15.25],
			"to": [7.5, 24.64103, 16.25],
			"rotation": {"angle": -45, "axis": "x", "origin": [7, 23, 8]},
			"faces": {
				"north": {"uv": [4.032, 4, 5.032, 7.28206], "texture": "#4"},
				"east": {"uv": [4.032, 4, 5.032, 7.28206], "texture": "#4"},
				"south": {"uv": [4.032, 4, 5.032, 7.28206], "texture": "#4"},
				"west": {"uv": [4.032, 4, 5.032, 7.28206], "texture": "#4"},
				"up": {"uv": [4.032, 4, 5.032, 5], "texture": "#4"},
				"down": {"uv": [4.032, 4, 5.032, 5], "texture": "#4"}
			}
		},
		{
			"name": "hexadecagon",
			"from": [6.5, 30.25, 6.35897],
			"to": [7.5, 31.25, 9.64103],
			"rotation": {"angle": 0, "axis": "x", "origin": [7, 23, 8]},
			"faces": {
				"north": {"uv": [4.032, 4, 5.032, 5], "texture": "#4"},
				"east": {"uv": [4.032, 4, 7.31406, 5], "texture": "#4"},
				"south": {"uv": [4.032, 4, 5.032, 5], "texture": "#4"},
				"west": {"uv": [4.032, 4, 7.31406, 5], "texture": "#4"},
				"up": {"uv": [4.032, 4, 5.032, 7.28206], "texture": "#4"},
				"down": {"uv": [4.032, 4, 5.032, 7.28206], "texture": "#4"}
			}
		},
		{
			"name": "hexadecagon",
			"from": [6.5, 21.35897, -0.25],
			"to": [7.5, 24.64103, 0.75],
			"rotation": {"angle": 45, "axis": "x", "origin": [7, 23, 8]},
			"faces": {
				"north": {"uv": [4.032, 4, 5.032, 7.28206], "texture": "#4"},
				"east": {"uv": [4.032, 4, 5.032, 7.28206], "texture": "#4"},
				"south": {"uv": [4.032, 4, 5.032, 7.28206], "texture": "#4"},
				"west": {"uv": [4.032, 4, 5.032, 7.28206], "texture": "#4"},
				"up": {"uv": [4.032, 4, 5.032, 5], "texture": "#4"},
				"down": {"uv": [4.032, 4, 5.032, 5], "texture": "#4"}
			}
		},
		{
			"name": "hexadecagon",
			"from": [6.5, 21.35897, -0.25],
			"to": [7.5, 24.64103, 0.75],
			"rotation": {"angle": 0, "axis": "x", "origin": [7, 23, 8]},
			"faces": {
				"north": {"uv": [4.032, 4, 5.032, 7.28206], "texture": "#4"},
				"east": {"uv": [4.032, 4, 5.032, 7.28206], "texture": "#4"},
				"south": {"uv": [4.032, 4, 5.032, 7.28206], "texture": "#4"},
				"west": {"uv": [4.032, 4, 5.032, 7.28206], "texture": "#4"},
				"up": {"uv": [4.032, 4, 5.032, 5], "texture": "#4"},
				"down": {"uv": [4.032, 4, 5.032, 5], "texture": "#4"}
			}
		},
		{
			"name": "hexadecagon",
			"from": [6.5375, 21.35897, -0.25],
			"to": [7.4625, 24.64103, 0.75],
			"rotation": {"angle": -22.5, "axis": "x", "origin": [7, 23, 8]},
			"faces": {
				"north": {"uv": [4.032, 4, 4.957, 7.28206], "texture": "#4"},
				"east": {"uv": [4.032, 4, 5.032, 7.28206], "texture": "#4"},
				"south": {"uv": [4.032, 4, 4.957, 7.28206], "texture": "#4"},
				"west": {"uv": [4.032, 4, 5.032, 7.28206], "texture": "#4"},
				"up": {"uv": [4.032, 4, 4.957, 5], "texture": "#4"},
				"down": {"uv": [4.032, 4, 4.957, 5], "texture": "#4"}
			}
		},
		{
			"name": "hexadecagon",
			"from": [6.5375, 21.35897, -0.25],
			"to": [7.4625, 24.64103, 0.75],
			"rotation": {"angle": 22.5, "axis": "x", "origin": [7, 23, 8]},
			"faces": {
				"north": {"uv": [4.032, 4, 4.957, 7.28206], "texture": "#4"},
				"east": {"uv": [4.032, 4, 5.032, 7.28206], "texture": "#4"},
				"south": {"uv": [4.032, 4, 4.957, 7.28206], "texture": "#4"},
				"west": {"uv": [4.032, 4, 5.032, 7.28206], "texture": "#4"},
				"up": {"uv": [4.032, 4, 4.957, 5], "texture": "#4"},
				"down": {"uv": [4.032, 4, 4.957, 5], "texture": "#4"}
			}
		},
		{
			"name": "hexadecagon",
			"from": [6.5375, 21.35897, 15.25],
			"to": [7.4625, 24.64103, 16.25],
			"rotation": {"angle": -22.5, "axis": "x", "origin": [7, 23, 8]},
			"faces": {
				"north": {"uv": [4.032, 4, 4.957, 7.28206], "texture": "#4"},
				"east": {"uv": [4.032, 4, 5.032, 7.28206], "texture": "#4"},
				"south": {"uv": [4.032, 4, 4.957, 7.28206], "texture": "#4"},
				"west": {"uv": [4.032, 4, 5.032, 7.28206], "texture": "#4"},
				"up": {"uv": [4.032, 4, 4.957, 5], "texture": "#4"},
				"down": {"uv": [4.032, 4, 4.957, 5], "texture": "#4"}
			}
		},
		{
			"name": "hexadecagon",
			"from": [6.5375, 21.35897, 15.25],
			"to": [7.4625, 24.64103, 16.25],
			"rotation": {"angle": 22.5, "axis": "x", "origin": [7, 23, 8]},
			"faces": {
				"north": {"uv": [4.032, 4, 4.957, 7.28206], "texture": "#4"},
				"east": {"uv": [4.032, 4, 5.032, 7.28206], "texture": "#4"},
				"south": {"uv": [4.032, 4, 4.957, 7.28206], "texture": "#4"},
				"west": {"uv": [4.032, 4, 5.032, 7.28206], "texture": "#4"},
				"up": {"uv": [4.032, 4, 4.957, 5], "texture": "#4"},
				"down": {"uv": [4.032, 4, 4.957, 5], "texture": "#4"}
			}
		},
		{
			"name": "hexadecagon",
			"from": [6.5375, 14.75, 6.35897],
			"to": [7.4625, 15.75, 9.64103],
			"rotation": {"angle": -22.5, "axis": "x", "origin": [7, 23, 8]},
			"faces": {
				"north": {"uv": [4.032, 4, 4.957, 5], "texture": "#4"},
				"east": {"uv": [4.032, 4, 7.31406, 5], "texture": "#4"},
				"south": {"uv": [4.032, 4, 4.957, 5], "texture": "#4"},
				"west": {"uv": [4.032, 4, 7.31406, 5], "texture": "#4"},
				"up": {"uv": [4.032, 4, 4.957, 7.28206], "texture": "#4"},
				"down": {"uv": [4.032, 4, 4.957, 7.28206], "texture": "#4"}
			}
		},
		{
			"name": "hexadecagon",
			"from": [6.5375, 14.75, 6.35897],
			"to": [7.4625, 15.75, 9.64103],
			"rotation": {"angle": 22.5, "axis": "x", "origin": [7, 23, 8]},
			"faces": {
				"north": {"uv": [4.032, 4, 4.957, 5], "texture": "#4"},
				"east": {"uv": [4.032, 4, 7.31406, 5], "texture": "#4"},
				"south": {"uv": [4.032, 4, 4.957, 5], "texture": "#4"},
				"west": {"uv": [4.032, 4, 7.31406, 5], "texture": "#4"},
				"up": {"uv": [4.032, 4, 4.957, 7.28206], "texture": "#4"},
				"down": {"uv": [4.032, 4, 4.957, 7.28206], "texture": "#4"}
			}
		},
		{
			"name": "hexadecagon",
			"from": [6.5375, 30.25, 6.35897],
			"to": [7.4625, 31.25, 9.64103],
			"rotation": {"angle": -22.5, "axis": "x", "origin": [7, 23, 8]},
			"faces": {
				"north": {"uv": [4.032, 4, 4.957, 5], "texture": "#4"},
				"east": {"uv": [4.032, 4, 7.31406, 5], "texture": "#4"},
				"south": {"uv": [4.032, 4, 4.957, 5], "texture": "#4"},
				"west": {"uv": [4.032, 4, 7.31406, 5], "texture": "#4"},
				"up": {"uv": [4.032, 4, 4.957, 7.28206], "texture": "#4"},
				"down": {"uv": [4.032, 4, 4.957, 7.28206], "texture": "#4"}
			}
		},
		{
			"name": "hexadecagon",
			"from": [6.5375, 30.25, 6.35897],
			"to": [7.4625, 31.25, 9.64103],
			"rotation": {"angle": 22.5, "axis": "x", "origin": [7, 23, 8]},
			"faces": {
				"north": {"uv": [4.032, 4, 4.957, 5], "texture": "#4"},
				"east": {"uv": [4.032, 4, 7.31406, 5], "texture": "#4"},
				"south": {"uv": [4.032, 4, 4.957, 5], "texture": "#4"},
				"west": {"uv": [4.032, 4, 7.31406, 5], "texture": "#4"},
				"up": {"uv": [4.032, 4, 4.957, 7.28206], "texture": "#4"},
				"down": {"uv": [4.032, 4, 4.957, 7.28206], "texture": "#4"}
			}
		},
		{
			"from": [4.75, 20.5, 0],
			"to": [4.75, 28.5, 16],
			"rotation": {"angle": -22.5, "axis": "z", "origin": [12.75, 28.5, 8]},
			"faces": {
				"north": {"uv": [0, 0, 0, 8], "texture": "#0"},
				"east": {"uv": [0, 0, 16, 8], "texture": "#0"},
				"south": {"uv": [0, 0, 0, 8], "texture": "#0"},
				"west": {"uv": [0, 0, 16, 8], "texture": "#0"},
				"up": {"uv": [0, 0, 0, 16], "texture": "#0"},
				"down": {"uv": [0, 0, 0, 16], "texture": "#0"}
			}
		},
		{
			"from": [3.82823, 13.75, 0],
			"to": [3.82823, 21.75, 16],
			"rotation": {"angle": 22.5, "axis": "z", "origin": [3.82823, 18.11595, 8]},
			"faces": {
				"north": {"uv": [0, 0, 0, 8], "texture": "#0"},
				"east": {"uv": [0, 8.032, 16, 16], "texture": "#0"},
				"south": {"uv": [0, 0, 0, 8], "texture": "#0"},
				"west": {"uv": [0, 8.032, 16, 16], "texture": "#0"},
				"up": {"uv": [0, 0, 0, 16], "texture": "#0"},
				"down": {"uv": [0, 0, 0, 16], "texture": "#0"}
			}
		},
		{
			"from": [3.82823, 14.61595, -1.36595],
			"to": [3.82823, 30.61595, 6.63405],
			"rotation": {"angle": -22.5, "axis": "y", "origin": [3.82823, 22.61595, 3]},
			"faces": {
				"north": {"uv": [0, 0, 0, 16], "rotation": 180, "texture": "#0"},
				"east": {"uv": [0.032, 8.032, 16, 16], "rotation": 270, "texture": "#0"},
				"south": {"uv": [0, 0, 0, 16], "texture": "#0"},
				"west": {"uv": [0, 8.032, 16, 16], "rotation": 90, "texture": "#0"},
				"up": {"uv": [0, 0, 0, 8], "rotation": 180, "texture": "#0"},
				"down": {"uv": [0, 0, 0, 8], "texture": "#0"}
			}
		},
		{
			"from": [3.82823, 14.61595, 8.63405],
			"to": [3.82823, 30.61595, 16.63405],
			"rotation": {"angle": 22.5, "axis": "y", "origin": [3.82823, 22.61595, 13]},
			"faces": {
				"north": {"uv": [0, 0, 0, 16], "rotation": 180, "texture": "#0"},
				"east": {"uv": [0, 0, 16, 8], "rotation": 270, "texture": "#0"},
				"south": {"uv": [0, 0, 0, 16], "texture": "#0"},
				"west": {"uv": [0, 0, 16, 8], "rotation": 90, "texture": "#0"},
				"up": {"uv": [0, 0, 0, 8], "rotation": 180, "texture": "#0"},
				"down": {"uv": [0, 0, 0, 8], "texture": "#0"}
			}
		},
		{
			"from": [9.15, 20.5, -0.2],
			"to": [9.15, 28.5, 15.8],
			"rotation": {"angle": 22.5, "axis": "z", "origin": [1.15, 28.5, 7.8]},
			"faces": {
				"north": {"uv": [0, 0, 0, 8], "texture": "#0"},
				"east": {"uv": [16, 0, 0, 8], "texture": "#0"},
				"south": {"uv": [0, 0, 0, 8], "texture": "#0"},
				"west": {"uv": [16, 0, 0, 8], "texture": "#0"},
				"up": {"uv": [0, 0, 0, 16], "texture": "#0"},
				"down": {"uv": [0, 0, 0, 16], "texture": "#0"}
			}
		},
		{
			"from": [10.17177, 13.75, -0.1],
			"to": [10.17177, 21.75, 15.9],
			"rotation": {"angle": -22.5, "axis": "z", "origin": [10.17177, 18.11595, 7.9]},
			"faces": {
				"north": {"uv": [0, 0, 0, 8], "texture": "#0"},
				"east": {"uv": [16, 8, 0, 0], "texture": "#0"},
				"south": {"uv": [0, 0, 0, 8], "texture": "#0"},
				"west": {"uv": [16, 8.032, 0.032, 16], "texture": "#0"},
				"up": {"uv": [0, 0, 0, 16], "texture": "#0"},
				"down": {"uv": [0, 0, 0, 16], "texture": "#0"}
			}
		},
		{
			"from": [10.17177, 14.81595, -1.26595],
			"to": [10.17177, 30.81595, 6.73405],
			"rotation": {"angle": 22.5, "axis": "y", "origin": [10.17177, 22.81595, 3.1]},
			"faces": {
				"north": {"uv": [0, 0, 0, 16], "rotation": 180, "texture": "#0"},
				"east": {"uv": [0, 0, 16, 8], "rotation": 90, "texture": "#0"},
				"south": {"uv": [0, 0, 0, 16], "texture": "#0"},
				"west": {"uv": [0.032, 16, 16, 8.032], "rotation": 270, "texture": "#0"},
				"up": {"uv": [0, 0, 0, 8], "rotation": 180, "texture": "#0"},
				"down": {"uv": [0, 0, 0, 8], "texture": "#0"}
			}
		},
		{
			"from": [10.07177, 14.81595, 8.93405],
			"to": [10.07177, 30.81595, 16.93405],
			"rotation": {"angle": -22.5, "axis": "y", "origin": [10.07177, 22.81595, 13]},
			"faces": {
				"north": {"uv": [0, 0, 0, 16], "rotation": 180, "texture": "#0"},
				"east": {"uv": [0, 8, 16, 0], "rotation": 90, "texture": "#0"},
				"south": {"uv": [0, 0, 0, 16], "texture": "#0"},
				"west": {"uv": [0, 8, 16, 0], "rotation": 270, "texture": "#0"},
				"up": {"uv": [0, 0, 0, 8], "rotation": 180, "texture": "#0"},
				"down": {"uv": [0, 0, 0, 8], "texture": "#0"}
			}
		},
		{
			"from": [-3.5, 20, 5],
			"to": [4, 26, 11],
			"rotation": {"angle": 0, "axis": "y", "origin": [9, 29, 16]},
			"faces": {
				"north": {"uv": [0, 0, 7.5, 6], "texture": "#4"},
				"east": {"uv": [0, 0, 6, 6], "texture": "#4"},
				"south": {"uv": [0, 0, 7.5, 6], "texture": "#4"},
				"west": {"uv": [0, 0, 6, 6], "texture": "#4"},
				"up": {"uv": [0, 0, 7.5, 6], "texture": "#4"},
				"down": {"uv": [0, 0, 7.5, 6], "texture": "#4"}
			}
		},
		{
			"from": [-5.5, 21, 6],
			"to": [-3, 25, 10],
			"rotation": {"angle": 0, "axis": "y", "origin": [7, 29, 16]},
			"faces": {
				"north": {"uv": [0, 0, 2.5, 4], "texture": "#4"},
				"east": {"uv": [0, 0, 4, 4], "texture": "#4"},
				"south": {"uv": [0, 0, 2.5, 4], "texture": "#4"},
				"west": {"uv": [0, 0, 4, 4], "texture": "#4"},
				"up": {"uv": [0, 0, 2.5, 4], "texture": "#4"},
				"down": {"uv": [0, 0, 2.5, 4], "texture": "#4"}
			}
		},
		{
			"from": [0, 15.25, 6],
			"to": [4, 20, 10],
			"rotation": {"angle": 0, "axis": "y", "origin": [9, 24, 16.25]},
			"faces": {
				"north": {"uv": [0, 0, 4, 4.75], "texture": "#4"},
				"east": {"uv": [0, 0, 4, 4.75], "texture": "#4"},
				"south": {"uv": [0, 0, 4, 4.75], "texture": "#4"},
				"west": {"uv": [0, 0, 4, 4.75], "texture": "#4"},
				"up": {"uv": [0, 0, 4, 4], "texture": "#4"},
				"down": {"uv": [0, 0, 4, 4], "texture": "#4"}
			}
		},
		{
			"from": [1.95291, 9.17479, 9.5],
			"to": [2.95291, 10.17479, 10.5],
			"rotation": {"angle": 22.5, "axis": "z", "origin": [2.12791, 10.87479, 7.8]},
			"faces": {
				"north": {"uv": [0, 0, 1, 1], "rotation": 270, "texture": "#2"},
				"east": {"uv": [0, 0, 1, 1], "rotation": 90, "texture": "#2"},
				"south": {"uv": [0, 0, 1, 1], "rotation": 90, "texture": "#2"},
				"west": {"uv": [0, 0, 1, 1], "rotation": 90, "texture": "#2"},
				"up": {"uv": [0, 0, 1, 1], "rotation": 90, "texture": "#2"},
				"down": {"uv": [0, 0, 1, 1], "rotation": 90, "texture": "#2"}
			}
		},
		{
			"from": [1.95291, 9.17479, 5.5],
			"to": [2.95291, 10.17479, 6.5],
			"rotation": {"angle": 22.5, "axis": "z", "origin": [2.12791, 10.87479, 7.8]},
			"faces": {
				"north": {"uv": [0, 0, 1, 1], "rotation": 270, "texture": "#2"},
				"east": {"uv": [0, 0, 1, 1], "rotation": 90, "texture": "#2"},
				"south": {"uv": [0, 0, 1, 1], "rotation": 90, "texture": "#2"},
				"west": {"uv": [0, 0, 1, 1], "rotation": 90, "texture": "#2"},
				"up": {"uv": [0, 0, 1, 1], "rotation": 90, "texture": "#2"},
				"down": {"uv": [0, 0, 1, 1], "rotation": 90, "texture": "#2"}
			}
		},
		{
			"from": [1.95291, 9.17479, 7.5],
			"to": [2.95291, 10.17479, 8.5],
			"rotation": {"angle": 22.5, "axis": "z", "origin": [2.12791, 10.87479, 7.8]},
			"faces": {
				"north": {"uv": [0, 0, 1, 1], "rotation": 270, "texture": "#2"},
				"east": {"uv": [0, 0, 1, 1], "rotation": 90, "texture": "#2"},
				"south": {"uv": [0, 0, 1, 1], "rotation": 90, "texture": "#2"},
				"west": {"uv": [0, 0, 1, 1], "rotation": 90, "texture": "#2"},
				"up": {"uv": [0, 0, 1, 1], "rotation": 90, "texture": "#2"},
				"down": {"uv": [0, 0, 1, 1], "rotation": 90, "texture": "#2"}
			}
		},
		{
			"from": [2, 22.7, 7.7],
			"to": [11.5, 23.1, 8.1],
			"rotation": {"angle": 0, "axis": "y", "origin": [7, 30.4, 15.4]},
			"faces": {
				"north": {"uv": [7.5, 7.625, 8.26, 8.363], "texture": "#0"},
				"east": {"uv": [7.5, 7.625, 8.26, 8.363], "texture": "#0"},
				"south": {"uv": [7.5, 7.625, 8.26, 8.363], "texture": "#0"},
				"west": {"uv": [7.5, 7.625, 8.26, 8.363], "texture": "#0"},
				"up": {"uv": [7.5, 7.625, 8.26, 8.363], "texture": "#0"},
				"down": {"uv": [7.5, 7.625, 8.26, 8.363], "texture": "#0"}
			}
		},
		{
			"from": [11.5, 21.5, 6.5],
			"to": [11.5, 24.3, 9.4],
			"rotation": {"angle": 0, "axis": "y", "origin": [18.5, 29.5, 15.4]},
			"faces": {
				"north": {"uv": [7.5, 7.625, 8.26, 8.363], "texture": "#0"},
				"east": {"uv": [7.5, 7.625, 8.26, 8.363], "texture": "#0"},
				"south": {"uv": [0, 0, 0, 2.8], "texture": "#missing"},
				"west": {"uv": [7.5, 7.625, 8.26, 8.363], "texture": "#0"},
				"up": {"uv": [0, 0, 0, 2.9], "texture": "#missing"},
				"down": {"uv": [0, 0, 0, 2.9], "texture": "#missing"}
			}
		},
		{
			"name": "fan_leaves1",
			"from": [8, 15, -0.1],
			"to": [8, 31, 15.9],
			"rotation": {"angle": 45, "axis": "x", "origin": [8, 23, 7.9]},
			"faces": {
				"north": {"uv": [0, 0, 0, 16], "rotation": 180, "texture": "#1"},
				"east": {"uv": [0, 0, 8, 8], "rotation": 90, "texture": "#1"},
				"south": {"uv": [0, 0, 0, 16], "texture": "#1"},
				"west": {"uv": [0, 0, 8, 8], "rotation": 90, "texture": "#1"},
				"up": {"uv": [0, 0, 0, 16], "texture": "#1"},
				"down": {"uv": [0, 0, 0, 16], "rotation": 180, "texture": "#1"}
			}
		},
		{
			"name": "fan_leaves2",
			"from": [8, 15, -0.1],
			"to": [8, 31, 15.9],
			"rotation": {"angle": 22.5, "axis": "x", "origin": [8, 23, 7.9]},
			"faces": {
				"north": {"uv": [0, 0, 0, 16], "rotation": 180, "texture": "#1"},
				"east": {"uv": [8, 0, 16, 8], "rotation": 90, "texture": "#1"},
				"south": {"uv": [0, 0, 0, 16], "texture": "#1"},
				"west": {"uv": [8, 0, 16, 8], "rotation": 90, "texture": "#1"},
				"up": {"uv": [0, 0, 0, 16], "texture": "#1"},
				"down": {"uv": [0, 0, 0, 16], "rotation": 180, "texture": "#1"}
			}
		},
		{
			"name": "fan_leaves3",
			"from": [8, 15, -0.1],
			"to": [8, 31, 15.9],
			"rotation": {"angle": 0, "axis": "x", "origin": [8, 23, 7.9]},
			"faces": {
				"north": {"uv": [0, 0, 0, 16], "rotation": 180, "texture": "#1"},
				"east": {"uv": [0, 8, 8, 16], "rotation": 90, "texture": "#1"},
				"south": {"uv": [0, 0, 0, 16], "texture": "#1"},
				"west": {"uv": [0, 8, 8, 16], "rotation": 90, "texture": "#1"},
				"up": {"uv": [0, 0, 0, 16], "texture": "#1"},
				"down": {"uv": [0, 0, 0, 16], "rotation": 180, "texture": "#1"}
			}
		},
		{
			"name": "fan_leaves4",
			"from": [8, 15, -0.1],
			"to": [8, 31, 15.9],
			"rotation": {"angle": -22.5, "axis": "x", "origin": [8, 23, 7.9]},
			"faces": {
				"north": {"uv": [0, 0, 0, 16], "rotation": 180, "texture": "#1"},
				"east": {"uv": [8, 8, 16, 16], "rotation": 90, "texture": "#1"},
				"south": {"uv": [0, 0, 0, 16], "texture": "#1"},
				"west": {"uv": [8, 8, 16, 16], "rotation": 90, "texture": "#1"},
				"up": {"uv": [0, 0, 0, 16], "texture": "#1"},
				"down": {"uv": [0, 0, 0, 16], "rotation": 180, "texture": "#1"}
			}
		},
		{
			"from": [1.20291, 12.17479, 6.4],
			"to": [4.95291, 17.67479, 9.6],
			"rotation": {"angle": 22.5, "axis": "z", "origin": [2.12791, 10.87479, 8.3]},
			"faces": {
				"north": {"uv": [0, 0, 5.5, 3.75], "rotation": 270, "texture": "#3"},
				"east": {"uv": [0, 0, 5.5, 3.2], "rotation": 90, "texture": "#3"},
				"south": {"uv": [0, 0, 5.5, 3.75], "rotation": 90, "texture": "#3"},
				"west": {"uv": [0, 0, 5.5, 3.2], "rotation": 90, "texture": "#3"},
				"up": {"uv": [0, 0, 3.2, 3.75], "rotation": 90, "texture": "#3"},
				"down": {"uv": [0, 0, 3.2, 3.75], "rotation": 90, "texture": "#3"}
			}
		},
		{
			"from": [-1.04709, 7.42479, 5],
			"to": [2.45291, 15.42479, 11],
			"rotation": {"angle": 22.5, "axis": "z", "origin": [2.12791, 10.87479, 8.3]},
			"faces": {
				"north": {"uv": [0, 0, 8, 3.5], "rotation": 270, "texture": "#3"},
				"east": {"uv": [4, 5, 12, 11], "rotation": 90, "texture": "#3"},
				"south": {"uv": [0, 0, 8, 3.5], "rotation": 90, "texture": "#3"},
				"west": {"uv": [0, 0, 8, 6], "rotation": 90, "texture": "#3"},
				"up": {"uv": [0, 0, 6, 3.5], "rotation": 90, "texture": "#3"},
				"down": {"uv": [0, 0, 6, 3.5], "rotation": 90, "texture": "#3"}
			}
		},
		{
			"from": [1.95291, 0.67479, 8.5],
			"to": [2.15291, 7.17479, 8.7],
			"rotation": {"angle": 22.5, "axis": "z", "origin": [2.12791, 7.87479, 7.8]},
			"faces": {
				"north": {"uv": [0, 0, 6.5, 0.2], "rotation": 270, "texture": "#4"},
				"east": {"uv": [0, 0, 6.5, 0.2], "rotation": 90, "texture": "#4"},
				"south": {"uv": [0, 0, 6.5, 0.2], "rotation": 90, "texture": "#4"},
				"west": {"uv": [0, 0, 6.5, 0.2], "rotation": 90, "texture": "#4"},
				"up": {"uv": [0, 0, 0.2, 0.2], "rotation": 90, "texture": "#4"},
				"down": {"uv": [0, 0, 0.2, 0.2], "rotation": 90, "texture": "#4"}
			}
		},
		{
			"from": [1.95291, -0.32521, 7.3],
			"to": [2.15291, 7.17479, 7.5],
			"rotation": {"angle": 22.5, "axis": "z", "origin": [2.12791, 7.87479, 7.8]},
			"faces": {
				"north": {"uv": [0, 0, 7.5, 0.2], "rotation": 270, "texture": "#4"},
				"east": {"uv": [0, 0, 7.5, 0.2], "rotation": 90, "texture": "#4"},
				"south": {"uv": [0, 0, 7.5, 0.2], "rotation": 90, "texture": "#4"},
				"west": {"uv": [0, 0, 7.5, 0.2], "rotation": 90, "texture": "#4"},
				"up": {"uv": [0, 0, 0.2, 0.2], "rotation": 90, "texture": "#4"},
				"down": {"uv": [0, 0, 0.2, 0.2], "rotation": 90, "texture": "#4"}
			}
		},
		{
			"from": [0.55291, -0.82521, 7.1],
			"to": [1.25291, -0.12521, 7.7],
			"rotation": {"angle": 22.5, "axis": "z", "origin": [2.12791, 10.87479, 7.8]},
			"faces": {
				"north": {"uv": [0, 0, 0.7, 0.7], "rotation": 270, "texture": "#3"},
				"east": {"uv": [0, 0, 0.7, 0.6], "rotation": 90, "texture": "#3"},
				"south": {"uv": [0, 0, 0.7, 0.7], "rotation": 90, "texture": "#3"},
				"west": {"uv": [0, 0, 0.7, 0.6], "rotation": 90, "texture": "#3"},
				"up": {"uv": [0, 0, 0.6, 0.7], "rotation": 90, "texture": "#3"},
				"down": {"uv": [0, 0, 0.6, 0.7], "rotation": 90, "texture": "#3"}
			}
		},
		{
			"from": [0.55291, 0.17479, 8.3],
			"to": [1.25291, 0.87479, 8.9],
			"rotation": {"angle": 22.5, "axis": "z", "origin": [2.12791, 10.87479, 7.8]},
			"faces": {
				"north": {"uv": [0, 0, 0.7, 0.7], "rotation": 270, "texture": "#3"},
				"east": {"uv": [0, 0, 0.7, 0.6], "rotation": 90, "texture": "#3"},
				"south": {"uv": [0, 0, 0.7, 0.7], "rotation": 90, "texture": "#3"},
				"west": {"uv": [0, 0, 0.7, 0.6], "rotation": 90, "texture": "#3"},
				"up": {"uv": [0, 0, 0.6, 0.7], "rotation": 90, "texture": "#3"},
				"down": {"uv": [0, 0, 0.6, 0.7], "rotation": 90, "texture": "#3"}
			}
		}
	],
	"gui_light": "front",
	"display": {
		"thirdperson_righthand": {
			"rotation": [75, 45, 0],
			"translation": [0, 2.5, 0],
			"scale": [0.2, 0.2, 0.2]
		},
		"thirdperson_lefthand": {
			"rotation": [75, 45, 0],
			"translation": [0, 2.5, 0],
			"scale": [0.2, 0.2, 0.2]
		},
		"firstperson_righthand": {
			"rotation": [0, -139.25, 0],
			"scale": [0.4, 0.4, 0.4]
		},
		"firstperson_lefthand": {
			"rotation": [0, -279.5, 0],
			"scale": [0.4, 0.4, 0.4]
		},
		"ground": {
			"translation": [0, 3, 0],
			"scale": [0.25, 0.25, 0.25]
		},
		"gui": {
			"rotation": [30, -45, 0],
			"translation": [1.25, -5.25, 0],
			"scale": [0.6, 0.6, 0.6]
		},
		"head": {
			"rotation": [0, 180, 0],
			"translation": [0, 13, 0.25]
		},
		"fixed": {
			"rotation": [-21.5, 90, 0],
			"translation": [0, -21.5, -12.5],
			"scale": [2, 2, 2]
		}
	},
	"groups": [
		{
			"name": "ring",
			"origin": [4.82823, 22.61595, 13],
			"children": [
				{
					"name": "hexadecagon",
					"origin": [8, 8, 8],
					"children": [
						{
							"name": "hexadecagon",
							"origin": [8, 8, 8],
							"children": [
								{
									"name": "group",
									"origin": [8, 23, 8],
									"children": [0, 1, 2, 3, 4, 5, 6, 7]
								},
								{
									"name": "group",
									"origin": [8, 23, 8],
									"children": [8, 9, 10, 11, 12, 13, 14, 15]
								}
							]
						},
						{
							"name": "group",
							"origin": [8, 23, 8],
							"children": [16, 17, 18, 19, 20, 21, 22, 23]
						},
						{
							"name": "group",
							"origin": [8, 23, 8],
							"children": [24, 25, 26, 27, 28, 29, 30, 31]
						}
					]
				}
			]
		},
		{
			"name": "frame",
			"origin": [4.82823, 22.61595, 13],
			"children": [
				{
					"name": "group",
					"origin": [4.82823, 22.61595, 13],
					"children": [32, 33, 34, 35]
				},
				{
					"name": "group",
					"origin": [4.82823, 22.61595, 13],
					"children": [36, 37, 38, 39]
				}
			]
		}, 40, 41, 42, 43, 44, 45, 46, 47, 48, 49, 50, 51, 52, 53, 54, 55, 56, 57]
}