{
	"credit": "Yuushya",
	"ambientocclusion": false,
	"texture_size": [64, 64],
	"textures": {
		"0": "yuushya:0extra_building_material/preview/freezer_",
		"1": "yuushya:block/black_wool",
		"7": "yuushya:0extra_building_material/preview/rice_cooker",
		"particle": "yuushya:0extra_building_material/preview/freezer_"
	},
	"elements": [
		{
			"from": [5, 9, 18],
			"to": [22, 20, 20],
			"rotation": {"angle": 0, "axis": "y", "origin": [0, 8, 8]},
			"faces": {
				"north": {"uv": [0.5, 11, 4.75, 13.75], "texture": "#0"},
				"east": {"uv": [0, 0, 2, 11], "texture": "#missing"},
				"south": {"uv": [0, 0, 16, 11], "texture": "#missing"},
				"west": {"uv": [0, 0, 2, 11], "texture": "#missing"},
				"up": {"uv": [5.25, 14.5, 9.5, 15], "texture": "#0"},
				"down": {"uv": [0, 0, 16, 2], "texture": "#missing"}
			}
		},
		{
			"name": "WHEEL",
			"from": [18, 0, 19],
			"to": [22, 1, 21],
			"rotation": {"angle": 0, "axis": "y", "origin": [0, 8, 8]},
			"faces": {
				"north": {"uv": [0, 0, 4, 1], "texture": "#1"},
				"east": {"uv": [0, 0, 2, 1], "texture": "#1"},
				"south": {"uv": [0, 0, 4, 1], "texture": "#1"},
				"west": {"uv": [0, 0, 2, 1], "texture": "#1"},
				"up": {"uv": [0, 0, 1, 0.5], "texture": "#0"},
				"down": {"uv": [0, 0, 4, 2], "texture": "#1"}
			}
		},
		{
			"name": "WHEEL",
			"from": [-14, 0, 19],
			"to": [-10, 1, 21],
			"rotation": {"angle": 0, "axis": "y", "origin": [0, 8, 8]},
			"faces": {
				"north": {"uv": [0, 0, 4, 1], "texture": "#1"},
				"east": {"uv": [0, 0, 2, 1], "texture": "#1"},
				"south": {"uv": [0, 0, 4, 1], "texture": "#1"},
				"west": {"uv": [0, 0, 2, 1], "texture": "#1"},
				"up": {"uv": [0, 0, 1, 0.5], "texture": "#0"},
				"down": {"uv": [0, 0, 4, 2], "texture": "#1"}
			}
		},
		{
			"name": "WHEEL",
			"from": [-14, 0, 1],
			"to": [-10, 1, 3],
			"rotation": {"angle": 0, "axis": "y", "origin": [0, 8, 8]},
			"faces": {
				"north": {"uv": [0, 0, 4, 1], "texture": "#1"},
				"east": {"uv": [0, 0, 2, 1], "texture": "#1"},
				"south": {"uv": [0, 0, 4, 1], "texture": "#1"},
				"west": {"uv": [0, 0, 2, 1], "texture": "#1"},
				"up": {"uv": [0, 0, 1, 0.5], "texture": "#0"},
				"down": {"uv": [0, 0, 4, 2], "texture": "#1"}
			}
		},
		{
			"name": "WHEEL",
			"from": [18, 0, 1],
			"to": [22, 1, 3],
			"rotation": {"angle": 0, "axis": "y", "origin": [0, 8, 8]},
			"faces": {
				"north": {"uv": [0, 0, 4, 1], "texture": "#1"},
				"east": {"uv": [0, 0, 2, 1], "texture": "#1"},
				"south": {"uv": [0, 0, 4, 1], "texture": "#1"},
				"west": {"uv": [0, 0, 2, 1], "texture": "#1"},
				"up": {"uv": [0, 0, 1, 0.5], "texture": "#0"},
				"down": {"uv": [0, 0, 4, 2], "texture": "#1"}
			}
		},
		{
			"from": [-16, 1, 20],
			"to": [24, 21, 22],
			"rotation": {"angle": 0, "axis": "y", "origin": [0, 8, 8]},
			"faces": {
				"north": {"uv": [0, 10.5, 10, 15.5], "texture": "#0"},
				"east": {"uv": [10.5, 10.5, 11, 15.5], "texture": "#0"},
				"south": {"uv": [0, 5.5, 10, 10.5], "texture": "#0"},
				"west": {"uv": [15.5, 5.5, 16, 10.5], "texture": "#0"},
				"up": {"uv": [0, 15.5, 10, 16], "texture": "#0"},
				"down": {"uv": [3, 2, 4, 3], "rotation": 270, "texture": "#1"}
			}
		},
		{
			"from": [-16, 1, 0],
			"to": [24, 21, 2],
			"rotation": {"angle": 0, "axis": "y", "origin": [0, 8, 8]},
			"faces": {
				"north": {"uv": [10, 5.5, 0, 10.5], "texture": "#0"},
				"east": {"uv": [15.5, 10.5, 16, 15.5], "texture": "#0"},
				"south": {"uv": [0, 10.5, 10, 15.5], "texture": "#0"},
				"west": {"uv": [10.5, 5.5, 11, 10.5], "texture": "#0"},
				"up": {"uv": [0, 10.5, 10, 11], "texture": "#0"},
				"down": {"uv": [3, 2, 4, 3], "rotation": 270, "texture": "#1"}
			}
		},
		{
			"from": [22, 1, 2],
			"to": [24, 21, 20],
			"rotation": {"angle": 0, "axis": "y", "origin": [0, 8, 8]},
			"faces": {
				"north": {"uv": [0, 0, 2, 16], "texture": "#missing"},
				"east": {"uv": [11, 10.5, 15.5, 15.5], "texture": "#0"},
				"south": {"uv": [0, 0, 2, 16], "texture": "#missing"},
				"west": {"uv": [5, 11, 9.5, 16], "texture": "#0"},
				"up": {"uv": [9.5, 11, 10, 15.5], "texture": "#0"},
				"down": {"uv": [3, 2, 4, 3], "rotation": 270, "texture": "#1"}
			}
		},
		{
			"from": [-14, 2, 2],
			"to": [5, 21, 20],
			"rotation": {"angle": 0, "axis": "y", "origin": [0, 8, 8]},
			"faces": {
				"north": {"uv": [0, 0, 16, 16], "texture": "#missing"},
				"east": {"uv": [4.75, 11, 9.25, 15.75], "texture": "#0"},
				"south": {"uv": [0, 0, 16, 16], "texture": "#missing"},
				"west": {"uv": [0, 0, 16, 16], "texture": "#missing"},
				"up": {"uv": [0.5, 11, 0.75, 15.5], "texture": "#0"},
				"down": {"uv": [0, 0, 16, 16], "rotation": 270, "texture": "#missing"}
			}
		},
		{
			"from": [4, 21, 0],
			"to": [24, 22, 22],
			"rotation": {"angle": 0, "axis": "y", "origin": [18, 8, 8]},
			"faces": {
				"north": {"uv": [1, 11, 6, 11.25], "texture": "#0"},
				"east": {"uv": [1, 11, 6.5, 11.25], "texture": "#0"},
				"south": {"uv": [1, 11, 6, 11.25], "texture": "#0"},
				"west": {"uv": [1, 11, 6.5, 11.25], "texture": "#0"},
				"up": {"uv": [5, 10.5, 10, 16], "texture": "#0"},
				"down": {"uv": [0, 0, 5.5, 5], "rotation": 270, "texture": "#0"}
			}
		},
		{
			"from": [-16, 21, 0],
			"to": [3, 22, 22],
			"rotation": {"angle": 0, "axis": "y", "origin": [-3, 8, 8]},
			"faces": {
				"north": {"uv": [1, 11, 5.75, 11.25], "texture": "#0"},
				"east": {"uv": [1, 11, 6.5, 11.25], "texture": "#0"},
				"south": {"uv": [1, 11, 5.75, 11.25], "texture": "#0"},
				"west": {"uv": [1, 11, 6.5, 11.25], "texture": "#0"},
				"up": {"uv": [0, 10.5, 4.75, 16], "texture": "#0"},
				"down": {"uv": [0, 0, 5.5, 4.75], "rotation": 270, "texture": "#0"}
			}
		},
		{
			"from": [5, 2, 2],
			"to": [22, 21, 20],
			"rotation": {"angle": 0, "axis": "y", "origin": [17, 8, 8]},
			"faces": {
				"north": {"uv": [0, 0, 4.25, 4.75], "texture": "#missing"},
				"east": {"uv": [4.75, 11, 9.25, 15.75], "texture": "#0"},
				"south": {"uv": [0, 0, 4.25, 4.75], "texture": "#missing"},
				"west": {"uv": [0, 0, 4.5, 4.75], "texture": "#missing"},
				"up": {"uv": [5.25, 11, 9.5, 15.5], "texture": "#0"},
				"down": {"uv": [0, 0, 4.5, 4.25], "rotation": 270, "texture": "#missing"}
			}
		},
		{
			"from": [-16, 1, 2],
			"to": [-14, 21, 20],
			"rotation": {"angle": 0, "axis": "y", "origin": [0, 8, 8]},
			"faces": {
				"north": {"uv": [0, 0, 2, 16], "texture": "#missing"},
				"east": {"uv": [0, 0, 16, 16], "texture": "#missing"},
				"south": {"uv": [0, 0, 2, 16], "texture": "#missing"},
				"west": {"uv": [11, 5.5, 15.5, 10.5], "texture": "#0"},
				"up": {"uv": [0, 11, 0.5, 15.5], "texture": "#0"},
				"down": {"uv": [3, 2, 4, 3], "rotation": 270, "texture": "#1"}
			}
		},
		{
			"from": [-14, 1, 2],
			"to": [22, 8, 20],
			"rotation": {"angle": 0, "axis": "y", "origin": [0, 8, 8]},
			"faces": {
				"north": {"uv": [0, 0, 16, 8], "texture": "#missing"},
				"east": {"uv": [0, 0, 16, 8], "texture": "#missing"},
				"south": {"uv": [0, 0, 16, 8], "texture": "#missing"},
				"west": {"uv": [0, 0, 16, 8], "texture": "#missing"},
				"up": {"uv": [0.5, 11, 9.5, 15.5], "texture": "#0"},
				"down": {"uv": [3, 2, 4, 3], "rotation": 270, "texture": "#1"}
			}
		},
		{
			"from": [5, 9, 2],
			"to": [22, 20, 4],
			"rotation": {"angle": 0, "axis": "y", "origin": [0, 8, 8]},
			"faces": {
				"north": {"uv": [0, 0, 16, 11], "texture": "#missing"},
				"east": {"uv": [0, 0, 2, 11], "texture": "#missing"},
				"south": {"uv": [0.5, 11, 4.75, 13.75], "texture": "#0"},
				"west": {"uv": [0, 0, 2, 11], "texture": "#missing"},
				"up": {"uv": [5.25, 11, 9.5, 11.5], "texture": "#0"},
				"down": {"uv": [0, 0, 16, 2], "texture": "#missing"}
			}
		},
		{
			"from": [5, 9, 4],
			"to": [6, 20, 18],
			"rotation": {"angle": 0, "axis": "y", "origin": [0, 8, 8]},
			"faces": {
				"north": {"uv": [0, 0, 1, 11], "texture": "#missing"},
				"east": {"uv": [0.5, 11, 4, 13.75], "texture": "#0"},
				"south": {"uv": [0, 0, 1, 11], "texture": "#missing"},
				"west": {"uv": [0, 0, 14, 11], "texture": "#missing"},
				"up": {"uv": [9.5, 11.5, 9.75, 15], "texture": "#0"},
				"down": {"uv": [0, 0, 1, 14], "texture": "#missing"}
			}
		},
		{
			"from": [21, 9, 4],
			"to": [22, 20, 18],
			"rotation": {"angle": 0, "axis": "y", "origin": [0, 8, 8]},
			"faces": {
				"north": {"uv": [0, 0, 1, 11], "texture": "#missing"},
				"east": {"uv": [0, 0, 14, 11], "texture": "#missing"},
				"south": {"uv": [0, 0, 1, 11], "texture": "#missing"},
				"west": {"uv": [0.5, 11, 4, 13.75], "texture": "#0"},
				"up": {"uv": [9.5, 11.5, 9.75, 15], "texture": "#0"},
				"down": {"uv": [0, 0, 1, 14], "texture": "#missing"}
			}
		},
		{
			"from": [-14, 12, 22.05],
			"to": [-10, 19, 22.05],
			"rotation": {"angle": 0, "axis": "y", "origin": [-3, 26, 29.1]},
			"faces": {
				"north": {"uv": [12, 0, 16, 7], "texture": "#7"},
				"east": {"uv": [0, 0, 0, 7], "texture": "#missing"},
				"south": {"uv": [12, 0, 16, 7], "texture": "#7"},
				"west": {"uv": [0, 0, 0, 7], "texture": "#missing"},
				"up": {"uv": [0, 0, 4, 0], "texture": "#missing"},
				"down": {"uv": [0, 0, 4, 0], "texture": "#missing"}
			}
		}
	],
	"display": {
		"thirdperson_righthand": {
			"rotation": [75, 45, 0],
			"translation": [0, 2.5, 0],
			"scale": [0.375, 0.375, 0.375]
		},
		"thirdperson_lefthand": {
			"rotation": [75, 45, 0],
			"translation": [0, 2.5, 0],
			"scale": [0.375, 0.375, 0.375]
		},
		"firstperson_righthand": {
			"rotation": [0, 100, 0],
			"scale": [0.2, 0.2, 0.2]
		},
		"firstperson_lefthand": {
			"rotation": [0, 100, 0],
			"scale": [0.2, 0.2, 0.2]
		},
		"ground": {
			"translation": [0, 3, 0],
			"scale": [0.25, 0.25, 0.25]
		},
		"gui": {
			"rotation": [30, 45, 0],
			"translation": [0.5, -1.5, 0],
			"scale": [0.45, 0.45, 0.45]
		},
		"fixed": {
			"rotation": [-90, 0, 0],
			"translation": [0, 0, -14],
			"scale": [2, 2, 2]
		}
	},
	"groups": [
		{
			"name": "Freezer",
			"origin": [8, 8, 8],
			"children": [0, 1, 2, 3, 4, 5, 6, 7, 8, 9, 10, 11, 12, 13, 14, 15, 16]
		}, 17]
}