{
	"ambientocclusion": false,
	"textures": {
		"0": "yuushya:0extra_building_material/preview/clothes/1",
		"2": "yuushya:0extra_building_material/preview/hangerwh",
		"particle": "yuushya:0extra_building_material/preview/hangerwh"
	},
	"elements": [
		{
			"from": [0.5, -5.5, 1],
			"to": [15.5, 16.5, 1],
			"rotation": {"angle": 0, "axis": "y", "origin": [8, 5.5, 1]},
			"faces": {
				"north": {"uv": [7.5, 0, 15, 11], "texture": "#0"},
				"east": {"uv": [0, 0, 0, 16], "texture": "#0"},
				"south": {"uv": [0, 0, 7.5, 11], "texture": "#0"},
				"west": {"uv": [0, 0, 0, 16], "texture": "#0"},
				"up": {"uv": [0, 0, 0, 15], "rotation": 270, "texture": "#0"},
				"down": {"uv": [0, 0, 0, 15], "rotation": 90, "texture": "#0"}
			}
		},
		{
			"from": [0.5, -5.5, 1.1],
			"to": [15.5, 16.5, 1.1],
			"rotation": {"angle": 0, "axis": "y", "origin": [7.5, 5.5, 1]},
			"faces": {
				"north": {"uv": [7.5, 0, 15, 11], "texture": "#0"},
				"east": {"uv": [0, 0, 0, 16], "texture": "#0"},
				"south": {"uv": [0, 0, 7.5, 11], "texture": "#0"},
				"west": {"uv": [0, 0, 0, 16], "texture": "#0"},
				"up": {"uv": [0, 0, 0, 15], "rotation": 270, "texture": "#0"},
				"down": {"uv": [0, 0, 0, 15], "rotation": 90, "texture": "#0"}
			}
		},
		{
			"from": [0.5, -5.5, 0.8],
			"to": [15.5, 16.5, 0.8],
			"rotation": {"angle": 0, "axis": "y", "origin": [7.5, 5.5, 1]},
			"faces": {
				"north": {"uv": [7.5, 0, 15, 11], "texture": "#0"},
				"east": {"uv": [0, 0, 0, 16], "texture": "#0"},
				"south": {"uv": [0, 0, 7.5, 11], "texture": "#0"},
				"west": {"uv": [0, 0, 0, 16], "texture": "#0"},
				"up": {"uv": [0, 0, 0, 15], "rotation": 270, "texture": "#0"},
				"down": {"uv": [0, 0, 0, 15], "rotation": 90, "texture": "#0"}
			}
		},
		{
			"from": [6.5, 17, -3],
			"to": [8.5, 18, 2],
			"rotation": {"angle": 0, "axis": "y", "origin": [15.5, 25, 8]},
			"faces": {
				"north": {"uv": [7, 11, 8, 12], "texture": "#2"},
				"east": {"uv": [7, 11, 8, 12], "texture": "#2"},
				"south": {"uv": [7, 11, 8, 12], "texture": "#2"},
				"west": {"uv": [7, 11, 8, 12], "texture": "#2"},
				"up": {"uv": [7, 11, 8, 12], "texture": "#2"},
				"down": {"uv": [7, 11, 8, 12], "texture": "#2"}
			}
		},
		{
			"from": [-0.3, 12, 1],
			"to": [15.7, 19, 1],
			"rotation": {"angle": 0, "axis": "y", "origin": [7.7, 20, 9]},
			"faces": {
				"north": {"uv": [0, 9, 16, 16], "texture": "#2"},
				"east": {"uv": [0, 0, 0, 7], "texture": "#2"},
				"south": {"uv": [0, 9, 16, 16], "texture": "#2"},
				"west": {"uv": [0, 0, 0, 7], "texture": "#2"},
				"up": {"uv": [0, 0, 16, 0], "texture": "#2"},
				"down": {"uv": [0, 0, 16, 0], "texture": "#2"}
			}
		}
	],
	"gui_light": "front",
	"display": {
		"thirdperson_righthand": {
			"rotation": [75, 45, 0],
			"translation": [0, 2.5, 0],
			"scale": [0.375, 0.375, 0.375]
		},
		"thirdperson_lefthand": {
			"rotation": [75, 45, 0],
			"translation": [0, 2.5, 0],
			"scale": [0.375, 0.375, 0.375]
		},
		"firstperson_righthand": {
			"rotation": [0, 45, 0],
			"scale": [0.4, 0.4, 0.4]
		},
		"firstperson_lefthand": {
			"rotation": [0, 225, 0],
			"scale": [0.4, 0.4, 0.4]
		},
		"ground": {
			"translation": [0, 3, 0],
			"scale": [0.25, 0.25, 0.25]
		},
		"gui": {
			"rotation": [30, 45, 0],
			"translation": [3.75, -0.5, 0],
			"scale": [0.8, 0.8, 0.8]
		},
		"fixed": {
			"rotation": [0, -180, 0],
			"translation": [0, -8, -17],
			"scale": [2, 2, 2]
		}
	}
}