{
	"credit": "Yuushya", "ambientocclusion": false,
	"textures": {
		"0": "block/white_terracotta",
		"1": "block/anvil",
		"2": "block/dark_concrete",
		"3": "block/light_gray_concrete",
		"particle": "block/white_terracotta"
	},
	"elements": [
		{
			"from": [3, 1, 8.025],
			"to": [9, 11, 13.975],
			"rotation": {"angle": -22.5, "axis": "z", "origin": [6.5, 6, 12.5]},
			"faces": {
				"north": {"uv": [0, 0, 6, 10], "texture": "#0"},
				"east": {"uv": [0, 0, 5.95, 10], "texture": "#0"},
				"south": {"uv": [0, 0, 6, 10], "texture": "#0"},
				"west": {"uv": [0, 0, 5.95, 10], "texture": "#0"},
				"up": {"uv": [0, 0, 6, 5.95], "texture": "#0"},
				"down": {"uv": [0, 0, 6, 5.95], "texture": "#0"}
			}
		},
		{
			"from": [1.0375, 0, 7],
			"to": [10.0375, 2.75, 15],
			"rotation": {"angle": 0, "axis": "z", "origin": [6.0375, -0.75, 12.5]},
			"faces": {
				"north": {"uv": [0, 0, 2.75, 9], "rotation": 270, "texture": "#1"},
				"east": {"uv": [0, 0, 2.75, 8], "rotation": 90, "texture": "#1"},
				"south": {"uv": [0, 0, 2.75, 9], "rotation": 90, "texture": "#1"},
				"west": {"uv": [0, 0, 2.75, 8], "rotation": 90, "texture": "#1"},
				"up": {"uv": [0, 0, 8, 9], "rotation": 90, "texture": "#1"},
				"down": {"uv": [0, 0, 8, 9], "rotation": 90, "texture": "#1"}
			}
		},
		{
			"from": [7.75, 12.25, 10.25],
			"to": [9.25, 18, 11.5],
			"rotation": {"angle": -22.5, "axis": "z", "origin": [8.5, 14.25, 10.75]},
			"faces": {
				"north": {"uv": [0, 0, 1.5, 5.75], "rotation": 180, "texture": "#3"},
				"east": {"uv": [0, 0, 1.25, 5.75], "rotation": 180, "texture": "#3"},
				"south": {"uv": [0, 0, 1.5, 5.75], "rotation": 180, "texture": "#3"},
				"west": {"uv": [0, 0, 1.25, 5.75], "rotation": 180, "texture": "#3"},
				"up": {"uv": [0, 0, 1.5, 1.25], "rotation": 180, "texture": "#3"},
				"down": {"uv": [0, 0, 1.5, 1.25], "rotation": 180, "texture": "#3"}
			}
		},
		{
			"from": [6.25, 8.5, 10.75],
			"to": [10.75, 11.5, 11],
			"rotation": {"angle": -22.5, "axis": "z", "origin": [9, 11, 11]},
			"faces": {
				"north": {"uv": [0, 0, 4.5, 3], "rotation": 180, "texture": "#2"},
				"east": {"uv": [0, 0, 0.25, 3], "rotation": 180, "texture": "#2"},
				"south": {"uv": [0, 0, 4.5, 3], "rotation": 180, "texture": "#2"},
				"west": {"uv": [0, 0, 0.25, 3], "rotation": 180, "texture": "#2"},
				"up": {"uv": [0, 0, 4.5, 0.25], "rotation": 180, "texture": "#2"},
				"down": {"uv": [0, 0, 4.5, 0.25], "rotation": 180, "texture": "#2"}
			}
		},
		{
			"from": [7.5, 11.75, 10.75],
			"to": [11.5, 12.5, 11],
			"rotation": {"angle": -22.5, "axis": "z", "origin": [9, 14, 11]},
			"faces": {
				"north": {"uv": [0, 0, 4, 0.75], "rotation": 180, "texture": "#2"},
				"east": {"uv": [0, 0, 0.25, 0.75], "rotation": 180, "texture": "#2"},
				"south": {"uv": [0, 0, 4, 0.75], "rotation": 180, "texture": "#2"},
				"west": {"uv": [0, 0, 0.25, 0.75], "rotation": 180, "texture": "#2"},
				"up": {"uv": [0, 0, 4, 0.25], "rotation": 180, "texture": "#2"},
				"down": {"uv": [0, 0, 4, 0.25], "rotation": 180, "texture": "#2"}
			}
		},
		{
			"from": [7.75, 11.75, 8.25],
			"to": [9.25, 16.75, 9.5],
			"rotation": {"angle": -22.5, "axis": "z", "origin": [8.5, 14.25, 8.75]},
			"faces": {
				"north": {"uv": [0, 0, 1.5, 5], "rotation": 180, "texture": "#3"},
				"east": {"uv": [0, 0, 1.25, 5], "rotation": 180, "texture": "#3"},
				"south": {"uv": [0, 0, 1.5, 5], "rotation": 180, "texture": "#3"},
				"west": {"uv": [0, 0, 1.25, 5], "rotation": 180, "texture": "#3"},
				"up": {"uv": [0, 0, 1.5, 1.25], "rotation": 180, "texture": "#3"},
				"down": {"uv": [0, 0, 1.5, 1.25], "rotation": 180, "texture": "#3"}
			}
		},
		{
			"from": [6.25, 8.5, 8.75],
			"to": [10.75, 12.5, 9],
			"rotation": {"angle": -22.5, "axis": "z", "origin": [9, 11, 9]},
			"faces": {
				"north": {"uv": [0, 0, 4.5, 4], "rotation": 180, "texture": "#2"},
				"east": {"uv": [0, 0, 0.25, 4], "rotation": 180, "texture": "#2"},
				"south": {"uv": [0, 0, 4.5, 4], "rotation": 180, "texture": "#2"},
				"west": {"uv": [0, 0, 0.25, 4], "rotation": 180, "texture": "#2"},
				"up": {"uv": [0, 0, 4.5, 0.25], "rotation": 180, "texture": "#2"},
				"down": {"uv": [0, 0, 4.5, 0.25], "rotation": 180, "texture": "#2"}
			}
		},
		{
			"from": [8.5, 11.75, 12.25],
			"to": [10, 16.75, 13.5],
			"rotation": {"angle": -22.5, "axis": "z", "origin": [9.25, 14.25, 12.75]},
			"faces": {
				"north": {"uv": [0, 0, 1.5, 5], "rotation": 180, "texture": "#3"},
				"east": {"uv": [0, 0, 1.25, 5], "rotation": 180, "texture": "#3"},
				"south": {"uv": [0, 0, 1.5, 5], "rotation": 180, "texture": "#3"},
				"west": {"uv": [0, 0, 1.25, 5], "rotation": 180, "texture": "#3"},
				"up": {"uv": [0, 0, 1.5, 1.25], "rotation": 180, "texture": "#3"},
				"down": {"uv": [0, 0, 1.5, 1.25], "rotation": 180, "texture": "#3"}
			}
		},
		{
			"from": [6.75, 8.5, 12.75],
			"to": [9.5, 12.5, 13],
			"rotation": {"angle": -22.5, "axis": "z", "origin": [9.75, 11, 13]},
			"faces": {
				"north": {"uv": [0, 0, 2.75, 4], "rotation": 180, "texture": "#2"},
				"east": {"uv": [0, 0, 0.25, 4], "rotation": 180, "texture": "#2"},
				"south": {"uv": [0, 0, 2.75, 4], "rotation": 180, "texture": "#2"},
				"west": {"uv": [0, 0, 0.25, 4], "rotation": 180, "texture": "#2"},
				"up": {"uv": [0, 0, 2.75, 0.25], "rotation": 180, "texture": "#2"},
				"down": {"uv": [0, 0, 2.75, 0.25], "rotation": 180, "texture": "#2"}
			}
		}
	],
	"display": {
		"thirdperson_righthand": {
			"rotation": [75, 45, 0],
			"translation": [0, 2.5, 0],
			"scale": [0.375, 0.375, 0.375]
		},
		"thirdperson_lefthand": {
			"rotation": [75, 45, 0],
			"translation": [0, 2.5, 0],
			"scale": [0.375, 0.375, 0.375]
		},
		"firstperson_righthand": {
			"rotation": [0, 45, 0],
			"scale": [0.4, 0.4, 0.4]
		},
		"firstperson_lefthand": {
			"rotation": [0, 225, 0],
			"scale": [0.4, 0.4, 0.4]
		},
		"ground": {
			"translation": [0, 3, 0],
			"scale": [0.25, 0.25, 0.25]
		},
		"gui": {
			"rotation": [30, 225, 0],
			"translation": [0.75, -0.5, 0],
			"scale": [0.8, 0.8, 0.8]
		},
		"fixed": {
			"rotation": [-90, 0, 0],
			"translation": [0, 0, -14],
			"scale": [2, 2, 2]
		}
	},
	"groups": [0, 1,
		{
			"name": "group",
			"origin": [13, 11, 3.5],
			"children": [2, 3, 4]
		},
		{
			"name": "group",
			"origin": [13, 11, 3.5],
			"children": [5, 6]
		},
		{
			"name": "group",
			"origin": [13, 11, 3.5],
			"children": [7, 8]
		}
	]
}