{
	"credit": "Yuushya",
	"ambientocclusion": false,
	"textures": {
		"5": "yuushya:0extra_building_material/preview/mailbox",
		"particle": "yuushya:0extra_building_material/preview/mailbox"
	},
	"elements": [
		{
			"from": [4, 16, 1],
			"to": [12, 22, 8],
			"rotation": {"angle": 0, "axis": "y", "origin": [13, 24, 10]},
			"faces": {
				"north": {"uv": [8, 1, 16, 7], "texture": "#5"},
				"east": {"uv": [0, 1, 7, 7], "texture": "#5"},
				"south": {"uv": [4, 1, 12, 7], "texture": "#5"},
				"west": {"uv": [0, 1, 7, 7], "texture": "#5"},
				"up": {"uv": [0, 0, 8, 7], "texture": "#5"},
				"down": {"uv": [0, 0, 8, 7], "texture": "#5"}
			}
		},
		{
			"from": [2, 22, 0],
			"to": [14, 23, 9],
			"rotation": {"angle": 0, "axis": "y", "origin": [13, 30, 10]},
			"faces": {
				"north": {"uv": [4, 10, 16, 11], "texture": "#5"},
				"east": {"uv": [6, 10, 15, 11], "rotation": 180, "texture": "#5"},
				"south": {"uv": [4, 10, 16, 11], "texture": "#5"},
				"west": {"uv": [6, 10, 15, 11], "rotation": 180, "texture": "#5"},
				"up": {"uv": [2, 7, 14, 16], "texture": "#5"},
				"down": {"uv": [3, 7, 15, 16], "texture": "#5"}
			}
		},
		{
			"from": [7, 0, 3],
			"to": [9, 16, 5],
			"rotation": {"angle": 0, "axis": "y", "origin": [16, 23, 11]},
			"faces": {
				"north": {"uv": [0, 11, 16, 13], "rotation": 90, "texture": "#5"},
				"east": {"uv": [0, 11, 16, 13], "rotation": 90, "texture": "#5"},
				"south": {"uv": [0, 11, 16, 13], "rotation": 90, "texture": "#5"},
				"west": {"uv": [0, 11, 16, 13], "rotation": 90, "texture": "#5"},
				"up": {"uv": [0, 0, 2, 2], "texture": "#missing"},
				"down": {"uv": [0, 11, 2, 13], "texture": "#5"}
			}
		}
	],
	"gui_light": "front",
	"display": {
		"thirdperson_righthand": {
			"rotation": [75, 45, 0],
			"translation": [0, 2.5, 0],
			"scale": [0.375, 0.375, 0.375]
		},
		"thirdperson_lefthand": {
			"rotation": [75, 45, 0],
			"translation": [0, 2.5, 0],
			"scale": [0.375, 0.375, 0.375]
		},
		"firstperson_righthand": {
			"rotation": [0, 45, 0],
			"scale": [0.4, 0.4, 0.4]
		},
		"firstperson_lefthand": {
			"rotation": [0, 225, 0],
			"scale": [0.4, 0.4, 0.4]
		},
		"ground": {
			"translation": [0, 3, 0],
			"scale": [0.25, 0.25, 0.25]
		},
		"gui": {
			"rotation": [30, 45, 0],
			"translation": [2, -2.75, 0],
			"scale": [0.625, 0.625, 0.625]
		},
		"fixed": {
			"rotation": [-90, 0, 0],
			"translation": [0, 0, -14],
			"scale": [2, 2, 2]
		}
	}
}