{
	"credit": "Yuushya",
	"textures": {
		"2": "yuushya:0extra_building_material/preview/old_tv",
		"particle": "yuushya:0extra_building_material/preview/old_tv"
	},
	"elements": [
		{
			"from": [0, 1, 0],
			"to": [16, 13, 11],
			"rotation": {"angle": 0, "axis": "y", "origin": [8, 9, 8]},
			"faces": {
				"north": {"uv": [0, 7, 8, 13], "texture": "#2"},
				"east": {"uv": [14.5, 0, 9, 6], "texture": "#2"},
				"south": {"uv": [0, 0, 8, 6], "texture": "#2"},
				"west": {"uv": [9, 0, 14.5, 6], "texture": "#2"},
				"up": {"uv": [0, 7, 8, 12.5], "texture": "#2"},
				"down": {"uv": [0, 12.5, 8, 7], "texture": "#2"}
			}
		},
		{
			"from": [0, 1, 11],
			"to": [16, 3, 12],
			"rotation": {"angle": 0, "axis": "y", "origin": [8, 9, 19]},
			"faces": {
				"north": {"uv": [0, 0, 16, 2], "texture": "#2"},
				"east": {"uv": [9, 5, 9.5, 6], "texture": "#2"},
				"south": {"uv": [0, 5, 8, 6], "texture": "#2"},
				"west": {"uv": [9, 5, 9.5, 6], "texture": "#2"},
				"up": {"uv": [0, 5.5, 8, 6], "texture": "#2"},
				"down": {"uv": [0, 0, 0.5, 0.5], "texture": "#2"}
			}
		},
		{
			"from": [0, 11, 11],
			"to": [16, 13, 12],
			"rotation": {"angle": 0, "axis": "y", "origin": [8, 19, 19]},
			"faces": {
				"north": {"uv": [0, 0, 16, 2], "texture": "#2"},
				"east": {"uv": [9, 6, 9.5, 5], "texture": "#2"},
				"south": {"uv": [0, 6, 8, 5], "texture": "#2"},
				"west": {"uv": [9, 6, 9.5, 5], "texture": "#2"},
				"up": {"uv": [0, 5.5, 8, 6], "texture": "#2"},
				"down": {"uv": [0, 0, 0.5, 0.5], "texture": "#2"}
			}
		},
		{
			"from": [0, 3, 11],
			"to": [1, 11, 12],
			"rotation": {"angle": 0, "axis": "y", "origin": [8, 11, 19]},
			"faces": {
				"north": {"uv": [0, 1, 0.5, 5], "texture": "#2"},
				"east": {"uv": [0, 1, 0.5, 5], "texture": "#2"},
				"south": {"uv": [0, 1, 0.5, 5], "texture": "#2"},
				"west": {"uv": [0, 1, 0.5, 5], "texture": "#2"},
				"up": {"uv": [0, 1, 0.5, 5], "texture": "#2"},
				"down": {"uv": [0, 1, 0.5, 5], "texture": "#2"}
			}
		},
		{
			"from": [11, 3, 11],
			"to": [16, 11, 12],
			"rotation": {"angle": 0, "axis": "y", "origin": [19, 11, 19]},
			"faces": {
				"north": {"uv": [0, 1, 0.5, 5], "texture": "#2"},
				"east": {"uv": [0, 1, 0.5, 5], "texture": "#2"},
				"south": {"uv": [5.5, 1, 8, 5], "texture": "#2"},
				"west": {"uv": [0, 1, 0.5, 5], "texture": "#2"},
				"up": {"uv": [0, 1, 0.5, 5], "texture": "#2"},
				"down": {"uv": [0, 1, 0.5, 5], "texture": "#2"}
			}
		},
		{
			"from": [1, 0, 1],
			"to": [3, 1, 3],
			"rotation": {"angle": 0, "axis": "y", "origin": [9, 8, 9]},
			"faces": {
				"north": {"uv": [7, 7, 8, 7.5], "texture": "#2"},
				"east": {"uv": [7, 7, 8, 7.5], "texture": "#2"},
				"south": {"uv": [7, 7, 8, 7.5], "texture": "#2"},
				"west": {"uv": [7, 7, 8, 7.5], "texture": "#2"},
				"up": {"uv": [0, 0, 2, 2], "texture": "#2"},
				"down": {"uv": [7, 7, 8, 8], "texture": "#2"}
			}
		},
		{
			"from": [13, 0, 8],
			"to": [15, 1, 10],
			"rotation": {"angle": 0, "axis": "y", "origin": [21, 8, 16]},
			"faces": {
				"north": {"uv": [7, 7, 8, 7.5], "texture": "#2"},
				"east": {"uv": [7, 7, 8, 7.5], "texture": "#2"},
				"south": {"uv": [7, 7, 8, 7.5], "texture": "#2"},
				"west": {"uv": [7, 7, 8, 7.5], "texture": "#2"},
				"up": {"uv": [0, 0, 2, 2], "texture": "#2"},
				"down": {"uv": [7, 7, 8, 8], "texture": "#2"}
			}
		},
		{
			"from": [13, 0, 1],
			"to": [15, 1, 3],
			"rotation": {"angle": 0, "axis": "y", "origin": [21, 8, 9]},
			"faces": {
				"north": {"uv": [7, 7, 8, 7.5], "texture": "#2"},
				"east": {"uv": [7, 7, 8, 7.5], "texture": "#2"},
				"south": {"uv": [7, 7, 8, 7.5], "texture": "#2"},
				"west": {"uv": [7, 7, 8, 7.5], "texture": "#2"},
				"up": {"uv": [0, 0, 2, 2], "texture": "#2"},
				"down": {"uv": [7, 7, 8, 8], "texture": "#2"}
			}
		},
		{
			"from": [1, 0, 8],
			"to": [3, 1, 10],
			"rotation": {"angle": 0, "axis": "y", "origin": [9, 8, 16]},
			"faces": {
				"north": {"uv": [7, 7, 8, 7.5], "texture": "#2"},
				"east": {"uv": [7, 7, 8, 7.5], "texture": "#2"},
				"south": {"uv": [7, 7, 8, 7.5], "texture": "#2"},
				"west": {"uv": [7, 7, 8, 7.5], "texture": "#2"},
				"up": {"uv": [0, 0, 2, 2], "texture": "#2"},
				"down": {"uv": [7, 7, 8, 8], "texture": "#2"}
			}
		}
	],
	"gui_light": "front",
	"display": {
		"thirdperson_righthand": {
			"scale": [0.5, 0.5, 0.5]
		},
		"thirdperson_lefthand": {
			"scale": [0.5, 0.5, 0.5]
		},
		"firstperson_righthand": {
			"rotation": [0, 45, 0],
			"scale": [0.5, 0.5, 0.5]
		},
		"firstperson_lefthand": {
			"rotation": [0, 45, 0],
			"translation": [4, 0, 0],
			"scale": [0.5, 0.5, 0.5]
		},
		"ground": {
			"scale": [0.4, 0.4, 0.4]
		},
		"gui": {
			"rotation": [22.5, 45, 0],
			"translation": [2, -0.25, 0],
			"scale": [0.7, 0.7, 0.7]
		},
		"fixed": {
			"rotation": [-90, 0, 0],
			"translation": [0, 0, -14],
			"scale": [2, 2, 2]
		}
	},
	"groups": [
		{
			"name": "Old_televesion",
			"origin": [8, 8, 8],
			"children": [0, 1, 2, 3, 4, 5, 6, 7, 8]
		}
	]
}