{
	"credit": "Yuushya",
	"textures": {
		"2": "yuushya:0extra_building_material/preview/ps4",
		"particle": "yuushya:0extra_building_material/preview/ps4"
	},
	"elements": [
		{
			"from": [1, 3, 1],
			"to": [15, 4, 15],
			"rotation": {"angle": 0, "axis": "y", "origin": [9, 11, 9]},
			"faces": {
				"north": {"uv": [1, 1, 15, 2], "texture": "#2"},
				"east": {"uv": [1, 1, 15, 2], "texture": "#2"},
				"south": {"uv": [1, 1, 15, 2], "texture": "#2"},
				"west": {"uv": [1, 1, 15, 2], "texture": "#2"},
				"up": {"uv": [1, 1, 15, 15], "texture": "#2"},
				"down": {"uv": [1, 1, 15, 15], "texture": "#2"}
			}
		},
		{
			"from": [1, 0, 1],
			"to": [15, 2, 15],
			"rotation": {"angle": 0, "axis": "y", "origin": [9, 8, 9]},
			"faces": {
				"north": {"uv": [1, 1, 15, 2], "texture": "#2"},
				"east": {"uv": [1, 1, 15, 2], "texture": "#2"},
				"south": {"uv": [1, 1, 15, 2], "texture": "#2"},
				"west": {"uv": [1, 1, 15, 2], "texture": "#2"},
				"up": {"uv": [1, 1, 15, 15], "texture": "#2"},
				"down": {"uv": [1, 1, 2, 2], "texture": "#2"}
			}
		},
		{
			"from": [2, 2, 2],
			"to": [14, 3, 14],
			"rotation": {"angle": 0, "axis": "y", "origin": [10, 10, 10]},
			"faces": {
				"north": {"uv": [2.5, 2.5, 14.5, 3.5], "texture": "#2"},
				"east": {"uv": [2, 2.5, 14, 3.5], "texture": "#2"},
				"south": {"uv": [2.5, 2, 14.5, 3], "texture": "#2"},
				"west": {"uv": [2, 2, 14, 3], "texture": "#2"},
				"up": {"uv": [0, 0, 12, 12], "texture": "#2"},
				"down": {"uv": [0, 0, 12, 12], "texture": "#2"}
			}
		}
	],
	"gui_light": "front",
	"display": {
		"thirdperson_righthand": {
			"rotation": [75, 45, 0],
			"translation": [0, 2.5, 0],
			"scale": [0.375, 0.375, 0.375]
		},
		"thirdperson_lefthand": {
			"rotation": [75, 45, 0],
			"translation": [0, 2.5, 0],
			"scale": [0.375, 0.375, 0.375]
		},
		"firstperson_righthand": {
			"rotation": [0, 45, 0],
			"scale": [0.4, 0.4, 0.4]
		},
		"firstperson_lefthand": {
			"rotation": [0, 225, 0],
			"scale": [0.4, 0.4, 0.4]
		},
		"ground": {
			"translation": [0, 3, 0],
			"scale": [0.25, 0.25, 0.25]
		},
		"gui": {
			"rotation": [30, 225, 0],
			"scale": [0.625, 0.625, 0.625]
		},
		"fixed": {
			"rotation": [-90, 0, 0],
			"translation": [0, 0, -14],
			"scale": [2, 2, 2]
		}
	},
	"groups": [
		{
			"name": "PS4",
			"origin": [8, 8, 8],
			"children": [0, 1, 2]
		}
	]
}