{
	"credit": "Yuushya",
	"ambientocclusion": false,
	"textures": {
		"0": "block/wither_rose_potted",
		"1": "block/tall_sapl",
		"particle": "block/wither_rose_potted"
	},
	"elements": [
		{
			"from": [5, -16, 5],
			"to": [11, -12, 11],
			"rotation": {"angle": 0, "axis": "y", "origin": [13, -8, 13]},
			"faces": {
				"north": {"uv": [8, 3.5, 11, 5.5], "texture": "#0"},
				"east": {"uv": [8, 3.5, 11, 5.5], "texture": "#0"},
				"south": {"uv": [8, 3.5, 11, 5.5], "texture": "#0"},
				"west": {"uv": [8, 3.5, 11, 5.5], "texture": "#0"},
				"up": {"uv": [8, 3.5, 8.5, 4], "texture": "#0"},
				"down": {"uv": [13, 1.5, 16, 4.5], "texture": "#0"}
			}
		},
		{
			"from": [4, -12, 11],
			"to": [12, -8, 12],
			"rotation": {"angle": 0, "axis": "y", "origin": [16, -4, 19]},
			"faces": {
				"north": {"uv": [7.5, 1.5, 11.5, 3.5], "texture": "#0"},
				"east": {"uv": [11, 1.5, 11.5, 3.5], "texture": "#0"},
				"south": {"uv": [7.5, 1.5, 11.5, 3.5], "texture": "#0"},
				"west": {"uv": [7.5, 1.5, 8, 3.5], "texture": "#0"},
				"up": {"uv": [7.5, 1.5, 11.5, 2], "texture": "#0"},
				"down": {"uv": [7.5, 3, 11.5, 3.5], "texture": "#0"}
			}
		},
		{
			"from": [4, -12, 5],
			"to": [5, -8, 11],
			"rotation": {"angle": 0, "axis": "y", "origin": [12, -4, 13]},
			"faces": {
				"north": {"uv": [0, 0, 1, 4], "texture": "#0"},
				"east": {"uv": [8, 1.5, 11, 3.5], "texture": "#0"},
				"south": {"uv": [0, 0, 1, 4], "texture": "#0"},
				"west": {"uv": [8, 1.5, 11, 3.5], "texture": "#0"},
				"up": {"uv": [8, 1.5, 11, 2], "rotation": 90, "texture": "#0"},
				"down": {"uv": [8, 1.5, 11, 2], "rotation": 90, "texture": "#0"}
			}
		},
		{
			"from": [5, -12, 5],
			"to": [11, -10, 11],
			"rotation": {"angle": 0, "axis": "y", "origin": [13, -4, 18]},
			"faces": {
				"north": {"uv": [8, 6.5, 11, 7.5], "texture": "#0"},
				"east": {"uv": [8, 6.5, 11, 7.5], "texture": "#0"},
				"south": {"uv": [8, 6.5, 11, 7.5], "texture": "#0"},
				"west": {"uv": [8, 6.5, 11, 7.5], "texture": "#0"},
				"up": {"uv": [8, 6.5, 11, 9.5], "texture": "#0"},
				"down": {"uv": [8, 6.5, 11, 9.5], "texture": "#0"}
			}
		},
		{
			"from": [4, -12, 4],
			"to": [12, -8, 5],
			"rotation": {"angle": 0, "axis": "y", "origin": [16, -4, 12]},
			"faces": {
				"north": {"uv": [7.5, 1.5, 11.5, 3.5], "texture": "#0"},
				"east": {"uv": [11, 1.5, 11.5, 3.5], "texture": "#0"},
				"south": {"uv": [7.5, 1.5, 11.5, 3.5], "texture": "#0"},
				"west": {"uv": [7.5, 1.5, 8, 3.5], "texture": "#0"},
				"up": {"uv": [7.5, 1.5, 11.5, 2], "texture": "#0"},
				"down": {"uv": [7.5, 3, 11.5, 3.5], "texture": "#0"}
			}
		},
		{
			"from": [11, -12, 5],
			"to": [12, -8, 11],
			"rotation": {"angle": 0, "axis": "y", "origin": [19, -4, 13]},
			"faces": {
				"north": {"uv": [0, 0, 1, 4], "texture": "#0"},
				"east": {"uv": [8, 1.5, 11, 3.5], "texture": "#0"},
				"south": {"uv": [0, 0, 1, 4], "texture": "#0"},
				"west": {"uv": [8, 1.5, 11, 3.5], "texture": "#0"},
				"up": {"uv": [8, 1.5, 11, 2], "rotation": 90, "texture": "#0"},
				"down": {"uv": [8, 1.5, 11, 2], "rotation": 90, "texture": "#0"}
			}
		},
		{
			"from": [7, -10, 7],
			"to": [7, 6, 9],
			"rotation": {"angle": 0, "axis": "y", "origin": [15, -1, 15]},
			"faces": {
				"north": {"uv": [11, 0, 13, 16], "texture": "#1"},
				"east": {"uv": [11, 0, 13, 16], "texture": "#1"},
				"south": {"uv": [11, 0, 13, 16], "texture": "#1"},
				"west": {"uv": [11, 0, 13, 16], "texture": "#1"},
				"up": {"uv": [11, 0, 13, 16], "texture": "#1"},
				"down": {"uv": [0, 0, 0, 2], "texture": "#1"}
			}
		},
		{
			"from": [7, -10, 8],
			"to": [9, 6, 8],
			"rotation": {"angle": 0, "axis": "y", "origin": [8, -5, 8]},
			"faces": {
				"north": {"uv": [11, 0, 13, 16], "texture": "#1"},
				"east": {"uv": [11, 0, 13, 16], "texture": "#1"},
				"south": {"uv": [11, 0, 13, 16], "texture": "#1"},
				"west": {"uv": [11, 0, 13, 16], "texture": "#1"},
				"up": {"uv": [11, 0, 13, 16], "texture": "#1"},
				"down": {"uv": [0, 0, 0, 2], "rotation": 270, "texture": "#1"}
			}
		},
		{
			"from": [17, 2.4, 4],
			"to": [26, 2.4, 13],
			"rotation": {"angle": 22.5, "axis": "z", "origin": [19.8, -2.7, 12]},
			"faces": {
				"north": {"uv": [0, 0, 0, 9], "rotation": 270, "texture": "#1"},
				"east": {"uv": [0, 0, 0, 9], "rotation": 90, "texture": "#1"},
				"south": {"uv": [0, 0, 0, 9], "rotation": 90, "texture": "#1"},
				"west": {"uv": [0, 0, 0, 9], "rotation": 90, "texture": "#1"},
				"up": {"uv": [0, 0, 9, 9], "rotation": 90, "texture": "#1"},
				"down": {"uv": [0, 0, 9, 9], "rotation": 90, "texture": "#1"}
			}
		},
		{
			"from": [3.8, -6.7, 3],
			"to": [3.8, 2.3, 12],
			"rotation": {"angle": 45, "axis": "z", "origin": [-4.2, -5.7, 4]},
			"faces": {
				"north": {"uv": [0, 0, 0, 9], "texture": "#1"},
				"east": {"uv": [0, 0, 9, 9], "texture": "#1"},
				"south": {"uv": [0, 0, 0, 9], "texture": "#1"},
				"west": {"uv": [0, 0, 9, 9], "texture": "#1"},
				"up": {"uv": [0, 0, 0, 9], "rotation": 180, "texture": "#1"},
				"down": {"uv": [0, 0, 0, 9], "rotation": 180, "texture": "#1"}
			}
		},
		{
			"from": [3.3, -6.7, 4],
			"to": [12.3, 2.3, 4],
			"rotation": {"angle": -45, "axis": "x", "origin": [11.3, -5.7, -4]},
			"faces": {
				"north": {"uv": [0, 0, 9, 9], "texture": "#1"},
				"east": {"uv": [0, 0, 0, 9], "texture": "#1"},
				"south": {"uv": [0, 0, 9, 9], "texture": "#1"},
				"west": {"uv": [0, 0, 0, 9], "texture": "#1"},
				"up": {"uv": [0, 0, 0, 9], "rotation": 270, "texture": "#1"},
				"down": {"uv": [0, 0, 0, 9], "rotation": 90, "texture": "#1"}
			}
		},
		{
			"from": [9.6, -9.4, 4],
			"to": [9.6, -3.4, 13],
			"rotation": {"angle": -45, "axis": "z", "origin": [17.8, -8.2, 12]},
			"faces": {
				"north": {"uv": [0, 0, 0, 9], "texture": "#1"},
				"east": {"uv": [0, 7, 9, 13], "texture": "#1"},
				"south": {"uv": [0, 0, 0, 9], "texture": "#1"},
				"west": {"uv": [0, 7, 9, 13], "texture": "#1"},
				"up": {"uv": [0, 0, 0, 9], "texture": "#1"},
				"down": {"uv": [0, 0, 0, 9], "texture": "#1"}
			}
		},
		{
			"from": [9.8, -15.2, 4],
			"to": [9.8, -6.2, 13],
			"rotation": {"angle": -22.5, "axis": "z", "origin": [17.8, -8.2, 12]},
			"faces": {
				"north": {"uv": [0, 0, 0, 9], "texture": "#1"},
				"east": {"uv": [0, 7, 9, 16], "texture": "#1"},
				"south": {"uv": [0, 0, 0, 9], "texture": "#1"},
				"west": {"uv": [0, 7, 9, 16], "texture": "#1"},
				"up": {"uv": [0, 0, 0, 9], "texture": "#1"},
				"down": {"uv": [0, 0, 0, 9], "texture": "#1"}
			}
		},
		{
			"from": [5.8, -12.2, 3],
			"to": [5.8, -3.2, 12],
			"rotation": {"angle": 22.5, "axis": "z", "origin": [-2.2, -11.2, 4]},
			"faces": {
				"north": {"uv": [0, 0, 0, 9], "texture": "#1"},
				"east": {"uv": [0, 7, 9, 16], "texture": "#1"},
				"south": {"uv": [0, 0, 0, 9], "texture": "#1"},
				"west": {"uv": [0, 7, 9, 16], "texture": "#1"},
				"up": {"uv": [0, 0, 0, 9], "rotation": 180, "texture": "#1"},
				"down": {"uv": [0, 0, 0, 9], "rotation": 180, "texture": "#1"}
			}
		},
		{
			"from": [3.3, -12.2, 6],
			"to": [12.3, -3.2, 6],
			"rotation": {"angle": -22.5, "axis": "x", "origin": [11.3, -11.2, -2]},
			"faces": {
				"north": {"uv": [0, 7, 9, 16], "texture": "#1"},
				"east": {"uv": [0, 0, 0, 9], "texture": "#1"},
				"south": {"uv": [0, 7, 9, 16], "texture": "#1"},
				"west": {"uv": [0, 0, 0, 9], "texture": "#1"},
				"up": {"uv": [0, 0, 0, 9], "rotation": 270, "texture": "#1"},
				"down": {"uv": [0, 0, 0, 9], "rotation": 90, "texture": "#1"}
			}
		},
		{
			"from": [3.8, -12.2, 9],
			"to": [12.8, -3.2, 9],
			"rotation": {"angle": 22.5, "axis": "x", "origin": [4.8, -11.2, 17]},
			"faces": {
				"north": {"uv": [0, 7, 9, 16], "texture": "#1"},
				"east": {"uv": [0, 0, 0, 9], "texture": "#1"},
				"south": {"uv": [0, 7, 9, 16], "texture": "#1"},
				"west": {"uv": [0, 0, 0, 9], "texture": "#1"},
				"up": {"uv": [0, 0, 0, 9], "rotation": 90, "texture": "#1"},
				"down": {"uv": [0, 0, 0, 9], "rotation": 270, "texture": "#1"}
			}
		},
		{
			"from": [3.8, 2.3, 18],
			"to": [12.8, 2.3, 27],
			"rotation": {"angle": -45, "axis": "x", "origin": [4.8, -5.7, 19]},
			"faces": {
				"north": {"uv": [0, 0, 0, 9], "rotation": 90, "texture": "#1"},
				"east": {"uv": [0, 0, 0, 9], "rotation": 270, "texture": "#1"},
				"south": {"uv": [0, 0, 0, 9], "rotation": 90, "texture": "#1"},
				"west": {"uv": [0, 0, 0, 9], "rotation": 90, "texture": "#1"},
				"up": {"uv": [0, 0, 9, 9], "rotation": 180, "texture": "#1"},
				"down": {"uv": [0, 0, 9, 9], "texture": "#1"}
			}
		},
		{
			"from": [3.8, 9.3, 17],
			"to": [12.8, 9.3, 26],
			"rotation": {"angle": -45, "axis": "x", "origin": [4.8, 1.3, 18]},
			"faces": {
				"north": {"uv": [0, 0, 0, 9], "rotation": 90, "texture": "#1"},
				"east": {"uv": [0, 0, 0, 9], "rotation": 270, "texture": "#1"},
				"south": {"uv": [0, 0, 0, 9], "rotation": 90, "texture": "#1"},
				"west": {"uv": [0, 0, 0, 9], "rotation": 90, "texture": "#1"},
				"up": {"uv": [0, 0, 9, 9], "rotation": 180, "texture": "#1"},
				"down": {"uv": [0, 0, 9, 9], "texture": "#1"}
			}
		},
		{
			"from": [4.8, 8.3, 3],
			"to": [4.8, 24.3, 12],
			"rotation": {"angle": 22.5, "axis": "z", "origin": [12.8, 16.3, 11]},
			"faces": {
				"north": {"uv": [0, 0, 0, 16], "texture": "#1"},
				"east": {"uv": [0, 0, 9, 16], "texture": "#1"},
				"south": {"uv": [0, 0, 0, 16], "texture": "#1"},
				"west": {"uv": [0, 0, 9, 16], "texture": "#1"},
				"up": {"uv": [0, 0, 0, 9], "texture": "#1"},
				"down": {"uv": [0, 0, 0, 9], "texture": "#1"}
			}
		},
		{
			"from": [9.8, 4.3, 4],
			"to": [9.8, 13.3, 13],
			"rotation": {"angle": -45, "axis": "z", "origin": [17.8, 5.3, 12]},
			"faces": {
				"north": {"uv": [0, 0, 0, 9], "texture": "#1"},
				"east": {"uv": [0, 0, 9, 9], "texture": "#1"},
				"south": {"uv": [0, 0, 0, 9], "texture": "#1"},
				"west": {"uv": [0, 0, 9, 9], "texture": "#1"},
				"up": {"uv": [0, 0, 0, 9], "texture": "#1"},
				"down": {"uv": [0, 0, 0, 9], "texture": "#1"}
			}
		},
		{
			"from": [5.8, 1.3, 3],
			"to": [5.8, 10.3, 12],
			"rotation": {"angle": 45, "axis": "z", "origin": [-2.2, 2.3, 4]},
			"faces": {
				"north": {"uv": [0, 0, 0, 9], "texture": "#1"},
				"east": {"uv": [0, 0, 9, 9], "texture": "#1"},
				"south": {"uv": [0, 0, 0, 9], "texture": "#1"},
				"west": {"uv": [0, 0, 9, 9], "texture": "#1"},
				"up": {"uv": [0, 0, 0, 9], "rotation": 180, "texture": "#1"},
				"down": {"uv": [0, 0, 0, 9], "rotation": 180, "texture": "#1"}
			}
		},
		{
			"from": [3.3, -0.7, 6],
			"to": [12.3, 8.3, 6],
			"rotation": {"angle": -45, "axis": "x", "origin": [11.3, 0.3, -2]},
			"faces": {
				"north": {"uv": [0, 0, 9, 9], "texture": "#1"},
				"east": {"uv": [0, 0, 0, 9], "texture": "#1"},
				"south": {"uv": [0, 0, 9, 9], "texture": "#1"},
				"west": {"uv": [0, 0, 0, 9], "texture": "#1"},
				"up": {"uv": [0, 0, 0, 9], "rotation": 270, "texture": "#1"},
				"down": {"uv": [0, 0, 0, 9], "rotation": 90, "texture": "#1"}
			}
		},
		{
			"from": [7.8, -1.2, 4],
			"to": [7.8, 7.8, 13],
			"rotation": {"angle": -22.5, "axis": "z", "origin": [15.8, -0.2, 12]},
			"faces": {
				"north": {"uv": [0, 0, 0, 9], "texture": "#1"},
				"east": {"uv": [0, 7, 9, 16], "texture": "#1"},
				"south": {"uv": [0, 0, 0, 9], "texture": "#1"},
				"west": {"uv": [0, 7, 9, 16], "texture": "#1"},
				"up": {"uv": [0, 0, 0, 9], "texture": "#1"},
				"down": {"uv": [0, 0, 0, 9], "texture": "#1"}
			}
		},
		{
			"from": [7.8, -4.2, 3],
			"to": [7.8, 4.8, 12],
			"rotation": {"angle": 22.5, "axis": "z", "origin": [-0.2, -3.2, 4]},
			"faces": {
				"north": {"uv": [0, 0, 0, 9], "texture": "#1"},
				"east": {"uv": [0, 7, 9, 16], "texture": "#1"},
				"south": {"uv": [0, 0, 0, 9], "texture": "#1"},
				"west": {"uv": [0, 7, 9, 16], "texture": "#1"},
				"up": {"uv": [0, 0, 0, 9], "rotation": 180, "texture": "#1"},
				"down": {"uv": [0, 0, 0, 9], "rotation": 180, "texture": "#1"}
			}
		},
		{
			"from": [3.3, -6.2, 8],
			"to": [12.3, 2.8, 8],
			"rotation": {"angle": -22.5, "axis": "x", "origin": [11.3, -5.2, 0]},
			"faces": {
				"north": {"uv": [0, 7, 9, 16], "texture": "#1"},
				"east": {"uv": [0, 0, 0, 9], "texture": "#1"},
				"south": {"uv": [0, 7, 9, 16], "texture": "#1"},
				"west": {"uv": [0, 0, 0, 9], "texture": "#1"},
				"up": {"uv": [0, 0, 0, 9], "rotation": 270, "texture": "#1"},
				"down": {"uv": [0, 0, 0, 9], "rotation": 90, "texture": "#1"}
			}
		},
		{
			"from": [3.8, -5.2, 8],
			"to": [12.8, 3.8, 8],
			"rotation": {"angle": 22.5, "axis": "x", "origin": [4.8, -4.2, 16]},
			"faces": {
				"north": {"uv": [0, 7, 9, 16], "texture": "#1"},
				"east": {"uv": [0, 0, 0, 9], "texture": "#1"},
				"south": {"uv": [0, 7, 9, 16], "texture": "#1"},
				"west": {"uv": [0, 0, 0, 9], "texture": "#1"},
				"up": {"uv": [0, 0, 0, 9], "rotation": 90, "texture": "#1"},
				"down": {"uv": [0, 0, 0, 9], "rotation": 270, "texture": "#1"}
			}
		}
	],
	"display": {
		"thirdperson_righthand": {
			"rotation": [75, 45, 0],
			"translation": [0, 2.5, 0],
			"scale": [0.375, 0.375, 0.375]
		},
		"thirdperson_lefthand": {
			"rotation": [75, 45, 0],
			"translation": [0, 2.5, 0],
			"scale": [0.375, 0.375, 0.375]
		},
		"firstperson_righthand": {
			"rotation": [0, 45, 0],
			"scale": [0.4, 0.4, 0.4]
		},
		"firstperson_lefthand": {
			"rotation": [0, 225, 0],
			"scale": [0.4, 0.4, 0.4]
		},
		"ground": {
			"translation": [0, 3, 0],
			"scale": [0.25, 0.25, 0.25]
		},
		"gui": {
			"rotation": [30, 225, 0],
			"translation": [0, 3, 0],
			"scale": [0.5, 0.5, 0.5]
		},
		"fixed": {
			"rotation": [-90, 0, 0],
			"translation": [0, 0, -46],
			"scale": [2, 2, 2]
		}
	},
	"groups": [
		{
			"name": "potted_wither_rose",
			"origin": [8, 8, 8],
			"children": [
				{
					"name": "al",
					"origin": [13, 16.1, 19.3],
					"children": [0, 1, 2, 3, 4, 5]
				}
			]
		}, 6, 7, 8, 9, 10, 11, 12, 13, 14, 15, 16,
		{
			"name": "group",
			"origin": [4.8, 5.8, 16],
			"children": [17, 18, 19, 20, 21, 22, 23, 24, 25]
		}
	]
}