{
	"credit": "Yuushya",
	"textures": {
		"0": "yuushya:0extra_building_material/preview/toilet",
		"1": "block/dark_concrete",
		"particle": "yuushya:0extra_building_material/preview/toilet"
	},
	"elements": [
		{
			"from": [0, 2, 14.5],
			"to": [1, 16, 15.5],
			"rotation": {"angle": 0, "axis": "y", "origin": [8, 8, 22.5]},
			"faces": {
				"north": {"uv": [0, 0, 1, 14], "texture": "#0"},
				"east": {"uv": [0, 0, 1, 14], "texture": "#0"},
				"south": {"uv": [0, 0, 1, 14], "texture": "#0"},
				"west": {"uv": [0, 0, 1, 14], "texture": "#0"},
				"up": {"uv": [0, 0, 1, 1], "texture": "#0"},
				"down": {"uv": [0, 0, 1, 1], "texture": "#0"}
			}
		},
		{
			"from": [0, 0, 12.5],
			"to": [1, 16, 13.5],
			"rotation": {"angle": 0, "axis": "y", "origin": [8, 8, 20.5]},
			"faces": {
				"north": {"uv": [0, 0, 1, 16], "texture": "#1"},
				"east": {"uv": [0, 0, 1, 16], "texture": "#1"},
				"south": {"uv": [0, 0, 1, 16], "texture": "#1"},
				"west": {"uv": [0, 0, 1, 16], "texture": "#1"},
				"up": {"uv": [0, 0, 1, 1], "texture": "#0"},
				"down": {"uv": [0, 0, 1, 1], "texture": "#1"}
			}
		},
		{
			"from": [0, 2, 10.5],
			"to": [1, 16, 11.5],
			"rotation": {"angle": 0, "axis": "y", "origin": [8, 8, 18.5]},
			"faces": {
				"north": {"uv": [0, 0, 1, 14], "texture": "#0"},
				"east": {"uv": [0, 0, 1, 14], "texture": "#0"},
				"south": {"uv": [0, 0, 1, 14], "texture": "#0"},
				"west": {"uv": [0, 0, 1, 14], "texture": "#0"},
				"up": {"uv": [0, 0, 1, 1], "texture": "#0"},
				"down": {"uv": [0, 0, 1, 1], "texture": "#0"}
			}
		},
		{
			"from": [0, 2, 8.5],
			"to": [1, 16, 9.5],
			"rotation": {"angle": 0, "axis": "y", "origin": [8, 8, 16.5]},
			"faces": {
				"north": {"uv": [0, 0, 1, 14], "texture": "#0"},
				"east": {"uv": [0, 0, 1, 14], "texture": "#0"},
				"south": {"uv": [0, 0, 1, 14], "texture": "#0"},
				"west": {"uv": [0, 0, 1, 14], "texture": "#0"},
				"up": {"uv": [0, 0, 1, 1], "texture": "#0"},
				"down": {"uv": [0, 0, 1, 1], "texture": "#0"}
			}
		},
		{
			"from": [0, 2, 6.5],
			"to": [1, 16, 7.5],
			"rotation": {"angle": 0, "axis": "y", "origin": [8, 8, 14.5]},
			"faces": {
				"north": {"uv": [0, 0, 1, 14], "texture": "#0"},
				"east": {"uv": [0, 0, 1, 14], "texture": "#0"},
				"south": {"uv": [0, 0, 1, 14], "texture": "#0"},
				"west": {"uv": [0, 0, 1, 14], "texture": "#0"},
				"up": {"uv": [0, 0, 1, 1], "texture": "#0"},
				"down": {"uv": [0, 0, 1, 1], "texture": "#0"}
			}
		},
		{
			"from": [0, 2, 4.5],
			"to": [1, 16, 5.5],
			"rotation": {"angle": 0, "axis": "y", "origin": [8, 8, 12.5]},
			"faces": {
				"north": {"uv": [0, 0, 1, 14], "texture": "#0"},
				"east": {"uv": [0, 0, 1, 14], "texture": "#0"},
				"south": {"uv": [0, 0, 1, 14], "texture": "#0"},
				"west": {"uv": [0, 0, 1, 14], "texture": "#0"},
				"up": {"uv": [0, 0, 1, 1], "texture": "#0"},
				"down": {"uv": [0, 0, 1, 1], "texture": "#0"}
			}
		},
		{
			"from": [0, 0, 2.5],
			"to": [1, 16, 3.5],
			"rotation": {"angle": 0, "axis": "y", "origin": [8, 8, 10.5]},
			"faces": {
				"north": {"uv": [0, 0, 1, 16], "texture": "#1"},
				"east": {"uv": [0, 0, 1, 16], "texture": "#1"},
				"south": {"uv": [0, 0, 1, 16], "texture": "#1"},
				"west": {"uv": [0, 0, 1, 16], "texture": "#1"},
				"up": {"uv": [0, 0, 1, 1], "texture": "#0"},
				"down": {"uv": [0, 0, 1, 1], "texture": "#1"}
			}
		},
		{
			"from": [0, 2, 0.5],
			"to": [1, 16, 1.5],
			"rotation": {"angle": 0, "axis": "y", "origin": [8, 8, 8.5]},
			"faces": {
				"north": {"uv": [0, 0, 1, 14], "texture": "#0"},
				"east": {"uv": [0, 0, 1, 14], "texture": "#0"},
				"south": {"uv": [0, 0, 1, 14], "texture": "#0"},
				"west": {"uv": [0, 0, 1, 14], "texture": "#0"},
				"up": {"uv": [0, 0, 1, 1], "texture": "#0"},
				"down": {"uv": [0, 0, 1, 1], "texture": "#0"}
			}
		},
		{
			"from": [1.25, 2, 0.25],
			"to": [1.5, 16, 1.75],
			"rotation": {"angle": 0, "axis": "y", "origin": [9, 8, 8.5]},
			"faces": {
				"north": {"uv": [0, 0, 0.25, 14], "texture": "#0"},
				"east": {"uv": [0, 0, 1.5, 14], "texture": "#0"},
				"south": {"uv": [0, 0, 0.25, 14], "texture": "#0"},
				"west": {"uv": [0, 0, 1.5, 14], "texture": "#0"},
				"up": {"uv": [0, 0, 0.25, 1.5], "texture": "#0"},
				"down": {"uv": [0, 0, 0.25, 1.5], "texture": "#0"}
			}
		},
		{
			"from": [1, 9, 0.125],
			"to": [1.25, 13, 1.875],
			"rotation": {"angle": 0, "axis": "y", "origin": [8.75, 15, 8.625]},
			"faces": {
				"north": {"uv": [0, 0, 0.25, 4], "texture": "#0"},
				"east": {"uv": [0, 0, 1.75, 4], "texture": "#0"},
				"south": {"uv": [0, 0, 0.25, 4], "texture": "#0"},
				"west": {"uv": [0, 0, 1.75, 4], "texture": "#0"},
				"up": {"uv": [0, 0, 0.25, 1.75], "texture": "#0"},
				"down": {"uv": [0, 0, 0.25, 1.75], "texture": "#0"}
			}
		},
		{
			"from": [-0.5, 2, 0.25],
			"to": [-0.25, 16, 1.75],
			"rotation": {"angle": 0, "axis": "y", "origin": [7.25, 8, 8.5]},
			"faces": {
				"north": {"uv": [0, 0, 0.25, 14], "texture": "#0"},
				"east": {"uv": [0, 0, 1.5, 14], "texture": "#0"},
				"south": {"uv": [0, 0, 0.25, 14], "texture": "#0"},
				"west": {"uv": [0, 0, 1.5, 14], "texture": "#0"},
				"up": {"uv": [0, 0, 0.25, 1.5], "texture": "#0"},
				"down": {"uv": [0, 0, 0.25, 1.5], "texture": "#0"}
			}
		},
		{
			"from": [1.25, 2, 2.25],
			"to": [1.5, 16, 3.75],
			"rotation": {"angle": 0, "axis": "y", "origin": [9, 8, 10.5]},
			"faces": {
				"north": {"uv": [0, 0, 0.25, 14], "texture": "#0"},
				"east": {"uv": [0, 0, 1.5, 14], "texture": "#0"},
				"south": {"uv": [0, 0, 0.25, 14], "texture": "#0"},
				"west": {"uv": [0, 0, 1.5, 14], "texture": "#0"},
				"up": {"uv": [0, 0, 0.25, 1.5], "texture": "#0"},
				"down": {"uv": [0, 0, 0.25, 1.5], "texture": "#0"}
			}
		},
		{
			"from": [1, 9, 2.125],
			"to": [1.25, 13, 3.875],
			"rotation": {"angle": 0, "axis": "y", "origin": [8.75, 15, 10.625]},
			"faces": {
				"north": {"uv": [0, 0, 0.25, 4], "texture": "#0"},
				"east": {"uv": [0, 0, 1.75, 4], "texture": "#0"},
				"south": {"uv": [0, 0, 0.25, 4], "texture": "#0"},
				"west": {"uv": [0, 0, 1.75, 4], "texture": "#0"},
				"up": {"uv": [0, 0, 0.25, 1.75], "texture": "#0"},
				"down": {"uv": [0, 0, 0.25, 1.75], "texture": "#0"}
			}
		},
		{
			"from": [-0.5, 2, 2.25],
			"to": [-0.25, 16, 3.75],
			"rotation": {"angle": 0, "axis": "y", "origin": [7.25, 8, 10.5]},
			"faces": {
				"north": {"uv": [0, 0, 0.25, 14], "texture": "#0"},
				"east": {"uv": [0, 0, 1.5, 14], "texture": "#0"},
				"south": {"uv": [0, 0, 0.25, 14], "texture": "#0"},
				"west": {"uv": [0, 0, 1.5, 14], "texture": "#0"},
				"up": {"uv": [0, 0, 0.25, 1.5], "texture": "#0"},
				"down": {"uv": [0, 0, 0.25, 1.5], "texture": "#0"}
			}
		},
		{
			"from": [1.25, 2, 4.25],
			"to": [1.5, 16, 5.75],
			"rotation": {"angle": 0, "axis": "y", "origin": [9, 8, 12.5]},
			"faces": {
				"north": {"uv": [0, 0, 0.25, 14], "texture": "#0"},
				"east": {"uv": [0, 0, 1.5, 14], "texture": "#0"},
				"south": {"uv": [0, 0, 0.25, 14], "texture": "#0"},
				"west": {"uv": [0, 0, 1.5, 14], "texture": "#0"},
				"up": {"uv": [0, 0, 0.25, 1.5], "texture": "#0"},
				"down": {"uv": [0, 0, 0.25, 1.5], "texture": "#0"}
			}
		},
		{
			"from": [1, 9, 4.125],
			"to": [1.25, 13, 5.875],
			"rotation": {"angle": 0, "axis": "y", "origin": [8.75, 15, 12.625]},
			"faces": {
				"north": {"uv": [0, 0, 0.25, 4], "texture": "#0"},
				"east": {"uv": [0, 0, 1.75, 4], "texture": "#0"},
				"south": {"uv": [0, 0, 0.25, 4], "texture": "#0"},
				"west": {"uv": [0, 0, 1.75, 4], "texture": "#0"},
				"up": {"uv": [0, 0, 0.25, 1.75], "texture": "#0"},
				"down": {"uv": [0, 0, 0.25, 1.75], "texture": "#0"}
			}
		},
		{
			"from": [-0.5, 2, 4.25],
			"to": [-0.25, 16, 5.75],
			"rotation": {"angle": 0, "axis": "y", "origin": [7.25, 8, 12.5]},
			"faces": {
				"north": {"uv": [0, 0, 0.25, 14], "texture": "#0"},
				"east": {"uv": [0, 0, 1.5, 14], "texture": "#0"},
				"south": {"uv": [0, 0, 0.25, 14], "texture": "#0"},
				"west": {"uv": [0, 0, 1.5, 14], "texture": "#0"},
				"up": {"uv": [0, 0, 0.25, 1.5], "texture": "#0"},
				"down": {"uv": [0, 0, 0.25, 1.5], "texture": "#0"}
			}
		},
		{
			"from": [1.25, 2, 6.25],
			"to": [1.5, 16, 7.75],
			"rotation": {"angle": 0, "axis": "y", "origin": [9, 8, 14.5]},
			"faces": {
				"north": {"uv": [0, 0, 0.25, 14], "texture": "#0"},
				"east": {"uv": [0, 0, 1.5, 14], "texture": "#0"},
				"south": {"uv": [0, 0, 0.25, 14], "texture": "#0"},
				"west": {"uv": [0, 0, 1.5, 14], "texture": "#0"},
				"up": {"uv": [0, 0, 0.25, 1.5], "texture": "#0"},
				"down": {"uv": [0, 0, 0.25, 1.5], "texture": "#0"}
			}
		},
		{
			"from": [1, 9, 6.125],
			"to": [1.25, 13, 7.875],
			"rotation": {"angle": 0, "axis": "y", "origin": [8.75, 15, 14.625]},
			"faces": {
				"north": {"uv": [0, 0, 0.25, 4], "texture": "#0"},
				"east": {"uv": [0, 0, 1.75, 4], "texture": "#0"},
				"south": {"uv": [0, 0, 0.25, 4], "texture": "#0"},
				"west": {"uv": [0, 0, 1.75, 4], "texture": "#0"},
				"up": {"uv": [0, 0, 0.25, 1.75], "texture": "#0"},
				"down": {"uv": [0, 0, 0.25, 1.75], "texture": "#0"}
			}
		},
		{
			"from": [-0.5, 2, 6.25],
			"to": [-0.25, 16, 7.75],
			"rotation": {"angle": 0, "axis": "y", "origin": [7.25, 8, 14.5]},
			"faces": {
				"north": {"uv": [0, 0, 0.25, 14], "texture": "#0"},
				"east": {"uv": [0, 0, 1.5, 14], "texture": "#0"},
				"south": {"uv": [0, 0, 0.25, 14], "texture": "#0"},
				"west": {"uv": [0, 0, 1.5, 14], "texture": "#0"},
				"up": {"uv": [0, 0, 0.25, 1.5], "texture": "#0"},
				"down": {"uv": [0, 0, 0.25, 1.5], "texture": "#0"}
			}
		},
		{
			"from": [1.25, 2, 8.25],
			"to": [1.5, 16, 9.75],
			"rotation": {"angle": 0, "axis": "y", "origin": [9, 8, 16.5]},
			"faces": {
				"north": {"uv": [0, 0, 0.25, 14], "texture": "#0"},
				"east": {"uv": [0, 0, 1.5, 14], "texture": "#0"},
				"south": {"uv": [0, 0, 0.25, 14], "texture": "#0"},
				"west": {"uv": [0, 0, 1.5, 14], "texture": "#0"},
				"up": {"uv": [0, 0, 0.25, 1.5], "texture": "#0"},
				"down": {"uv": [0, 0, 0.25, 1.5], "texture": "#0"}
			}
		},
		{
			"from": [1, 9, 8.125],
			"to": [1.25, 13, 9.875],
			"rotation": {"angle": 0, "axis": "y", "origin": [8.75, 15, 16.625]},
			"faces": {
				"north": {"uv": [0, 0, 0.25, 4], "texture": "#0"},
				"east": {"uv": [0, 0, 1.75, 4], "texture": "#0"},
				"south": {"uv": [0, 0, 0.25, 4], "texture": "#0"},
				"west": {"uv": [0, 0, 1.75, 4], "texture": "#0"},
				"up": {"uv": [0, 0, 0.25, 1.75], "texture": "#0"},
				"down": {"uv": [0, 0, 0.25, 1.75], "texture": "#0"}
			}
		},
		{
			"from": [-0.5, 2, 8.25],
			"to": [-0.25, 16, 9.75],
			"rotation": {"angle": 0, "axis": "y", "origin": [7.25, 8, 16.5]},
			"faces": {
				"north": {"uv": [0, 0, 0.25, 14], "texture": "#0"},
				"east": {"uv": [0, 0, 1.5, 14], "texture": "#0"},
				"south": {"uv": [0, 0, 0.25, 14], "texture": "#0"},
				"west": {"uv": [0, 0, 1.5, 14], "texture": "#0"},
				"up": {"uv": [0, 0, 0.25, 1.5], "texture": "#0"},
				"down": {"uv": [0, 0, 0.25, 1.5], "texture": "#0"}
			}
		},
		{
			"from": [1.25, 2, 10.25],
			"to": [1.5, 16, 11.75],
			"rotation": {"angle": 0, "axis": "y", "origin": [9, 8, 18.5]},
			"faces": {
				"north": {"uv": [0, 0, 0.25, 14], "texture": "#0"},
				"east": {"uv": [0, 0, 1.5, 14], "texture": "#0"},
				"south": {"uv": [0, 0, 0.25, 14], "texture": "#0"},
				"west": {"uv": [0, 0, 1.5, 14], "texture": "#0"},
				"up": {"uv": [0, 0, 0.25, 1.5], "texture": "#0"},
				"down": {"uv": [0, 0, 0.25, 1.5], "texture": "#0"}
			}
		},
		{
			"from": [1, 9, 10.125],
			"to": [1.25, 13, 11.875],
			"rotation": {"angle": 0, "axis": "y", "origin": [8.75, 15, 18.625]},
			"faces": {
				"north": {"uv": [0, 0, 0.25, 4], "texture": "#0"},
				"east": {"uv": [0, 0, 1.75, 4], "texture": "#0"},
				"south": {"uv": [0, 0, 0.25, 4], "texture": "#0"},
				"west": {"uv": [0, 0, 1.75, 4], "texture": "#0"},
				"up": {"uv": [0, 0, 0.25, 1.75], "texture": "#0"},
				"down": {"uv": [0, 0, 0.25, 1.75], "texture": "#0"}
			}
		},
		{
			"from": [-0.5, 2, 10.25],
			"to": [-0.25, 16, 11.75],
			"rotation": {"angle": 0, "axis": "y", "origin": [7.25, 8, 18.5]},
			"faces": {
				"north": {"uv": [0, 0, 0.25, 14], "texture": "#0"},
				"east": {"uv": [0, 0, 1.5, 14], "texture": "#0"},
				"south": {"uv": [0, 0, 0.25, 14], "texture": "#0"},
				"west": {"uv": [0, 0, 1.5, 14], "texture": "#0"},
				"up": {"uv": [0, 0, 0.25, 1.5], "texture": "#0"},
				"down": {"uv": [0, 0, 0.25, 1.5], "texture": "#0"}
			}
		},
		{
			"from": [1.25, 2, 12.25],
			"to": [1.5, 16, 13.75],
			"rotation": {"angle": 0, "axis": "y", "origin": [9, 8, 20.5]},
			"faces": {
				"north": {"uv": [0, 0, 0.25, 14], "texture": "#0"},
				"east": {"uv": [0, 0, 1.5, 14], "texture": "#0"},
				"south": {"uv": [0, 0, 0.25, 14], "texture": "#0"},
				"west": {"uv": [0, 0, 1.5, 14], "texture": "#0"},
				"up": {"uv": [0, 0, 0.25, 1.5], "texture": "#0"},
				"down": {"uv": [0, 0, 0.25, 1.5], "texture": "#0"}
			}
		},
		{
			"from": [1, 9, 12.125],
			"to": [1.25, 13, 13.875],
			"rotation": {"angle": 0, "axis": "y", "origin": [8.75, 15, 20.625]},
			"faces": {
				"north": {"uv": [0, 0, 0.25, 4], "texture": "#0"},
				"east": {"uv": [0, 0, 1.75, 4], "texture": "#0"},
				"south": {"uv": [0, 0, 0.25, 4], "texture": "#0"},
				"west": {"uv": [0, 0, 1.75, 4], "texture": "#0"},
				"up": {"uv": [0, 0, 0.25, 1.75], "texture": "#0"},
				"down": {"uv": [0, 0, 0.25, 1.75], "texture": "#0"}
			}
		},
		{
			"from": [-0.5, 2, 12.25],
			"to": [-0.25, 16, 13.75],
			"rotation": {"angle": 0, "axis": "y", "origin": [7.25, 8, 20.5]},
			"faces": {
				"north": {"uv": [0, 0, 0.25, 14], "texture": "#0"},
				"east": {"uv": [0, 0, 1.5, 14], "texture": "#0"},
				"south": {"uv": [0, 0, 0.25, 14], "texture": "#0"},
				"west": {"uv": [0, 0, 1.5, 14], "texture": "#0"},
				"up": {"uv": [0, 0, 0.25, 1.5], "texture": "#0"},
				"down": {"uv": [0, 0, 0.25, 1.5], "texture": "#0"}
			}
		},
		{
			"from": [1.25, 2, 14.25],
			"to": [1.5, 16, 15.75],
			"rotation": {"angle": 0, "axis": "y", "origin": [9, 8, 22.5]},
			"faces": {
				"north": {"uv": [0, 0, 0.25, 14], "texture": "#0"},
				"east": {"uv": [0, 0, 1.5, 14], "texture": "#0"},
				"south": {"uv": [0, 0, 0.25, 14], "texture": "#0"},
				"west": {"uv": [0, 0, 1.5, 14], "texture": "#0"},
				"up": {"uv": [0, 0, 0.25, 1.5], "texture": "#0"},
				"down": {"uv": [0, 0, 0.25, 1.5], "texture": "#0"}
			}
		},
		{
			"from": [1, 9, 14.125],
			"to": [1.25, 13, 15.875],
			"rotation": {"angle": 0, "axis": "y", "origin": [8.75, 15, 22.625]},
			"faces": {
				"north": {"uv": [0, 0, 0.25, 4], "texture": "#0"},
				"east": {"uv": [0, 0, 1.75, 4], "texture": "#0"},
				"south": {"uv": [0, 0, 0.25, 4], "texture": "#0"},
				"west": {"uv": [0, 0, 1.75, 4], "texture": "#0"},
				"up": {"uv": [0, 0, 0.25, 1.75], "texture": "#0"},
				"down": {"uv": [0, 0, 0.25, 1.75], "texture": "#0"}
			}
		},
		{
			"from": [-0.5, 2, 14.25],
			"to": [-0.25, 16, 15.75],
			"rotation": {"angle": 0, "axis": "y", "origin": [7.25, 8, 22.5]},
			"faces": {
				"north": {"uv": [0, 0, 0.25, 14], "texture": "#0"},
				"east": {"uv": [0, 0, 1.5, 14], "texture": "#0"},
				"south": {"uv": [0, 0, 0.25, 14], "texture": "#0"},
				"west": {"uv": [0, 0, 1.5, 14], "texture": "#0"},
				"up": {"uv": [0, 0, 0.25, 1.5], "texture": "#0"},
				"down": {"uv": [0, 0, 0.25, 1.5], "texture": "#0"}
			}
		},
		{
			"from": [-0.25, 14.25, 0],
			"to": [1.25, 15.75, 16],
			"rotation": {"angle": 0, "axis": "y", "origin": [8, 22.75, 8]},
			"faces": {
				"north": {"uv": [0, 0, 1.5, 1.5], "texture": "#0"},
				"east": {"uv": [0, 0, 16, 1.5], "texture": "#0"},
				"south": {"uv": [0, 0, 1.5, 1.5], "texture": "#0"},
				"west": {"uv": [0, 0, 16, 1.5], "texture": "#0"},
				"up": {"uv": [0, 0, 1.5, 16], "texture": "#0"},
				"down": {"uv": [0, 0, 1.5, 16], "texture": "#0"}
			}
		},
		{
			"from": [-0.25, 2.25, 0],
			"to": [1.25, 3.75, 16],
			"rotation": {"angle": 0, "axis": "y", "origin": [8, 10.75, 8]},
			"faces": {
				"north": {"uv": [0, 0, 1.5, 1.5], "texture": "#0"},
				"east": {"uv": [0, 0, 16, 1.5], "texture": "#0"},
				"south": {"uv": [0, 0, 1.5, 1.5], "texture": "#0"},
				"west": {"uv": [0, 0, 16, 1.5], "texture": "#0"},
				"up": {"uv": [0, 0, 1.5, 16], "texture": "#0"},
				"down": {"uv": [0, 0, 1.5, 16], "texture": "#0"}
			}
		}
	],
	"display": {
		"thirdperson_righthand": {
			"rotation": [75, 45, 0],
			"translation": [0, 2.5, 0],
			"scale": [0.375, 0.375, 0.375]
		},
		"thirdperson_lefthand": {
			"rotation": [75, 45, 0],
			"translation": [0, 2.5, 0],
			"scale": [0.375, 0.375, 0.375]
		},
		"firstperson_righthand": {
			"rotation": [0, 45, 0],
			"scale": [0.4, 0.4, 0.4]
		},
		"firstperson_lefthand": {
			"rotation": [0, 225, 0],
			"scale": [0.4, 0.4, 0.4]
		},
		"ground": {
			"translation": [0, 3, 0],
			"scale": [0.25, 0.25, 0.25]
		},
		"gui": {
			"rotation": [30, -60, 0],
			"translation": [2.5, -1.75, 0],
			"scale": [0.625, 0.625, 0.625]
		},
		"fixed": {
			"rotation": [-90, 0, 0],
			"translation": [4, 0, -14],
			"scale": [2, 2, 2]
		}
	}
}