{
	"credit": "Yuushya", "ambientocclusion": false,
	"textures": {
		"1": "block/dark_concrete",
		"2": "yuushya:0extra_building_material/preview/rice_cooker",
		"3": "block/machine",
		"4": "block/cobblestone_stairs_top",
		"particle": "yuushya:0extra_building_material/preview/cy"
	},
	"elements": [
		{
			"from": [2, 0, 2],
			"to": [14, 1, 14],
			"rotation": {"angle": 0, "axis": "y", "origin": [8, 0.5, 8]},
			"faces": {
				"north": {"uv": [0, 0, 10, 1], "texture": "#1"},
				"east": {"uv": [0, 0, 9, 1], "texture": "#1"},
				"south": {"uv": [0, 0, 10, 1], "texture": "#1"},
				"west": {"uv": [0, 0, 9, 1], "texture": "#1"},
				"up": {"uv": [0, 0, 9, 10], "rotation": 90, "texture": "#1"},
				"down": {"uv": [0, 0, 12, 12], "rotation": 270, "texture": "#1"}
			}
		},
		{
			"name": "octagon",
			"from": [5.8934, 15.25, 1],
			"to": [10.1066, 16, 5.75],
			"rotation": {"angle": -45, "axis": "x", "origin": [8, 15, 2.25]},
			"faces": {
				"north": {"uv": [0, 0, 4.2132, 0.75], "texture": "#1"},
				"east": {"uv": [0, 0, 4.75, 0.75], "texture": "#1"},
				"south": {"uv": [0, 0, 4.2132, 0.75], "texture": "#1"},
				"west": {"uv": [0, 0, 4.75, 0.75], "texture": "#1"},
				"up": {"uv": [0, 0, 4.2132, 4.75], "texture": "#1"},
				"down": {"uv": [0, 0, 4.2132, 4.75], "texture": "#1"}
			}
		},
		{
			"name": "octagon",
			"from": [5.8934, 15.25, 10.5],
			"to": [10.1066, 16, 15.25],
			"rotation": {"angle": 45, "axis": "x", "origin": [8, 15, 14]},
			"faces": {
				"north": {"uv": [4.2132, 0, 0, 0.75], "texture": "#1"},
				"east": {"uv": [4.75, 0, 0, 0.75], "texture": "#1"},
				"south": {"uv": [4.2132, 0, 0, 0.75], "texture": "#1"},
				"west": {"uv": [4.75, 0, 0, 0.75], "texture": "#1"},
				"up": {"uv": [4.2132, 0, 0, 4.75], "rotation": 180, "texture": "#1"},
				"down": {"uv": [4.2132, 0, 0, 4.75], "rotation": 180, "texture": "#1"}
			}
		},
		{
			"name": "octagon",
			"from": [5.91685, 17.1875, 4],
			"to": [10.07535, 18.1875, 12.25],
			"rotation": {"angle": 0, "axis": "x", "origin": [8.03125, 17.25, 11]},
			"faces": {
				"north": {"uv": [0, 0, 4.1585, 1], "texture": "#1"},
				"east": {"uv": [0, 0, 8.25, 1], "texture": "#1"},
				"south": {"uv": [0, 0, 4.1585, 1], "texture": "#1"},
				"west": {"uv": [0, 0, 8.25, 1], "texture": "#1"},
				"up": {"uv": [0, 0, 4.1585, 8.25], "rotation": 180, "texture": "#1"},
				"down": {"uv": [0, 0, 4.1585, 8.25], "rotation": 180, "texture": "#1"}
			}
		},
		{
			"name": "octagon",
			"from": [5.91685, 13.9875, 1.2],
			"to": [10.07535, 14.9875, 15.25],
			"rotation": {"angle": 0, "axis": "x", "origin": [8.03125, 14.05, 11]},
			"faces": {
				"north": {"uv": [0, 0, 4.1585, 1], "texture": "#1"},
				"east": {"uv": [0, 0, 8.25, 1], "texture": "#1"},
				"south": {"uv": [0, 0, 4.1585, 1], "texture": "#1"},
				"west": {"uv": [0, 0, 8.25, 1], "texture": "#1"},
				"up": {"uv": [0, 0, 4.1585, 8.25], "rotation": 180, "texture": "#1"},
				"down": {"uv": [0, 0, 4.1585, 8.25], "rotation": 180, "texture": "#1"}
			}
		},
		{
			"from": [0.5, 2.5, 5],
			"to": [15.5, 3.5, 11],
			"rotation": {"angle": 0, "axis": "y", "origin": [8, 5.5, 8]},
			"faces": {
				"north": {"uv": [0, 0, 1, 1], "texture": "#1"},
				"east": {"uv": [0, 0, 6, 1], "texture": "#1"},
				"south": {"uv": [0, 0, 1, 1], "texture": "#1"},
				"west": {"uv": [0, 0, 6, 1], "texture": "#1"},
				"up": {"uv": [0, 0, 1, 6], "texture": "#1"},
				"down": {"uv": [0, 0, 1, 6], "texture": "#1"}
			}
		},
		{
			"from": [5, 2.5, 12.5],
			"to": [11, 3.5, 15.5],
			"rotation": {"angle": 0, "axis": "y", "origin": [8, 5.5, 8]},
			"faces": {
				"north": {"uv": [0, 0, 6, 1], "texture": "#1"},
				"east": {"uv": [0, 0, 1, 1], "texture": "#1"},
				"south": {"uv": [0, 0, 6, 1], "texture": "#1"},
				"west": {"uv": [0, 0, 1, 1], "texture": "#1"},
				"up": {"uv": [0, 0, 1, 6], "rotation": 90, "texture": "#1"},
				"down": {"uv": [0, 0, 1, 6], "rotation": 270, "texture": "#1"}
			}
		},
		{
			"from": [0.5, 7.5, 5],
			"to": [15.5, 8.5, 11],
			"rotation": {"angle": 0, "axis": "y", "origin": [8, 5.5, 8]},
			"faces": {
				"north": {"uv": [0, 0, 1, 1], "texture": "#1"},
				"east": {"uv": [0, 0, 6, 1], "texture": "#1"},
				"south": {"uv": [0, 0, 1, 1], "texture": "#1"},
				"west": {"uv": [0, 0, 6, 1], "texture": "#1"},
				"up": {"uv": [0, 0, 1, 6], "texture": "#1"},
				"down": {"uv": [0, 0, 1, 6], "texture": "#1"}
			}
		},
		{
			"from": [5, 7.5, 12.5],
			"to": [11, 8.5, 15.5],
			"rotation": {"angle": 0, "axis": "y", "origin": [8, 5.5, 8]},
			"faces": {
				"north": {"uv": [0, 0, 6, 1], "texture": "#1"},
				"east": {"uv": [0, 0, 1, 1], "texture": "#1"},
				"south": {"uv": [0, 0, 6, 1], "texture": "#1"},
				"west": {"uv": [0, 0, 1, 1], "texture": "#1"},
				"up": {"uv": [0, 0, 1, 6], "rotation": 90, "texture": "#1"},
				"down": {"uv": [0, 0, 1, 6], "rotation": 270, "texture": "#1"}
			}
		},
		{
			"from": [0.5, 3.5, 5],
			"to": [15.5, 7.5, 6],
			"rotation": {"angle": 0, "axis": "y", "origin": [8, 5.5, 8]},
			"faces": {
				"north": {"uv": [0, 0, 1, 4], "texture": "#1"},
				"east": {"uv": [0, 0, 1, 4], "texture": "#1"},
				"south": {"uv": [0, 0, 1, 4], "texture": "#1"},
				"west": {"uv": [0, 0, 1, 4], "texture": "#1"},
				"up": {"uv": [0, 0, 1, 1], "texture": "#1"},
				"down": {"uv": [0, 0, 1, 1], "texture": "#1"}
			}
		},
		{
			"from": [10, 3.5, 12.5],
			"to": [11, 7.5, 15.5],
			"rotation": {"angle": 0, "axis": "y", "origin": [8, 5.5, 8]},
			"faces": {
				"north": {"uv": [0, 0, 1, 4], "texture": "#1"},
				"east": {"uv": [0, 0, 1, 4], "texture": "#1"},
				"south": {"uv": [0, 0, 1, 4], "texture": "#1"},
				"west": {"uv": [0, 0, 1, 4], "texture": "#1"},
				"up": {"uv": [0, 0, 1, 1], "rotation": 90, "texture": "#1"},
				"down": {"uv": [0, 0, 1, 1], "rotation": 270, "texture": "#1"}
			}
		},
		{
			"from": [0.5, 3.5, 10],
			"to": [15.5, 7.5, 11],
			"rotation": {"angle": 0, "axis": "y", "origin": [8, 5.5, 8]},
			"faces": {
				"north": {"uv": [0, 0, 1, 4], "texture": "#1"},
				"east": {"uv": [0, 0, 1, 4], "texture": "#1"},
				"south": {"uv": [0, 0, 1, 4], "texture": "#1"},
				"west": {"uv": [0, 0, 1, 4], "texture": "#1"},
				"up": {"uv": [0, 0, 1, 1], "texture": "#1"},
				"down": {"uv": [0, 0, 1, 1], "texture": "#1"}
			}
		},
		{
			"from": [5, 3.5, 12.5],
			"to": [6, 7.5, 15.5],
			"rotation": {"angle": 0, "axis": "y", "origin": [8, 5.5, 8]},
			"faces": {
				"north": {"uv": [0, 0, 1, 4], "texture": "#1"},
				"east": {"uv": [0, 0, 1, 4], "texture": "#1"},
				"south": {"uv": [0, 0, 1, 4], "texture": "#1"},
				"west": {"uv": [0, 0, 1, 4], "texture": "#1"},
				"up": {"uv": [0, 0, 1, 1], "rotation": 90, "texture": "#1"},
				"down": {"uv": [0, 0, 1, 1], "rotation": 270, "texture": "#1"}
			}
		},
		{
			"from": [3, 2.5, 0.3],
			"to": [9, 11.5, 1.3],
			"rotation": {"angle": 0, "axis": "y", "origin": [15, 10.5, 8.3]},
			"faces": {
				"north": {"uv": [10, 7, 16, 16], "texture": "#2"},
				"east": {"uv": [0, 0, 1, 9], "texture": "#1"},
				"south": {"uv": [0, 0, 6, 9], "texture": "#1"},
				"west": {"uv": [0, 0, 1, 9], "texture": "#1"},
				"up": {"uv": [0, 0, 6, 1], "texture": "#1"},
				"down": {"uv": [0, 0, 6, 1], "texture": "#1"}
			}
		},
		{
			"from": [10, 1.5, 0.9],
			"to": [14, 8.5, 1.9],
			"rotation": {"angle": 0, "axis": "y", "origin": [12, 7.5, 8.5]},
			"faces": {
				"north": {"uv": [12, 0, 16, 7], "texture": "#2"},
				"east": {"uv": [12, 0, 16, 7], "texture": "#2"},
				"south": {"uv": [12, 0, 16, 7], "texture": "#2"},
				"west": {"uv": [15, 0, 16, 7], "texture": "#2"},
				"up": {"uv": [12, 0, 16, 7], "texture": "#2"},
				"down": {"uv": [12, 0, 16, 7], "texture": "#2"}
			}
		},
		{
			"from": [1, 0.5, 1],
			"to": [15, 12.5, 15],
			"rotation": {"angle": 0, "axis": "y", "origin": [11, 8.5, 9]},
			"faces": {
				"north": {"uv": [1, 4, 15, 16], "texture": "#3"},
				"east": {"uv": [1, 4, 15, 16], "texture": "#3"},
				"south": {"uv": [1, 4, 15, 16], "texture": "#3"},
				"west": {"uv": [1, 4, 15, 16], "texture": "#3"},
				"up": {"uv": [1, 1, 15, 15], "texture": "#4"},
				"down": {"uv": [1, 1, 15, 15], "texture": "#4"}
			}
		},
		{
			"from": [1, 13.5, 1],
			"to": [15, 14.5, 15],
			"rotation": {"angle": 0, "axis": "y", "origin": [11, 10.5, 9]},
			"faces": {
				"north": {"uv": [1, 1, 15, 2], "texture": "#3"},
				"east": {"uv": [1, 1, 15, 2], "texture": "#3"},
				"south": {"uv": [1, 1, 15, 2], "texture": "#3"},
				"west": {"uv": [1, 1, 15, 2], "texture": "#3"},
				"up": {"uv": [1, 1, 15, 15], "texture": "#4"},
				"down": {"uv": [1, 1, 15, 15], "texture": "#3"}
			}
		},
		{
			"from": [2, 12.5, 2],
			"to": [14, 13.5, 14],
			"rotation": {"angle": 0, "axis": "y", "origin": [11, 9.5, 9]},
			"faces": {
				"north": {"uv": [2, 2, 14, 3], "texture": "#1"},
				"east": {"uv": [2, 2, 14, 3], "texture": "#1"},
				"south": {"uv": [2, 2, 14, 3], "texture": "#1"},
				"west": {"uv": [2, 2, 14, 3], "texture": "#1"},
				"up": {"uv": [2, 2, 14, 14], "texture": "#1"},
				"down": {"uv": [2, 2, 14, 14], "texture": "#1"}
			}
		},
		{
			"from": [0.5, 9.5, 0.9],
			"to": [15.5, 10.5, 15.4],
			"rotation": {"angle": 0, "axis": "y", "origin": [11.5, 6.5, 9]},
			"faces": {
				"north": {"uv": [2, 2, 14, 3], "texture": "#1"},
				"east": {"uv": [2, 2, 14, 3], "texture": "#1"},
				"south": {"uv": [2, 2, 14, 3], "texture": "#1"},
				"west": {"uv": [2, 2, 14, 3], "texture": "#1"},
				"up": {"uv": [2, 2, 14, 14], "texture": "#1"},
				"down": {"uv": [2, 2, 14, 14], "texture": "#1"}
			}
		}
	],
	"display": {
		"thirdperson_righthand": {
			"rotation": [75, 45, 0],
			"translation": [0, 2.5, 0],
			"scale": [0.375, 0.375, 0.375]
		},
		"thirdperson_lefthand": {
			"rotation": [75, 45, 0],
			"translation": [0, 2.5, 0],
			"scale": [0.375, 0.375, 0.375]
		},
		"firstperson_righthand": {
			"rotation": [0, 45, 0],
			"scale": [0.4, 0.4, 0.4]
		},
		"firstperson_lefthand": {
			"rotation": [0, 225, 0],
			"scale": [0.4, 0.4, 0.4]
		},
		"ground": {
			"translation": [0, 3, 0],
			"scale": [0.25, 0.25, 0.25]
		},
		"gui": {
			"rotation": [30, 225, 0],
			"scale": [0.625, 0.625, 0.625]
		},
		"fixed": {
			"rotation": [-90, 10, 0],
			"translation": [0, 0, -11.5],
			"scale": [1.7, 1.7, 1.7]
		}
	},
	"groups": [0,
		{
			"name": "octagon",
			"origin": [8, 8, 8],
			"children": []
		},
		{
			"name": "octagon",
			"origin": [8, 8, 8],
			"children": [1, 2, 3, 4]
		}, 5, 6, 7, 8, 9, 10, 11, 12, 13, 14, 15, 16, 17, 18]
}