{
	"textures": {
		"1": "block/acacia_log",
		"2": "yuushya:0extra_building_material/preview/refrigerator",
		"4": "block/gray_concrete",
		"5": "block/light_gray_concrete",
		"6": "yuushya:0extra_building_material/preview/rice_cooker",
		"7": "yuushya:0extra_building_material/preview/refrigerator_dec",
		"8": "block/machine",
		"particle": "yuushya:0extra_building_material/preview/refrigerator"
	},
	"elements": [
		{
			"from": [0, -16, 0],
			"to": [16, 16, 13],
			"rotation": {"angle": 0, "axis": "y", "origin": [8, -8, 8]},
			"faces": {
				"north": {"uv": [8, 0, 16, 16], "texture": "#2"},
				"east": {"uv": [9.5, 0, 16, 16], "texture": "#2"},
				"south": {"uv": [8, 0, 16, 16], "texture": "#2"},
				"west": {"uv": [9.5, 0, 16, 16], "texture": "#2"},
				"up": {"uv": [0, 9, 8, 16], "texture": "#2"},
				"down": {"uv": [0, 9, 8, 16], "texture": "#2"}
			}
		},
		{
			"from": [0, 1.5, 14],
			"to": [16, 16, 15],
			"rotation": {"angle": 0, "axis": "y", "origin": [9, 9, 22]},
			"faces": {
				"north": {"uv": [0, 0, 16, 15.5], "texture": "#2"},
				"east": {"uv": [0, 0.5, 0.5, 8], "texture": "#2"},
				"south": {"uv": [0, 0.5, 8, 8], "texture": "#2"},
				"west": {"uv": [0, 0.5, 0.5, 8], "texture": "#2"},
				"up": {"uv": [0, 0.5, 8, 1], "texture": "#2"},
				"down": {"uv": [0, 0.5, 8, 1], "texture": "#2"}
			}
		},
		{
			"from": [0, 0.5, 14],
			"to": [1, 1.5, 15],
			"rotation": {"angle": 0, "axis": "y", "origin": [9, -5.5, 22]},
			"faces": {
				"north": {"uv": [0, 7.5625, 0.5, 8.0625], "texture": "#2"},
				"east": {"uv": [0, 7.5625, 0.5, 8.0625], "texture": "#2"},
				"south": {"uv": [0, 7.5, 0.5, 8], "texture": "#2"},
				"west": {"uv": [0, 7.5625, 0.5, 8.0625], "texture": "#2"},
				"up": {"uv": [0, 7.5625, 0.5, 8.0625], "texture": "#2"},
				"down": {"uv": [0, 7.5625, 0.5, 8.0625], "texture": "#2"}
			}
		},
		{
			"from": [0, -1, 14],
			"to": [1, 0, 15],
			"rotation": {"angle": 0, "axis": "y", "origin": [9, -7, 22]},
			"faces": {
				"north": {"uv": [0, 0, 0.5, 0.5], "texture": "#2"},
				"east": {"uv": [0, 0, 0.5, 0.5], "texture": "#2"},
				"south": {"uv": [0, 0, 0.5, 0.5], "texture": "#2"},
				"west": {"uv": [0, 0, 0.5, 0.5], "texture": "#2"},
				"up": {"uv": [0, 0, 0.5, 0.5], "texture": "#2"},
				"down": {"uv": [0, 0, 0.5, 0.5], "texture": "#2"}
			}
		},
		{
			"from": [1, 1, 14.5],
			"to": [15, 1.5, 15],
			"rotation": {"angle": 0, "axis": "y", "origin": [10, -5.5, 22]},
			"faces": {
				"north": {"uv": [0.5, 7.5, 7.5, 8], "texture": "#4"},
				"east": {"uv": [0.5, 7.5, 7.5, 8], "texture": "#4"},
				"south": {"uv": [0.5, 7.5, 7.5, 8], "texture": "#4"},
				"west": {"uv": [0.5, 7.5, 7.5, 8], "texture": "#4"},
				"up": {"uv": [0.5, 7.5, 7.5, 8], "texture": "#4"},
				"down": {"uv": [0.5, 7.5, 7.5, 8], "texture": "#4"}
			}
		},
		{
			"from": [1, -1, 14.5],
			"to": [15, -0.5, 15],
			"rotation": {"angle": 0, "axis": "y", "origin": [10, -7.5, 22]},
			"faces": {
				"north": {"uv": [0.5, 0, 7.5, 0.5], "texture": "#2"},
				"east": {"uv": [0.5, 0, 7.5, 0.5], "texture": "#2"},
				"south": {"uv": [0.5, 0, 7.5, 0.5], "texture": "#2"},
				"west": {"uv": [0.5, 0, 7.5, 0.5], "texture": "#2"},
				"up": {"uv": [0.5, 0, 7.5, 0.5], "texture": "#2"},
				"down": {"uv": [0.5, 0, 7.5, 0.5], "texture": "#2"}
			}
		},
		{
			"from": [15, 0.5, 14],
			"to": [16, 1.5, 15],
			"rotation": {"angle": 0, "axis": "y", "origin": [24, -5.5, 22]},
			"faces": {
				"north": {"uv": [0, 7.5625, 0.5, 8.0625], "texture": "#2"},
				"east": {"uv": [0, 7.5625, 0.5, 8.0625], "texture": "#2"},
				"south": {"uv": [0, 7.5, 0.5, 8], "texture": "#2"},
				"west": {"uv": [0, 7.5625, 0.5, 8.0625], "texture": "#2"},
				"up": {"uv": [0, 7.5625, 0.5, 8.0625], "texture": "#2"},
				"down": {"uv": [0, 7.5625, 0.5, 8.0625], "texture": "#2"}
			}
		},
		{
			"from": [15, -1, 14],
			"to": [16, 0, 15],
			"rotation": {"angle": 0, "axis": "y", "origin": [24, -7, 22]},
			"faces": {
				"north": {"uv": [7.5, 0, 8, 0.5], "texture": "#2"},
				"east": {"uv": [7.5, 0, 8, 0.5], "texture": "#2"},
				"south": {"uv": [7.5, 0, 8, 0.5], "texture": "#2"},
				"west": {"uv": [7.5, 0, 8, 0.5], "texture": "#2"},
				"up": {"uv": [7.5, 0, 8, 0.5], "texture": "#2"},
				"down": {"uv": [7.5, 0, 8, 0.5], "texture": "#2"}
			}
		},
		{
			"from": [0.25, 0.5, 13],
			"to": [16, 15.75, 14],
			"rotation": {"angle": 0, "axis": "y", "origin": [9, 8, 21]},
			"faces": {
				"north": {"uv": [0, 0, 16, 15.5], "texture": "#4"},
				"east": {"uv": [0, 0.625, 0.5, 8], "texture": "#4"},
				"south": {"uv": [0, 0.5, 7.875, 8.125], "texture": "#4"},
				"west": {"uv": [8, 5, 15.625, 5.5], "rotation": 90, "texture": "#4"},
				"up": {"uv": [8, 5, 15.625, 5.5], "rotation": 90, "texture": "#4"},
				"down": {"uv": [0, 0.5, 8, 1], "texture": "#4"}
			}
		},
		{
			"from": [0.25, -16, 13],
			"to": [16, -0.25, 14],
			"rotation": {"angle": 0, "axis": "y", "origin": [9, -8, 21]},
			"faces": {
				"north": {"uv": [0, 0, 16, 15.5], "texture": "#4"},
				"east": {"uv": [0, 0.125, 0.5, 8], "texture": "#4"},
				"south": {"uv": [0, 0.5, 7.875, 8.125], "texture": "#4"},
				"west": {"uv": [8, 5, 15.875, 5.5], "rotation": 90, "texture": "#4"},
				"up": {"uv": [8, 5, 15.625, 5.5], "rotation": 90, "texture": "#4"},
				"down": {"uv": [0, 0.5, 8, 1], "texture": "#4"}
			}
		},
		{
			"from": [0, -16, 14],
			"to": [16, -1, 15],
			"rotation": {"angle": 0, "axis": "y", "origin": [9, -9, 22]},
			"faces": {
				"north": {"uv": [0, 0, 16, 15.5], "texture": "#2"},
				"east": {"uv": [0, 0, 0.5, 8], "texture": "#2"},
				"south": {"uv": [0, 0.5, 8, 8], "texture": "#2"},
				"west": {"uv": [0, 0.5, 0.5, 8], "texture": "#2"},
				"up": {"uv": [0, 0.5, 8, 1], "texture": "#2"},
				"down": {"uv": [0, 0.5, 8, 1], "texture": "#2"}
			}
		},
		{
			"from": [3, -11, 15],
			"to": [4, -6, 15.5],
			"rotation": {"angle": 0, "axis": "y", "origin": [11, -3, 23]},
			"faces": {
				"north": {"uv": [0, 0, 0.5, 2.5], "texture": "#1"},
				"east": {"uv": [0, 0, 0.25, 2.5], "texture": "#1"},
				"south": {"uv": [0, 0, 0.5, 2.5], "texture": "#1"},
				"west": {"uv": [0, 0, 0.25, 2.5], "texture": "#1"},
				"up": {"uv": [0, 0, 0.5, 0.25], "texture": "#1"},
				"down": {"uv": [0, 0, 0.5, 0.25], "texture": "#1"}
			}
		},
		{
			"from": [3, 6, 15],
			"to": [4, 11, 15.5],
			"rotation": {"angle": 0, "axis": "y", "origin": [11, 14, 23]},
			"faces": {
				"north": {"uv": [0, 0, 0.5, 2.5], "texture": "#1"},
				"east": {"uv": [0, 0, 0.25, 2.5], "texture": "#1"},
				"south": {"uv": [0, 0, 0.5, 2.5], "texture": "#1"},
				"west": {"uv": [0, 0, 0.25, 2.5], "texture": "#1"},
				"up": {"uv": [0, 0, 0.5, 0.25], "texture": "#1"},
				"down": {"uv": [0, 0, 0.5, 0.25], "texture": "#1"}
			}
		},
		{
			"from": [-0.2, -16, 1],
			"to": [-0.1, -5, 12],
			"rotation": {"angle": 0, "axis": "y", "origin": [7.8, -8, 9]},
			"faces": {
				"north": {"uv": [0, 0, 0.05, 5.5], "texture": "#4"},
				"east": {"uv": [0, 0, 5.5, 5.5], "texture": "#4"},
				"south": {"uv": [0, 0, 0.05, 5.5], "texture": "#4"},
				"west": {"uv": [0, 0, 5.5, 5.5], "texture": "#4"},
				"up": {"uv": [0, 0, 0.05, 5.5], "texture": "#4"},
				"down": {"uv": [0, 0, 0.05, 5.5], "texture": "#4"}
			}
		},
		{
			"from": [16, -16, 1],
			"to": [16.1, -5, 12],
			"rotation": {"angle": 0, "axis": "y", "origin": [24, -8, 9]},
			"faces": {
				"north": {"uv": [0, 0, 0.05, 5.5], "texture": "#4"},
				"east": {"uv": [0, 0, 5.5, 5.5], "texture": "#4"},
				"south": {"uv": [0, 0, 0.05, 5.5], "texture": "#4"},
				"west": {"uv": [0, 0, 5.5, 5.5], "texture": "#4"},
				"up": {"uv": [0, 0, 0.05, 5.5], "texture": "#4"},
				"down": {"uv": [0, 0, 0.05, 5.5], "texture": "#4"}
			}
		},
		{
			"from": [-0.3, -15, 2],
			"to": [-0.2, -14, 11],
			"rotation": {"angle": 0, "axis": "y", "origin": [7.7, -7, 9]},
			"faces": {
				"north": {"uv": [0, 0, 0.05, 0.5], "texture": "#5"},
				"east": {"uv": [0, 0, 4.5, 0.5], "texture": "#5"},
				"south": {"uv": [0, 0, 0.05, 0.5], "texture": "#5"},
				"west": {"uv": [0, 0, 4.5, 0.5], "texture": "#5"},
				"up": {"uv": [0, 0, 0.05, 4.5], "texture": "#5"},
				"down": {"uv": [0, 0, 0.05, 4.5], "texture": "#5"}
			}
		},
		{
			"from": [16.1, -15, 2],
			"to": [16.2, -14, 11],
			"rotation": {"angle": 0, "axis": "y", "origin": [24.1, -7, 9]},
			"faces": {
				"north": {"uv": [0, 0, 0.05, 0.5], "texture": "#5"},
				"east": {"uv": [0, 0, 4.5, 0.5], "texture": "#5"},
				"south": {"uv": [0, 0, 0.05, 0.5], "texture": "#5"},
				"west": {"uv": [0, 0, 4.5, 0.5], "texture": "#5"},
				"up": {"uv": [0, 0, 0.05, 4.5], "texture": "#5"},
				"down": {"uv": [0, 0, 0.05, 4.5], "texture": "#5"}
			}
		},
		{
			"from": [-0.3, -11, 2],
			"to": [-0.2, -10, 11],
			"rotation": {"angle": 0, "axis": "y", "origin": [7.7, -3, 9]},
			"faces": {
				"north": {"uv": [0, 0, 0.05, 0.5], "texture": "#5"},
				"east": {"uv": [0, 0, 4.5, 0.5], "texture": "#5"},
				"south": {"uv": [0, 0, 0.05, 0.5], "texture": "#5"},
				"west": {"uv": [0, 0, 4.5, 0.5], "texture": "#5"},
				"up": {"uv": [0, 0, 0.05, 4.5], "texture": "#5"},
				"down": {"uv": [0, 0, 0.05, 4.5], "texture": "#5"}
			}
		},
		{
			"from": [16.1, -11, 2],
			"to": [16.2, -10, 11],
			"rotation": {"angle": 0, "axis": "y", "origin": [24.1, -3, 9]},
			"faces": {
				"north": {"uv": [0, 0, 0.05, 0.5], "texture": "#5"},
				"east": {"uv": [0, 0, 4.5, 0.5], "texture": "#5"},
				"south": {"uv": [0, 0, 0.05, 0.5], "texture": "#5"},
				"west": {"uv": [0, 0, 4.5, 0.5], "texture": "#5"},
				"up": {"uv": [0, 0, 0.05, 4.5], "texture": "#5"},
				"down": {"uv": [0, 0, 0.05, 4.5], "texture": "#5"}
			}
		},
		{
			"from": [-0.3, -13, 2],
			"to": [-0.2, -12, 11],
			"rotation": {"angle": 0, "axis": "y", "origin": [7.7, -5, 9]},
			"faces": {
				"north": {"uv": [0, 0, 0.05, 0.5], "texture": "#5"},
				"east": {"uv": [0, 0, 4.5, 0.5], "texture": "#5"},
				"south": {"uv": [0, 0, 0.05, 0.5], "texture": "#5"},
				"west": {"uv": [0, 0, 4.5, 0.5], "texture": "#5"},
				"up": {"uv": [0, 0, 0.05, 4.5], "texture": "#5"},
				"down": {"uv": [0, 0, 0.05, 4.5], "texture": "#5"}
			}
		},
		{
			"from": [16.1, -13, 2],
			"to": [16.2, -12, 11],
			"rotation": {"angle": 0, "axis": "y", "origin": [24.1, -5, 9]},
			"faces": {
				"north": {"uv": [0, 0, 0.05, 0.5], "texture": "#5"},
				"east": {"uv": [0, 0, 4.5, 0.5], "texture": "#5"},
				"south": {"uv": [0, 0, 0.05, 0.5], "texture": "#5"},
				"west": {"uv": [0, 0, 4.5, 0.5], "texture": "#5"},
				"up": {"uv": [0, 0, 0.05, 4.5], "texture": "#5"},
				"down": {"uv": [0, 0, 0.05, 4.5], "texture": "#5"}
			}
		},
		{
			"from": [-0.3, -7, 2],
			"to": [-0.2, -6, 11],
			"rotation": {"angle": 0, "axis": "y", "origin": [7.7, 1, 9]},
			"faces": {
				"north": {"uv": [0, 0, 0.05, 0.5], "texture": "#5"},
				"east": {"uv": [0, 0, 4.5, 0.5], "texture": "#5"},
				"south": {"uv": [0, 0, 0.05, 0.5], "texture": "#5"},
				"west": {"uv": [0, 0, 4.5, 0.5], "texture": "#5"},
				"up": {"uv": [0, 0, 0.05, 4.5], "texture": "#5"},
				"down": {"uv": [0, 0, 0.05, 4.5], "texture": "#5"}
			}
		},
		{
			"from": [16.1, -7, 2],
			"to": [16.2, -6, 11],
			"rotation": {"angle": 0, "axis": "y", "origin": [24.1, 1, 9]},
			"faces": {
				"north": {"uv": [0, 0, 0.05, 0.5], "texture": "#5"},
				"east": {"uv": [0, 0, 4.5, 0.5], "texture": "#5"},
				"south": {"uv": [0, 0, 0.05, 0.5], "texture": "#5"},
				"west": {"uv": [0, 0, 4.5, 0.5], "texture": "#5"},
				"up": {"uv": [0, 0, 0.05, 4.5], "texture": "#5"},
				"down": {"uv": [0, 0, 0.05, 4.5], "texture": "#5"}
			}
		},
		{
			"from": [-0.3, -9, 2],
			"to": [-0.2, -8, 11],
			"rotation": {"angle": 0, "axis": "y", "origin": [7.7, -1, 9]},
			"faces": {
				"north": {"uv": [0, 0, 0.05, 0.5], "texture": "#5"},
				"east": {"uv": [0, 0, 4.5, 0.5], "texture": "#5"},
				"south": {"uv": [0, 0, 0.05, 0.5], "texture": "#5"},
				"west": {"uv": [0, 0, 4.5, 0.5], "texture": "#5"},
				"up": {"uv": [0, 0, 0.05, 4.5], "texture": "#5"},
				"down": {"uv": [0, 0, 0.05, 4.5], "texture": "#5"}
			}
		},
		{
			"from": [16.1, -9, 2],
			"to": [16.2, -8, 11],
			"rotation": {"angle": 0, "axis": "y", "origin": [24.1, -1, 9]},
			"faces": {
				"north": {"uv": [0, 0, 0.05, 0.5], "texture": "#5"},
				"east": {"uv": [0, 0, 4.5, 0.5], "texture": "#5"},
				"south": {"uv": [0, 0, 0.05, 0.5], "texture": "#5"},
				"west": {"uv": [0, 0, 4.5, 0.5], "texture": "#5"},
				"up": {"uv": [0, 0, 0.05, 4.5], "texture": "#5"},
				"down": {"uv": [0, 0, 0.05, 4.5], "texture": "#5"}
			}
		},
		{
			"from": [-0.2, -4, 1],
			"to": [-0.1, -2, 12],
			"rotation": {"angle": 0, "axis": "y", "origin": [7.8, -5, 9]},
			"faces": {
				"north": {"uv": [0, 0, 0.05, 1], "texture": "#4"},
				"east": {"uv": [0, 0, 5.5, 1], "texture": "#4"},
				"south": {"uv": [0, 0, 0.05, 1], "texture": "#4"},
				"west": {"uv": [0, 0, 5.5, 1], "texture": "#4"},
				"up": {"uv": [0, 0, 0.05, 5.5], "texture": "#4"},
				"down": {"uv": [0, 0, 0.05, 5.5], "texture": "#4"}
			}
		},
		{
			"from": [16, -4, 1],
			"to": [16.1, -2, 12],
			"rotation": {"angle": 0, "axis": "y", "origin": [24, -5, 9]},
			"faces": {
				"north": {"uv": [0, 0, 0.05, 1], "texture": "#4"},
				"east": {"uv": [0, 0, 5.5, 1], "texture": "#4"},
				"south": {"uv": [0, 0, 0.05, 1], "texture": "#4"},
				"west": {"uv": [0, 0, 5.5, 1], "texture": "#4"},
				"up": {"uv": [0, 0, 0.05, 5.5], "texture": "#4"},
				"down": {"uv": [0, 0, 0.05, 5.5], "texture": "#4"}
			}
		},
		{
			"from": [10, 6, 15.1],
			"to": [14, 13, 15.1],
			"rotation": {"angle": 0, "axis": "y", "origin": [12, 12, 21.7]},
			"faces": {
				"north": {"uv": [12, 0, 16, 7], "texture": "#6"},
				"east": {"uv": [12, 0, 16, 7], "texture": "#6"},
				"south": {"uv": [12, 0, 16, 7], "texture": "#6"},
				"west": {"uv": [15, 0, 16, 7], "texture": "#6"},
				"up": {"uv": [12, 0, 16, 7], "texture": "#6"},
				"down": {"uv": [12, 0, 16, 7], "texture": "#6"}
			}
		},
		{
			"from": [-0.2, -1, 2.75],
			"to": [-0.2, 6, 12.75],
			"rotation": {"angle": 0, "axis": "y", "origin": [-0.2, 6.5, 6.25]},
			"faces": {
				"north": {"uv": [0, 0, 0, 8], "texture": "#7"},
				"east": {"uv": [6, 9, 16, 16], "texture": "#7"},
				"south": {"uv": [0, 0, 0, 8], "texture": "#7"},
				"west": {"uv": [6, 9, 16, 16], "texture": "#7"},
				"up": {"uv": [0, 0, 5, 0], "rotation": 90, "texture": "#7"},
				"down": {"uv": [0, 0, 5, 0], "rotation": 270, "texture": "#7"}
			}
		},
		{
			"from": [4, -9, 15.25],
			"to": [9, -3, 15.25],
			"rotation": {"angle": 0, "axis": "y", "origin": [12, -3, 23.25]},
			"faces": {
				"north": {"uv": [0, 10, 5, 16], "texture": "#7"},
				"east": {"uv": [0, 0, 0, 8], "texture": "#7"},
				"south": {"uv": [0, 10, 5, 16], "texture": "#7"},
				"west": {"uv": [0, 0, 0, 8], "texture": "#7"},
				"up": {"uv": [0, 0, 5, 0], "texture": "#7"},
				"down": {"uv": [0, 0, 5, 0], "texture": "#7"}
			}
		},
		{
			"from": [6, -3.5, 15],
			"to": [7, -2.5, 15.5],
			"rotation": {"angle": 45, "axis": "z", "origin": [6.5, -3, 15.25]},
			"faces": {
				"north": {"uv": [0, 0, 0.5, 0.5], "texture": "#7"},
				"east": {"uv": [0, 0, 0.5, 0.5], "texture": "#7"},
				"south": {"uv": [0, 0, 0.5, 0.5], "texture": "#7"},
				"west": {"uv": [0, 0, 0.5, 0.5], "texture": "#7"},
				"up": {"uv": [0, 0, 0.5, 0.5], "texture": "#7"},
				"down": {"uv": [0, 0, 0.5, 0.5], "texture": "#7"}
			}
		},
		{
			"from": [10, -12, 15.25],
			"to": [15, -4, 15.25],
			"rotation": {"angle": 0, "axis": "y", "origin": [18, -4, 23.25]},
			"faces": {
				"north": {"uv": [0, 13, 1, 14], "texture": "#7"},
				"east": {"uv": [0, 0, 0, 8], "texture": "#7"},
				"south": {"uv": [8, 1, 13, 9], "texture": "#7"},
				"west": {"uv": [0, 0, 0, 8], "texture": "#7"},
				"up": {"uv": [0, 0, 5, 0], "texture": "#7"},
				"down": {"uv": [0, 0, 5, 0], "texture": "#7"}
			}
		},
		{
			"from": [11, -5, 15],
			"to": [12, -4, 15.5],
			"rotation": {"angle": 0, "axis": "y", "origin": [11.5, -4.5, 15.25]},
			"faces": {
				"north": {"uv": [9, 1, 9.5, 1.5], "rotation": 270, "texture": "#7"},
				"east": {"uv": [9, 1, 9.5, 1.5], "rotation": 270, "texture": "#7"},
				"south": {"uv": [9, 1, 9.5, 1.5], "rotation": 270, "texture": "#7"},
				"west": {"uv": [9, 1, 9.5, 1.5], "rotation": 270, "texture": "#7"},
				"up": {"uv": [9, 1, 9.5, 1.5], "rotation": 270, "texture": "#7"},
				"down": {"uv": [9, 1, 9.5, 1.5], "rotation": 270, "texture": "#7"}
			}
		},
		{
			"from": [4.4, 7, 15.35],
			"to": [9.4, 15, 15.35],
			"rotation": {"angle": 0, "axis": "y", "origin": [12.4, 15, 23.35]},
			"faces": {
				"north": {"uv": [0, 13, 1, 14], "texture": "#7"},
				"east": {"uv": [0, 0, 0, 8], "texture": "#7"},
				"south": {"uv": [8, 1, 13, 9], "texture": "#7"},
				"west": {"uv": [0, 0, 0, 8], "texture": "#7"},
				"up": {"uv": [0, 0, 5, 0], "texture": "#7"},
				"down": {"uv": [0, 0, 5, 0], "texture": "#7"}
			}
		},
		{
			"from": [12, 3, 15.25],
			"to": [14, 5, 15.25],
			"rotation": {"angle": 0, "axis": "y", "origin": [20, 5, 23.25]},
			"faces": {
				"north": {"uv": [6, 11, 8, 13], "texture": "#7"},
				"east": {"uv": [0, 0, 0, 8], "texture": "#7"},
				"south": {"uv": [10, 1, 12, 3], "texture": "#7"},
				"west": {"uv": [0, 0, 0, 8], "texture": "#7"},
				"up": {"uv": [0, 0, 5, 0], "texture": "#7"},
				"down": {"uv": [0, 0, 5, 0], "texture": "#7"}
			}
		},
		{
			"from": [16.2, 4, 4.75],
			"to": [16.2, 10, 9.75],
			"rotation": {"angle": 0, "axis": "y", "origin": [16.2, 10, 7.25]},
			"faces": {
				"north": {"uv": [0, 0, 0, 8], "texture": "#7"},
				"east": {"uv": [0, 10, 5, 16], "texture": "#7"},
				"south": {"uv": [0, 0, 0, 8], "texture": "#7"},
				"west": {"uv": [0, 10, 5, 16], "texture": "#7"},
				"up": {"uv": [0, 0, 5, 0], "rotation": 270, "texture": "#7"},
				"down": {"uv": [0, 0, 5, 0], "rotation": 90, "texture": "#7"}
			}
		},
		{
			"from": [15.95, 9.5, 6.75],
			"to": [16.45, 10.5, 7.75],
			"rotation": {"angle": -45, "axis": "x", "origin": [16.2, 10, 7.25]},
			"faces": {
				"north": {"uv": [0, 0, 0.5, 0.5], "texture": "#7"},
				"east": {"uv": [0, 0, 0.5, 0.5], "texture": "#7"},
				"south": {"uv": [0, 0, 0.5, 0.5], "texture": "#7"},
				"west": {"uv": [0, 0, 0.5, 0.5], "texture": "#7"},
				"up": {"uv": [0, 0, 0.5, 0.5], "rotation": 270, "texture": "#7"},
				"down": {"uv": [0, 0, 0.5, 0.5], "rotation": 90, "texture": "#7"}
			}
		},
		{
			"from": [0, 16, 0],
			"to": [16, 22, 15],
			"rotation": {"angle": 0, "axis": "y", "origin": [8, 29, 8]},
			"faces": {
				"north": {"uv": [0, 0, 16, 6], "texture": "#8"},
				"east": {"uv": [0, 0, 15, 6], "texture": "#8"},
				"south": {"uv": [0, 0, 16, 6], "texture": "#8"},
				"west": {"uv": [0, 0, 15, 6], "texture": "#8"},
				"up": {"uv": [0, 0, 16, 15], "texture": "#8"},
				"down": {"uv": [0, 0, 16, 15], "texture": "#8"}
			}
		}
	],
	"display": {
		"thirdperson_righthand": {
			"rotation": [75, 45, 0],
			"translation": [0, 2.5, 0],
			"scale": [0.375, 0.375, 0.375]
		},
		"thirdperson_lefthand": {
			"rotation": [75, 45, 0],
			"translation": [0, 2.5, 0],
			"scale": [0.375, 0.375, 0.375]
		},
		"firstperson_righthand": {
			"rotation": [0, 45, 0],
			"scale": [0.4, 0.4, 0.4]
		},
		"firstperson_lefthand": {
			"rotation": [0, 225, 0],
			"scale": [0.4, 0.4, 0.4]
		},
		"ground": {
			"translation": [0, 3, 0],
			"scale": [0.25, 0.25, 0.25]
		},
		"gui": {
			"rotation": [30, 45, 0],
			"translation": [0.25, 3, 0],
			"scale": [0.5, 0.5, 0.5]
		},
		"fixed": {
			"rotation": [-90, 0, 0],
			"translation": [0, 0, -46],
			"scale": [2, 2, 2]
		}
	}
}