{
	"textures": {
		"0": "yuushya:0extra_building_material/preview/globe_sphere/1",
		"2": "yuushya:0extra_building_material/preview/globe_sphere/3",
		"3": "yuushya:block/acacia_door",
		"particle": "yuushya:0extra_building_material/preview/globe_sphere/1"
	},
	"elements": [
		{
			"from": [2, 2, 2],
			"to": [8, 8, 8],
			"faces": {
				"north": {"uv": [0, 0, 6, 6], "texture": "#0"},
				"east": {"uv": [0, 0, 6, 6], "texture": "#2"},
				"south": {"uv": [0, 0, 6, 6], "texture": "#0"},
				"west": {"uv": [0, 6, 6, 0], "rotation": 270, "texture": "#2"},
				"up": {"uv": [0, 0, 6, 6], "texture": "#2"},
				"down": {"uv": [0, 6, 6, 0], "rotation": 180, "texture": "#2"}
			}
		},
		{
			"from": [3, 0, 3],
			"to": [6, 0.5, 6],
			"faces": {
				"north": {"uv": [1, 0, 4, 1], "texture": "#3"},
				"east": {"uv": [3, 1, 3.5, 4], "rotation": 90, "texture": "#3"},
				"south": {"uv": [1, 0, 4, 1], "texture": "#3"},
				"west": {"uv": [3, 1, 3.5, 4], "rotation": 90, "texture": "#3"},
				"up": {"uv": [1, 0, 4, 3], "texture": "#3"},
				"down": {"uv": [1, 0, 4, 3], "texture": "#3"}
			}
		},
		{
			"from": [3, 9, 3],
			"to": [6, 9.5, 6],
			"faces": {
				"north": {"uv": [1, 0, 4, 1], "texture": "#3"},
				"east": {"uv": [3, 1, 3.5, 4], "rotation": 90, "texture": "#3"},
				"south": {"uv": [1, 0, 4, 1], "texture": "#3"},
				"west": {"uv": [3, 1, 3.5, 4], "rotation": 90, "texture": "#3"},
				"up": {"uv": [1, 0, 4, 3], "texture": "#3"},
				"down": {"uv": [1, 0, 4, 3], "texture": "#3"}
			}
		},
		{
			"from": [4, 9, 1.5],
			"to": [5, 9.5, 3],
			"faces": {
				"north": {"uv": [2, 0, 3, 1], "texture": "#3"},
				"east": {"uv": [2, 0, 3, 1], "texture": "#3"},
				"south": {"uv": [2, 0, 3, 1], "texture": "#3"},
				"west": {"uv": [2, 0, 3, 1], "texture": "#3"},
				"up": {"uv": [2, 0, 3, 1], "texture": "#3"},
				"down": {"uv": [2, 0, 3, 1], "texture": "#3"}
			}
		},
		{
			"from": [4, 1, 1.5],
			"to": [5, 1.5, 4],
			"faces": {
				"north": {"uv": [2, 0, 3, 1], "texture": "#3"},
				"east": {"uv": [2, 0, 3, 1], "texture": "#3"},
				"south": {"uv": [2, 0, 3, 1], "texture": "#3"},
				"west": {"uv": [2, 0, 3, 1], "texture": "#3"},
				"up": {"uv": [2, 0, 3, 1], "texture": "#3"},
				"down": {"uv": [2, 0, 3, 1], "texture": "#3"}
			}
		},
		{
			"from": [4, 0.5, 4],
			"to": [5, 9.4, 5],
			"faces": {
				"north": {"uv": [2, 0, 3, 8.9], "texture": "#3"},
				"east": {"uv": [2, 0, 3, 2], "texture": "#3"},
				"south": {"uv": [2, 0, 3, 2], "texture": "#3"},
				"west": {"uv": [2, 0, 3, 2], "texture": "#3"},
				"up": {"uv": [2, 0, 3, 2], "texture": "#3"},
				"down": {"uv": [2, 0, 3, 2], "texture": "#3"}
			}
		},
		{
			"from": [4, 1, 1],
			"to": [5, 9.5, 1.5],
			"faces": {
				"north": {"uv": [2, 0, 3, 8.9], "texture": "#3"},
				"east": {"uv": [2, 0, 3, 2], "texture": "#3"},
				"south": {"uv": [2, 0, 3, 2], "texture": "#3"},
				"west": {"uv": [2, 0, 3, 2], "texture": "#3"},
				"up": {"uv": [2, 0, 3, 2], "texture": "#3"},
				"down": {"uv": [2, 0, 3, 2], "texture": "#3"}
			}
		}
	],
	"display": {
		"thirdperson_righthand": {
			"rotation": [75, 45, 0],
			"translation": [0, 2.5, 0],
			"scale": [0.375, 0.375, 0.375]
		},
		"thirdperson_lefthand": {
			"rotation": [75, 45, 0],
			"translation": [0, 2.5, 0],
			"scale": [0.375, 0.375, 0.375]
		},
		"firstperson_righthand": {
			"rotation": [0, 45, 0],
			"scale": [0.4, 0.4, 0.4]
		},
		"firstperson_lefthand": {
			"rotation": [0, 225, 0],
			"scale": [0.4, 0.4, 0.4]
		},
		"ground": {
			"translation": [0, 3, 0],
			"scale": [0.25, 0.25, 0.25]
		},
		"gui": {
			"rotation": [30, 45, 0],
			"translation": [3.5, 1.5, 0],
			"scale": [0.8, 0.8, 0.8]
		},
		"fixed": {
			"rotation": [-90, 0, 0],
			"translation": [0, 0, -14],
			"scale": [2, 2, 2]
		}
	}
}