{
	"credit": "Yuushya",
	"textures": {
		"1": "block/andesite1",
		"2": "block/andesite",
		"3": "yuushya:0extra_building_material/preview/chair1",
		"5": "block/dark_concrete",
		"6": "block/white_wool",
		"7": "block/white_terracotta",
		"8": "block/acacia_log",
		"particle": "yuushya:0extra_building_material/preview/bottle"
	},
	"elements": [
		{
			"from": [1, 0, 0],
			"to": [7, 0.75, 13],
			"rotation": {"angle": 0, "axis": "y", "origin": [9, 8, 7]},
			"faces": {
				"north": {"uv": [0, 0, 6, 0.75], "texture": "#7"},
				"east": {"uv": [0, 0, 13, 0.75], "texture": "#7"},
				"south": {"uv": [0, 0, 6, 0.75], "texture": "#7"},
				"west": {"uv": [0, 0, 13, 0.75], "texture": "#7"},
				"up": {"uv": [0, 0, 6, 13], "texture": "#7"},
				"down": {"uv": [0, 0, 6, 13], "texture": "#7"}
			}
		},
		{
			"from": [2, 0.75, 0],
			"to": [6, 4.5, 1],
			"rotation": {"angle": 0, "axis": "y", "origin": [9, 8.75, -5]},
			"faces": {
				"north": {"uv": [0, 0, 4, 3.75], "texture": "#7"},
				"east": {"uv": [0, 0, 1, 3.75], "texture": "#7"},
				"south": {"uv": [0, 0, 4, 3.75], "texture": "#7"},
				"west": {"uv": [0, 0, 1, 3.75], "texture": "#7"},
				"up": {"uv": [0, 0, 4, 1], "texture": "#7"},
				"down": {"uv": [0, 0, 4, 1], "texture": "#7"}
			}
		},
		{
			"from": [1, 0.75, 0],
			"to": [2, 5.5, 13],
			"rotation": {"angle": 0, "axis": "y", "origin": [4, 8.75, 7]},
			"faces": {
				"north": {"uv": [0, 0, 1, 4.75], "texture": "#7"},
				"east": {"uv": [0, 0, 13, 4.75], "texture": "#7"},
				"south": {"uv": [0, 0, 1, 4.75], "texture": "#7"},
				"west": {"uv": [0, 0, 13, 4.75], "texture": "#7"},
				"up": {"uv": [0, 0, 1, 13], "texture": "#7"},
				"down": {"uv": [0, 0, 1, 13], "texture": "#7"}
			}
		},
		{
			"from": [2, 0.75, 4],
			"to": [6, 4.5, 5],
			"rotation": {"angle": 0, "axis": "y", "origin": [9, 8.75, -1]},
			"faces": {
				"north": {"uv": [0, 0, 4, 3.75], "texture": "#7"},
				"east": {"uv": [0, 0, 1, 3.75], "texture": "#7"},
				"south": {"uv": [0, 0, 4, 3.75], "texture": "#7"},
				"west": {"uv": [0, 0, 1, 3.75], "texture": "#7"},
				"up": {"uv": [0, 0, 4, 1], "texture": "#7"},
				"down": {"uv": [0, 0, 4, 1], "texture": "#7"}
			}
		},
		{
			"from": [2, 0.75, 8],
			"to": [6, 4.5, 9],
			"rotation": {"angle": 0, "axis": "y", "origin": [9, 8.75, 3]},
			"faces": {
				"north": {"uv": [0, 0, 4, 3.75], "texture": "#7"},
				"east": {"uv": [0, 0, 1, 3.75], "texture": "#7"},
				"south": {"uv": [0, 0, 4, 3.75], "texture": "#7"},
				"west": {"uv": [0, 0, 1, 3.75], "texture": "#7"},
				"up": {"uv": [0, 0, 4, 1], "texture": "#7"},
				"down": {"uv": [0, 0, 4, 1], "texture": "#7"}
			}
		},
		{
			"from": [2, 0.75, 12],
			"to": [6, 4.5, 13],
			"rotation": {"angle": 0, "axis": "y", "origin": [9, 8.75, 7]},
			"faces": {
				"north": {"uv": [0, 0, 4, 3.75], "texture": "#7"},
				"east": {"uv": [0, 0, 1, 3.75], "texture": "#7"},
				"south": {"uv": [0, 0, 4, 3.75], "texture": "#7"},
				"west": {"uv": [0, 0, 1, 3.75], "texture": "#7"},
				"up": {"uv": [0, 0, 4, 1], "texture": "#7"},
				"down": {"uv": [0, 0, 4, 1], "texture": "#7"}
			}
		},
		{
			"from": [2.25, 2, 9],
			"to": [6, 3, 12],
			"rotation": {"angle": 0, "axis": "y", "origin": [12, 10, 18.5]},
			"faces": {
				"north": {"uv": [0, 0, 3.75, 1], "texture": "#7"},
				"east": {"uv": [0, 0, 3, 1], "texture": "#7"},
				"south": {"uv": [0, 0, 3.75, 1], "texture": "#7"},
				"west": {"uv": [0, 0, 3, 1], "texture": "#7"},
				"up": {"uv": [0, 0, 3.75, 3], "texture": "#6"},
				"down": {"uv": [0, 0, 3.75, 3], "texture": "#7"}
			}
		},
		{
			"from": [2.25, 2, 5],
			"to": [6, 3, 8],
			"rotation": {"angle": 0, "axis": "y", "origin": [12, 10, 14.5]},
			"faces": {
				"north": {"uv": [0, 0, 3.75, 1], "texture": "#7"},
				"east": {"uv": [0, 0, 3, 1], "texture": "#7"},
				"south": {"uv": [0, 0, 3.75, 1], "texture": "#7"},
				"west": {"uv": [0, 0, 3, 1], "texture": "#7"},
				"up": {"uv": [0, 0, 3.75, 3], "texture": "#8"},
				"down": {"uv": [0, 0, 3.75, 3], "texture": "#7"}
			}
		},
		{
			"from": [2.25, 2, 1],
			"to": [6, 3, 4],
			"rotation": {"angle": 0, "axis": "y", "origin": [12, 10, 10.5]},
			"faces": {
				"north": {"uv": [0, 0, 3.75, 1], "texture": "#7"},
				"east": {"uv": [0, 0, 3, 1], "texture": "#7"},
				"south": {"uv": [0, 0, 3.75, 1], "texture": "#7"},
				"west": {"uv": [0, 0, 3, 1], "texture": "#7"},
				"up": {"uv": [9, 7, 13, 10], "texture": "#3"},
				"down": {"uv": [0, 0, 3.75, 3], "texture": "#7"}
			}
		},
		{
			"from": [6, 0.75, 0],
			"to": [7, 3.5, 13],
			"rotation": {"angle": 0, "axis": "y", "origin": [9, 8.75, 7]},
			"faces": {
				"north": {"uv": [0, 0, 1, 2.75], "texture": "#7"},
				"east": {"uv": [0, 0, 13, 2.75], "texture": "#7"},
				"south": {"uv": [0, 0, 1, 2.75], "texture": "#7"},
				"west": {"uv": [0, 0, 13, 2.75], "texture": "#7"},
				"up": {"uv": [0, 0, 1, 13], "texture": "#7"},
				"down": {"uv": [0, 0, 1, 13], "texture": "#7"}
			}
		},
		{
			"from": [2, 4, 0.5],
			"to": [2.5, 8, 12.5],
			"rotation": {"angle": 0, "axis": "y", "origin": [9.5, 12, 9.5]},
			"faces": {
				"north": {"uv": [0, 0, 0.5, 4], "texture": "#7"},
				"east": {"uv": [3, 0, 15, 4], "texture": "#7"},
				"south": {"uv": [0, 0, 0.5, 4], "texture": "#7"},
				"west": {"uv": [0, 0, 12, 4], "texture": "#7"},
				"up": {"uv": [0, 0, 0.5, 12], "texture": "#7"},
				"down": {"uv": [0, 0, 0.5, 12], "texture": "#7"}
			}
		},
		{
			"from": [4, 0, 14],
			"to": [6, 4, 16],
			"rotation": {"angle": 0, "axis": "y", "origin": [13, 8, 23]},
			"faces": {
				"north": {"uv": [7, 1, 9, 5], "texture": "#2"},
				"east": {"uv": [7, 1, 9, 5], "texture": "#2"},
				"south": {"uv": [7, 1, 9, 5], "texture": "#2"},
				"west": {"uv": [7, 1, 9, 5], "texture": "#2"},
				"up": {"uv": [7, 3, 9, 5], "texture": "#2"},
				"down": {"uv": [7, 3, 9, 5], "texture": "#2"}
			}
		},
		{
			"from": [4.25, 4, 14.25],
			"to": [5.75, 5, 15.75],
			"rotation": {"angle": 0, "axis": "y", "origin": [13.25, 12, 23.25]},
			"faces": {
				"north": {"uv": [3, 0, 4, 1], "texture": "#3"},
				"east": {"uv": [3, 0, 4, 1], "texture": "#3"},
				"south": {"uv": [3, 0, 4, 1], "texture": "#3"},
				"west": {"uv": [3, 0, 4, 1], "texture": "#3"},
				"up": {"uv": [3, 0, 4, 1], "texture": "#3"},
				"down": {"uv": [3, 0, 4, 1], "texture": "#3"}
			}
		},
		{
			"from": [4, 5, 14],
			"to": [6, 5.5, 16],
			"rotation": {"angle": 0, "axis": "y", "origin": [13.25, 13, 23.25]},
			"faces": {
				"north": {"uv": [1, 1, 3, 3], "texture": "#3"},
				"east": {"uv": [1, 1, 3, 3], "texture": "#3"},
				"south": {"uv": [1, 1, 3, 3], "texture": "#3"},
				"west": {"uv": [1, 1, 3, 3], "texture": "#3"},
				"up": {"uv": [1, 1, 3, 3], "texture": "#3"},
				"down": {"uv": [1, 1, 3, 3], "texture": "#3"}
			}
		},
		{
			"from": [1, 0, 14],
			"to": [3, 4, 16],
			"rotation": {"angle": 0, "axis": "y", "origin": [10, 8, 23]},
			"faces": {
				"north": {"uv": [13, 6, 15, 10], "texture": "#1"},
				"east": {"uv": [13, 8, 15, 10], "texture": "#1"},
				"south": {"uv": [13, 6, 15, 10], "texture": "#1"},
				"west": {"uv": [13, 6, 15, 10], "texture": "#1"},
				"up": {"uv": [13, 6, 15, 10], "texture": "#1"},
				"down": {"uv": [13, 8, 15, 10], "texture": "#1"}
			}
		},
		{
			"from": [1.25, 4, 14.25],
			"to": [2.75, 5, 15.75],
			"rotation": {"angle": 0, "axis": "y", "origin": [10.25, 12, 23.25]},
			"faces": {
				"north": {"uv": [0, 0, 1.5, 1], "texture": "#5"},
				"east": {"uv": [0, 0, 1.5, 1], "texture": "#5"},
				"south": {"uv": [0, 0, 1.5, 1], "texture": "#5"},
				"west": {"uv": [0, 0, 1.5, 1], "texture": "#5"},
				"up": {"uv": [0, 0, 1.5, 1.5], "texture": "#5"},
				"down": {"uv": [0, 0, 1.5, 1.5], "texture": "#5"}
			}
		},
		{
			"from": [1, 5, 14],
			"to": [3, 5.5, 16],
			"rotation": {"angle": 0, "axis": "y", "origin": [10.25, 13, 23.25]},
			"faces": {
				"north": {"uv": [0, 0, 2, 0.5], "texture": "#5"},
				"east": {"uv": [0, 0, 2, 0.5], "texture": "#5"},
				"south": {"uv": [0, 0, 2, 0.5], "texture": "#5"},
				"west": {"uv": [0, 0, 2, 0.5], "texture": "#5"},
				"up": {"uv": [0, 0, 2, 2], "texture": "#5"},
				"down": {"uv": [0, 0, 2, 2], "texture": "#5"}
			}
		},
		{
			"from": [6.5, 4.25, 3.25],
			"to": [8.5, 4.75, 4.75],
			"rotation": {"angle": -22.5, "axis": "z", "origin": [7.5, 4.1875, 4]},
			"faces": {
				"north": {"uv": [13, 1, 15, 2], "texture": "#5"},
				"east": {"uv": [13, 1, 15, 2], "texture": "#5"},
				"south": {"uv": [13, 1, 15, 2], "texture": "#5"},
				"west": {"uv": [13, 1, 15, 2], "texture": "#5"},
				"up": {"uv": [13, 1, 15, 2], "texture": "#5"},
				"down": {"uv": [13, 1, 15, 2], "texture": "#5"}
			}
		},
		{
			"from": [6, 3.5, 3],
			"to": [9, 4.25, 5],
			"rotation": {"angle": -22.5, "axis": "z", "origin": [7.5, 4.1875, 4]},
			"faces": {
				"north": {"uv": [0, 0, 3, 0.75], "texture": "#5"},
				"east": {"uv": [0, 0, 2, 0.75], "texture": "#5"},
				"south": {"uv": [0, 0, 3, 0.75], "texture": "#5"},
				"west": {"uv": [0, 0, 2, 0.75], "texture": "#5"},
				"up": {"uv": [13, 1, 15, 2], "texture": "#5"},
				"down": {"uv": [13, 1, 15, 2], "texture": "#5"}
			}
		},
		{
			"from": [9.125, -0.375, 3.5],
			"to": [9.875, 3.875, 4.5],
			"rotation": {"angle": 45, "axis": "z", "origin": [9.5, 2.375, 4]},
			"faces": {
				"north": {"uv": [0, 0, 4.25, 0.75], "rotation": 270, "texture": "#5"},
				"east": {"uv": [0, 0, 4.25, 1], "rotation": 90, "texture": "#5"},
				"south": {"uv": [0, 0, 4.25, 0.75], "rotation": 90, "texture": "#5"},
				"west": {"uv": [0, 0, 4.25, 1], "rotation": 90, "texture": "#5"},
				"up": {"uv": [0, 0, 1, 0.75], "rotation": 90, "texture": "#5"},
				"down": {"uv": [0, 0, 1, 0.75], "rotation": 90, "texture": "#5"}
			}
		},
		{
			"from": [11, 0.25, 3.475],
			"to": [12, 1, 4.525],
			"rotation": {"angle": -22.5, "axis": "z", "origin": [11, 0.625, 4]},
			"faces": {
				"north": {"uv": [0, 0, 1, 0.75], "rotation": 180, "texture": "#5"},
				"east": {"uv": [0, 0, 1.05, 0.75], "rotation": 180, "texture": "#5"},
				"south": {"uv": [0, 0, 1, 0.75], "rotation": 180, "texture": "#5"},
				"west": {"uv": [0, 0, 1.05, 0.75], "rotation": 180, "texture": "#5"},
				"up": {"uv": [0, 0, 1, 1.05], "rotation": 180, "texture": "#5"},
				"down": {"uv": [0, 0, 1, 1.05], "rotation": 180, "texture": "#5"}
			}
		}
	],
	"display": {
		"thirdperson_righthand": {
			"rotation": [75, 45, 0],
			"translation": [0, 2.5, 0],
			"scale": [0.375, 0.375, 0.375]
		},
		"thirdperson_lefthand": {
			"rotation": [75, 45, 0],
			"translation": [0, 2.5, 0],
			"scale": [0.375, 0.375, 0.375]
		},
		"firstperson_righthand": {
			"rotation": [0, 45, 0],
			"scale": [0.4, 0.4, 0.4]
		},
		"firstperson_lefthand": {
			"rotation": [0, 225, 0],
			"scale": [0.4, 0.4, 0.4]
		},
		"ground": {
			"translation": [0, 3, 0],
			"scale": [0.25, 0.25, 0.25]
		},
		"gui": {
			"rotation": [30, -45, 0],
			"translation": [2.75, 0, 0],
			"scale": [0.8, 0.8, 0.8]
		},
		"fixed": {
			"rotation": [-90, 0, 0],
			"translation": [0, 0, -14],
			"scale": [2, 2, 2]
		}
	},
	"groups": [
		{
			"name": "group",
			"origin": [13, 8.75, 7.5],
			"children": [0, 1, 2, 3, 4, 5,
				{
					"name": "鸡精",
					"origin": [16, 10, 19],
					"children": [6]
				},
				{
					"name": "盐",
					"origin": [16, 10, 15],
					"children": [7]
				},
				{
					"name": "味精",
					"origin": [16, 10, 11],
					"children": [8]
				}, 9, 10]
		},
		{
			"name": "胡椒粉",
			"origin": [17.25, 14, 23.25],
			"children": [11, 12, 13]
		},
		{
			"name": "孜然",
			"origin": [17.25, 14, 23.25],
			"children": [14, 15, 16]
		},
		{
			"name": "勺子",
			"origin": [17.75, 4.625, 1],
			"children": [17, 18, 19, 20]
		}
	]
}