{
	"textures": {
		"2": "yuushya:0extra_building_material/preview/bin_",
		"particle": "yuushya:0extra_building_material/preview/bin_"
	},
	"elements": [
		{
			"from": [6, -4.53073, 4.30448],
			"to": [10, 12.46927, 8.30448],
			"rotation": {"angle": 22.5, "axis": "x", "origin": [8, 8, 12]},
			"faces": {
				"north": {"uv": [0, 0, 4, 16], "texture": "#2"},
				"east": {"uv": [0, 0, 4, 16], "texture": "#2"},
				"south": {"uv": [0, 0, 4, 16], "texture": "#2"},
				"west": {"uv": [0, 0, 4, 16], "texture": "#2"},
				"up": {"uv": [0, 0, 5, 3], "texture": "#2"},
				"down": {"uv": [0, 3, 5, 6], "texture": "#2"}
			}
		},
		{
			"from": [4, -3, 6],
			"to": [8, 14, 10],
			"rotation": {"angle": -22.5, "axis": "z", "origin": [8, 8, 12]},
			"faces": {
				"north": {"uv": [0, 0, 4, 16], "texture": "#2"},
				"east": {"uv": [0, 0, 4, 16], "texture": "#2"},
				"south": {"uv": [0, 0, 4, 16], "texture": "#2"},
				"west": {"uv": [0, 0, 4, 16], "texture": "#2"},
				"up": {"uv": [0, 0, 5, 3], "texture": "#2"},
				"down": {"uv": [0, 3, 4, 7], "texture": "#2"}
			}
		},
		{
			"from": [8, -3, 6],
			"to": [12, 14, 10],
			"rotation": {"angle": 22.5, "axis": "z", "origin": [8, 8, 12]},
			"faces": {
				"north": {"uv": [0, 0, 4, 16], "texture": "#2"},
				"east": {"uv": [0, 0, 4, 16], "texture": "#2"},
				"south": {"uv": [0, 0, 4, 16], "texture": "#2"},
				"west": {"uv": [0, 0, 4, 16], "texture": "#2"},
				"up": {"uv": [0, 0, 5, 3], "texture": "#2"},
				"down": {"uv": [4, 4, 9, 7], "texture": "#2"}
			}
		},
		{
			"from": [6, -1.46927, 8.30448],
			"to": [10, 15.53073, 12.30448],
			"rotation": {"angle": -22.5, "axis": "x", "origin": [8, 8, 12]},
			"faces": {
				"north": {"uv": [0, 0, 4, 16], "texture": "#2"},
				"east": {"uv": [0, 0, 4, 16], "texture": "#2"},
				"south": {"uv": [0, 0, 4, 16], "texture": "#2"},
				"west": {"uv": [0, 0, 4, 16], "texture": "#2"},
				"up": {"uv": [0, 0, 5, 3], "texture": "#2"},
				"down": {"uv": [0, 2, 5, 5], "texture": "#2"}
			}
		},
		{
			"from": [2.17157, 0, 6.17157],
			"to": [8.17157, 8, 12.17157],
			"rotation": {"angle": -45, "axis": "y", "origin": [8, 8, 12]},
			"faces": {
				"north": {"uv": [0, 8, 6, 16], "texture": "#2"},
				"east": {"uv": [0, 8, 6, 16], "texture": "#2"},
				"south": {"uv": [0, 8, 6, 16], "texture": "#2"},
				"west": {"uv": [0, 8, 6, 16], "texture": "#2"},
				"up": {"uv": [0, 0, 5, 3], "texture": "#2"},
				"down": {"uv": [0, 0, 5, 3], "texture": "#2"}
			}
		},
		{
			"from": [1, 0, 1],
			"to": [15, 1, 15],
			"rotation": {"angle": 0, "axis": "y", "origin": [8, 8, 12]},
			"faces": {
				"north": {"uv": [0, 14, 14, 15], "texture": "#2"},
				"east": {"uv": [0, 14, 14, 15], "texture": "#2"},
				"south": {"uv": [0, 14, 14, 15], "texture": "#2"},
				"west": {"uv": [0, 14, 14, 15], "texture": "#2"},
				"up": {"uv": [7, 7, 8, 8], "texture": "#2"},
				"down": {"uv": [1, 2, 15, 16], "texture": "#2"}
			}
		},
		{
			"from": [5.7, 13.1, 5.7],
			"to": [10.3, 15.5, 10.3],
			"rotation": {"angle": 0, "axis": "y", "origin": [14, 21.5, 14]},
			"faces": {
				"north": {"uv": [0, 0, 4, 2], "texture": "#2"},
				"east": {"uv": [0, 0, 4, 2], "texture": "#2"},
				"south": {"uv": [0, 0, 4, 2], "texture": "#2"},
				"west": {"uv": [0, 0, 4, 2], "texture": "#2"},
				"up": {"uv": [9, 5, 13, 9], "texture": "#2"},
				"down": {"uv": [0, 0, 4, 4], "texture": "#2"}
			}
		}
	],
	"gui_light": "front",
	"display": {
		"thirdperson_righthand": {
			"rotation": [75, 45, 0],
			"translation": [0, 2.5, 0],
			"scale": [0.375, 0.375, 0.375]
		},
		"thirdperson_lefthand": {
			"rotation": [75, 45, 0],
			"translation": [0, 2.5, 0],
			"scale": [0.375, 0.375, 0.375]
		},
		"firstperson_righthand": {
			"rotation": [0, 45, 0],
			"scale": [0.4, 0.4, 0.4]
		},
		"firstperson_lefthand": {
			"rotation": [0, 225, 0],
			"scale": [0.4, 0.4, 0.4]
		},
		"ground": {
			"translation": [0, 3, 0],
			"scale": [0.25, 0.25, 0.25]
		},
		"gui": {
			"rotation": [30, 225, 0],
			"scale": [0.625, 0.625, 0.625]
		},
		"fixed": {
			"rotation": [-90, 9, 2],
			"translation": [0, 0, -13.5],
			"scale": [2, 2, 2]
		}
	},
	"groups": [
		{
			"name": "Luzhang",
			"origin": [8, 8, 8],
			"children": [0, 1, 2, 3, 4, 5]
		}, 6]
}