{
	"credit": "Yuushya",
	"texture_size": [64, 64],
	"textures": {
		"0": "yuushya:0extra_building_material/preview/phone",
		"1": "block/gray_concrete",
		"2": "block/dark_concrete",
		"3": "block/bone_block_side",
		"4": "block/yellow_concrete",
		"5": "block/grass_block_tint",
		"particle": "yuushya:0extra_building_material/preview/phone"
	},
	"elements": [
		{
			"from": [5, 0.3, 1],
			"to": [15, 1.55, 10],
			"rotation": {"angle": 0, "axis": "y", "origin": [18, 7.8, 11]},
			"faces": {
				"north": {"uv": [0, 3.5, 5, 4], "texture": "#0"},
				"east": {"uv": [0, 3.5, 5, 4], "texture": "#0"},
				"south": {"uv": [0, 3.5, 5, 4], "texture": "#0"},
				"west": {"uv": [0, 3.5, 5, 4], "texture": "#0"},
				"up": {"uv": [2.5, 8.75, 0, 6.5], "texture": "#2"},
				"down": {"uv": [2.5, 6.5, 0, 8.75], "texture": "#2"}
			}
		},
		{
			"from": [4.9625, 2.3, 3.775],
			"to": [12, 3.6, 9.975],
			"rotation": {"angle": 22.5, "axis": "z", "origin": [10, 2.675, 6]},
			"faces": {
				"north": {"uv": [9.125, 10.625, 10.88438, 10.95], "texture": "#1"},
				"east": {"uv": [0.5, 12.75, 2.05, 13.075], "texture": "#1"},
				"south": {"uv": [9.125, 10.625, 10.88438, 10.95], "texture": "#2"},
				"west": {"uv": [3.75, 12.75, 5.3, 13.075], "texture": "#1"},
				"up": {"uv": [5.5, 1.5, 9, 4.5], "rotation": 270, "texture": "#0"},
				"down": {"uv": [5.50938, 11.25, 3.75, 12.8], "texture": "#1"}
			}
		},
		{
			"from": [8.2625, 0.925, 3.775],
			"to": [11.9375, 2.225, 9.975],
			"rotation": {"angle": 22.5, "axis": "z", "origin": [10, 1.65, 6]},
			"faces": {
				"north": {"uv": [9, 12.375, 9.91875, 12.7], "texture": "#1"},
				"east": {"uv": [0, 2.625, 1.55, 2.95], "texture": "#1"},
				"south": {"uv": [9, 12.375, 9.91875, 12.7], "texture": "#2"},
				"west": {"uv": [2.25, 2.625, 3.8, 2.95], "texture": "#1"},
				"up": {"uv": [2.41875, 2.675, 1.5, 1.125], "texture": "#1"},
				"down": {"uv": [3.16875, 1.125, 2.25, 2.675], "texture": "#1"}
			}
		},
		{
			"from": [11.5, 1.55, 3.75],
			"to": [15, 4.3, 10],
			"rotation": {"angle": 0, "axis": "y", "origin": [13, 2.425, 6]},
			"faces": {
				"north": {"uv": [5, 9.5, 6.5, 10.5], "texture": "#0"},
				"east": {"uv": [5, 12, 6.5, 13.5], "texture": "#0"},
				"south": {"uv": [5, 12, 6.5, 13.5], "texture": "#0"},
				"west": {"uv": [0.5, 7, 2.0625, 7.6875], "texture": "#3"},
				"up": {"uv": [1.5625, 6.5, 0, 7.375], "rotation": 90, "texture": "#3"},
				"down": {"uv": [4.75, 0.625, 3.875, 2.1875], "texture": "#3"}
			}
		},
		{
			"from": [11.75, 1.55, 1.25],
			"to": [14.5, 3.55, 3.5],
			"rotation": {"angle": 0, "axis": "y", "origin": [13, 2.425, 3]},
			"faces": {
				"north": {"uv": [5, 9.5, 6.5, 10.5], "texture": "#0"},
				"east": {"uv": [5, 9.5, 6.5, 10.5], "texture": "#0"},
				"south": {"uv": [6.5, 0.6875, 6, 0], "rotation": 90, "texture": "#3"},
				"west": {"uv": [5, 9.5, 6.5, 10.5], "texture": "#0"},
				"up": {"uv": [6.5625, 0.6875, 6, 0], "rotation": 90, "texture": "#3"},
				"down": {"uv": [0, 0, 0.6875, 0.5625], "texture": "#3"}
			}
		},
		{
			"from": [5.75, 1.55, 1.25],
			"to": [8.25, 3.05, 3.5],
			"rotation": {"angle": 0, "axis": "y", "origin": [7, 2.425, 3]},
			"faces": {
				"north": {"uv": [6, 3, 6.625, 3.375], "texture": "#3"},
				"east": {"uv": [6, 3, 6.375, 3.5625], "rotation": 90, "texture": "#3"},
				"south": {"uv": [6, 3, 6.625, 3.375], "texture": "#3"},
				"west": {"uv": [6, 3, 6.375, 3.5625], "rotation": 90, "texture": "#3"},
				"up": {"uv": [6, 3, 6.5625, 3.625], "rotation": 90, "texture": "#3"},
				"down": {"uv": [0, 0, 0.625, 0.5625], "texture": "#3"}
			}
		},
		{
			"from": [7, 2.55, 1.75],
			"to": [11.75, 3.55, 3],
			"rotation": {"angle": 0, "axis": "y", "origin": [10.25, 2.425, 3]},
			"faces": {
				"north": {"uv": [0, 3.5, 1.1875, 3.75], "texture": "#3"},
				"east": {"uv": [0, 3.5, 0.3125, 3.75], "texture": "#3"},
				"south": {"uv": [0, 3.5, 1.1875, 3.75], "texture": "#3"},
				"west": {"uv": [0, 3.5, 0.3125, 3.75], "texture": "#3"},
				"up": {"uv": [0, 3.5, 1.1875, 3.8125], "texture": "#3"},
				"down": {"uv": [0, 3.5, 1.1875, 3.8125], "texture": "#3"}
			}
		},
		{
			"from": [13.625, 4.175, 4.45],
			"to": [14.125, 7.175, 9.45],
			"rotation": {"angle": -22.5, "axis": "z", "origin": [13.5, 4.925, 6.2]},
			"faces": {
				"north": {"uv": [5.5, 0, 5.625, 0.5625], "texture": "#1"},
				"east": {"uv": [9, 10.5, 10.3125, 11.0625], "texture": "#1"},
				"south": {"uv": [5.5, 0, 5.625, 0.5625], "texture": "#1"},
				"west": {"uv": [0, 0, 2.5, 1.5], "texture": "#0"},
				"up": {"uv": [5.5, 0, 5.625, 1.3125], "texture": "#1"},
				"down": {"uv": [0, 0, 0.125, 1.3125], "texture": "#1"}
			}
		},
		{
			"from": [12, 4.05, 4.25],
			"to": [12.5, 4.55, 5.5],
			"rotation": {"angle": 0, "axis": "z", "origin": [13.5, 3.925, 6]},
			"faces": {
				"north": {"uv": [9, 14, 9.125, 14.125], "texture": "#4"},
				"east": {"uv": [9, 14, 9.3125, 14.125], "texture": "#4"},
				"south": {"uv": [9, 14, 9.125, 14.125], "texture": "#4"},
				"west": {"uv": [9, 14, 9.3125, 14.125], "texture": "#4"},
				"up": {"uv": [9, 14.3125, 9.125, 14], "texture": "#4"},
				"down": {"uv": [0, 0, 0.125, 0.3125], "texture": "#4"}
			}
		},
		{
			"from": [12, 4.05, 8.25],
			"to": [12.5, 4.55, 9.5],
			"rotation": {"angle": 0, "axis": "z", "origin": [13.5, 3.925, 10]},
			"faces": {
				"north": {"uv": [9, 14, 9.125, 14.125], "texture": "#5"},
				"east": {"uv": [9, 14, 9.3125, 14.125], "texture": "#5"},
				"south": {"uv": [9, 14, 9.125, 14.125], "texture": "#5"},
				"west": {"uv": [9, 14, 9.3125, 14.125], "texture": "#5"},
				"up": {"uv": [9, 14.3125, 9.125, 14], "texture": "#5"},
				"down": {"uv": [0, 0, 0.125, 0.3125], "texture": "#5"}
			}
		},
		{
			"from": [11.75, 4.05, 6.25],
			"to": [13, 4.55, 7.5],
			"rotation": {"angle": 0, "axis": "z", "origin": [13.5, 3.925, 7.75]},
			"faces": {
				"north": {"uv": [12.3125, 14.125, 12, 14], "texture": "#3"},
				"east": {"uv": [12.3125, 14.125, 12, 14], "texture": "#3"},
				"south": {"uv": [12.3125, 14.125, 12, 14], "texture": "#3"},
				"west": {"uv": [12.3125, 14.125, 12, 14], "texture": "#3"},
				"up": {"uv": [12.3125, 14.3125, 12, 14], "texture": "#3"},
				"down": {"uv": [0, 0, 0.3125, 0.3125], "texture": "#3"}
			}
		},
		{
			"from": [5.25, -0.2, 8.5],
			"to": [6.5, 0.3, 9.75],
			"rotation": {"angle": 0, "axis": "y", "origin": [9.5, 6.8, 18.5]},
			"faces": {
				"north": {"uv": [14.03125, 14.03125, 14.34375, 14.15625], "texture": "#2"},
				"east": {"uv": [14.03125, 14.03125, 14.34375, 14.15625], "texture": "#2"},
				"south": {"uv": [14.03125, 14.03125, 14.34375, 14.15625], "texture": "#2"},
				"west": {"uv": [14.03125, 14.03125, 14.34375, 14.15625], "texture": "#2"},
				"up": {"uv": [0, 0, 0.3125, 0.3125], "texture": "#2"},
				"down": {"uv": [14.03125, 14.03125, 14.34375, 14.34375], "texture": "#2"}
			}
		},
		{
			"from": [13.5, -0.2, 8.5],
			"to": [14.75, 0.3, 9.75],
			"rotation": {"angle": 0, "axis": "y", "origin": [17.75, 6.8, 18.5]},
			"faces": {
				"north": {"uv": [14.03125, 14.03125, 14.34375, 14.15625], "texture": "#2"},
				"east": {"uv": [14.03125, 14.03125, 14.34375, 14.15625], "texture": "#2"},
				"south": {"uv": [14.03125, 14.03125, 14.34375, 14.15625], "texture": "#2"},
				"west": {"uv": [14.03125, 14.03125, 14.34375, 14.15625], "texture": "#2"},
				"up": {"uv": [0, 0, 0.3125, 0.3125], "texture": "#2"},
				"down": {"uv": [14.03125, 14.03125, 14.34375, 14.34375], "texture": "#2"}
			}
		},
		{
			"from": [13.5, -0.2, 1.25],
			"to": [14.75, 0.3, 2.5],
			"rotation": {"angle": 0, "axis": "y", "origin": [17.75, 6.8, 11.25]},
			"faces": {
				"north": {"uv": [14.03125, 14.03125, 14.34375, 14.15625], "texture": "#2"},
				"east": {"uv": [14.03125, 14.03125, 14.34375, 14.15625], "texture": "#2"},
				"south": {"uv": [14.03125, 14.03125, 14.34375, 14.15625], "texture": "#2"},
				"west": {"uv": [14.03125, 14.03125, 14.34375, 14.15625], "texture": "#2"},
				"up": {"uv": [0, 0, 0.3125, 0.3125], "texture": "#2"},
				"down": {"uv": [14.03125, 14.03125, 14.34375, 14.34375], "texture": "#2"}
			}
		},
		{
			"from": [5.25, -0.2, 1.25],
			"to": [6.5, 0.3, 2.5],
			"rotation": {"angle": 0, "axis": "y", "origin": [9.5, 6.8, 11.25]},
			"faces": {
				"north": {"uv": [14.03125, 14.03125, 14.34375, 14.15625], "texture": "#2"},
				"east": {"uv": [14.03125, 14.03125, 14.34375, 14.15625], "texture": "#2"},
				"south": {"uv": [14.03125, 14.03125, 14.34375, 14.15625], "texture": "#2"},
				"west": {"uv": [14.03125, 14.03125, 14.34375, 14.15625], "texture": "#2"},
				"up": {"uv": [0, 0, 0.3125, 0.3125], "texture": "#2"},
				"down": {"uv": [14.03125, 14.03125, 14.34375, 14.34375], "texture": "#2"}
			}
		},
		{
			"from": [9.8375, 3.55, 4.525],
			"to": [11.0875, 3.85, 5.525],
			"rotation": {"angle": 22.5, "axis": "z", "origin": [10, 2.675, 6.25]},
			"faces": {
				"north": {"uv": [9.3125, 13.45, 9, 13.375], "texture": "#3"},
				"east": {"uv": [9.25, 13.45, 9, 13.375], "texture": "#3"},
				"south": {"uv": [9.3125, 13.45, 9, 13.375], "texture": "#3"},
				"west": {"uv": [9.25, 13.45, 9, 13.375], "texture": "#3"},
				"up": {"uv": [9.3125, 10.75, 9, 10.5], "texture": "#3"},
				"down": {"uv": [0, 0, 0.3125, 0.25], "texture": "#3"}
			}
		},
		{
			"from": [9.8375, 3.55, 6.4],
			"to": [11.0875, 3.85, 7.4],
			"rotation": {"angle": 22.5, "axis": "z", "origin": [10, 2.675, 8.125]},
			"faces": {
				"north": {"uv": [9.3125, 13.45, 9, 13.375], "texture": "#3"},
				"east": {"uv": [9.25, 13.45, 9, 13.375], "texture": "#3"},
				"south": {"uv": [9.3125, 13.45, 9, 13.375], "texture": "#3"},
				"west": {"uv": [9.25, 13.45, 9, 13.375], "texture": "#3"},
				"up": {"uv": [9.3125, 10.75, 9, 10.5], "texture": "#3"},
				"down": {"uv": [0, 0, 0.3125, 0.25], "texture": "#3"}
			}
		},
		{
			"from": [9.8375, 3.55, 8.275],
			"to": [11.0875, 3.85, 9.275],
			"rotation": {"angle": 22.5, "axis": "z", "origin": [10, 2.675, 10]},
			"faces": {
				"north": {"uv": [9.3125, 13.45, 9, 13.375], "texture": "#3"},
				"east": {"uv": [9.25, 13.45, 9, 13.375], "texture": "#3"},
				"south": {"uv": [9.3125, 13.45, 9, 13.375], "texture": "#3"},
				"west": {"uv": [9.25, 13.45, 9, 13.375], "texture": "#3"},
				"up": {"uv": [9.3125, 10.75, 9, 10.5], "texture": "#3"},
				"down": {"uv": [0, 0, 0.3125, 0.25], "texture": "#3"}
			}
		},
		{
			"from": [8.0875, 2.8, 4.525],
			"to": [9.3375, 3.1, 5.525],
			"rotation": {"angle": 22.5, "axis": "z", "origin": [8.25, 1.925, 6.25]},
			"faces": {
				"north": {"uv": [9.3125, 13.45, 9, 13.375], "texture": "#3"},
				"east": {"uv": [9.25, 13.45, 9, 13.375], "texture": "#3"},
				"south": {"uv": [9.3125, 13.45, 9, 13.375], "texture": "#3"},
				"west": {"uv": [9.25, 13.45, 9, 13.375], "texture": "#3"},
				"up": {"uv": [9.3125, 10.75, 9, 10.5], "texture": "#3"},
				"down": {"uv": [0, 0, 0.3125, 0.25], "texture": "#3"}
			}
		},
		{
			"from": [8.0875, 2.8, 6.4],
			"to": [9.3375, 3.1, 7.4],
			"rotation": {"angle": 22.5, "axis": "z", "origin": [8.25, 1.925, 8.125]},
			"faces": {
				"north": {"uv": [9.3125, 13.45, 9, 13.375], "texture": "#3"},
				"east": {"uv": [9.25, 13.45, 9, 13.375], "texture": "#3"},
				"south": {"uv": [9.3125, 13.45, 9, 13.375], "texture": "#3"},
				"west": {"uv": [9.25, 13.45, 9, 13.375], "texture": "#3"},
				"up": {"uv": [9.3125, 10.75, 9, 10.5], "texture": "#3"},
				"down": {"uv": [0, 0, 0.3125, 0.25], "texture": "#3"}
			}
		},
		{
			"from": [8.0875, 2.8, 8.275],
			"to": [9.3375, 3.1, 9.275],
			"rotation": {"angle": 22.5, "axis": "z", "origin": [8.25, 1.925, 10]},
			"faces": {
				"north": {"uv": [9.3125, 13.45, 9, 13.375], "texture": "#3"},
				"east": {"uv": [9.25, 13.45, 9, 13.375], "texture": "#3"},
				"south": {"uv": [9.3125, 13.45, 9, 13.375], "texture": "#3"},
				"west": {"uv": [9.25, 13.45, 9, 13.375], "texture": "#3"},
				"up": {"uv": [9.3125, 10.75, 9, 10.5], "texture": "#3"},
				"down": {"uv": [0, 0, 0.3125, 0.25], "texture": "#3"}
			}
		},
		{
			"from": [6.3375, 2.05, 4.525],
			"to": [7.5875, 2.35, 5.525],
			"rotation": {"angle": 22.5, "axis": "z", "origin": [6.5, 1.175, 6.25]},
			"faces": {
				"north": {"uv": [9.3125, 13.45, 9, 13.375], "texture": "#3"},
				"east": {"uv": [9.25, 13.45, 9, 13.375], "texture": "#3"},
				"south": {"uv": [9.3125, 13.45, 9, 13.375], "texture": "#3"},
				"west": {"uv": [9.25, 13.45, 9, 13.375], "texture": "#3"},
				"up": {"uv": [9.3125, 10.75, 9, 10.5], "texture": "#3"},
				"down": {"uv": [0, 0, 0.3125, 0.25], "texture": "#3"}
			}
		},
		{
			"from": [6.3375, 2.05, 6.4],
			"to": [7.5875, 2.35, 7.4],
			"rotation": {"angle": 22.5, "axis": "z", "origin": [6.5, 1.175, 8.125]},
			"faces": {
				"north": {"uv": [9.3125, 13.45, 9, 13.375], "texture": "#3"},
				"east": {"uv": [9.25, 13.45, 9, 13.375], "texture": "#3"},
				"south": {"uv": [9.3125, 13.45, 9, 13.375], "texture": "#3"},
				"west": {"uv": [9.25, 13.45, 9, 13.375], "texture": "#3"},
				"up": {"uv": [9.3125, 10.75, 9, 10.5], "texture": "#3"},
				"down": {"uv": [0, 0, 0.3125, 0.25], "texture": "#3"}
			}
		},
		{
			"from": [6.3375, 2.05, 8.275],
			"to": [7.5875, 2.35, 9.275],
			"rotation": {"angle": 22.5, "axis": "z", "origin": [6.5, 1.175, 10]},
			"faces": {
				"north": {"uv": [9.3125, 13.45, 9, 13.375], "texture": "#3"},
				"east": {"uv": [9.25, 13.45, 9, 13.375], "texture": "#3"},
				"south": {"uv": [9.3125, 13.45, 9, 13.375], "texture": "#3"},
				"west": {"uv": [9.25, 13.45, 9, 13.375], "texture": "#3"},
				"up": {"uv": [9.3125, 10.75, 9, 10.5], "texture": "#3"},
				"down": {"uv": [0, 0, 0.3125, 0.25], "texture": "#3"}
			}
		}
	],
	"display": {
		"thirdperson_righthand": {
			"rotation": [75, 45, 0],
			"translation": [0, 2.5, 0],
			"scale": [0.375, 0.375, 0.375]
		},
		"thirdperson_lefthand": {
			"rotation": [75, 45, 0],
			"translation": [0, 2.5, 0],
			"scale": [0.375, 0.375, 0.375]
		},
		"firstperson_righthand": {
			"rotation": [0, 45, 0],
			"scale": [0.4, 0.4, 0.4]
		},
		"firstperson_lefthand": {
			"rotation": [0, 225, 0],
			"scale": [0.4, 0.4, 0.4]
		},
		"ground": {
			"translation": [0, 3, 0],
			"scale": [0.25, 0.25, 0.25]
		},
		"gui": {
			"rotation": [30, 129.5, 0],
			"translation": [2.75, 1.75, 0],
			"scale": [0.625, 0.625, 0.625]
		},
		"fixed": {
			"rotation": [-90, 0, 0],
			"translation": [0, 0, -14.25],
			"scale": [2, 2, 2]
		}
	},
	"groups": [0, 1, 2, 3, 4, 5, 6, 7, 8, 9, 10,
		{
			"name": "group",
			"origin": [8.5, 7, 21.5],
			"children": [11, 12, 13, 14]
		},
		{
			"name": "group",
			"origin": [8, 8, 8],
			"children": [
				{
					"name": "group",
					"origin": [9, 2.875, 9.25],
					"children": [15]
				},
				{
					"name": "group",
					"origin": [9, 2.875, 9.25],
					"children": [16]
				},
				{
					"name": "group",
					"origin": [9, 2.875, 9.25],
					"children": [17]
				}
			]
		},
		{
			"name": "group",
			"origin": [8, 8, 8],
			"children": [
				{
					"name": "group",
					"origin": [9, 2.875, 9.25],
					"children": [18]
				},
				{
					"name": "group",
					"origin": [9, 2.875, 9.25],
					"children": [19]
				},
				{
					"name": "group",
					"origin": [9, 2.875, 9.25],
					"children": [20]
				}
			]
		},
		{
			"name": "group",
			"origin": [8, 8, 8],
			"children": [
				{
					"name": "group",
					"origin": [9, 2.875, 9.25],
					"children": [21]
				},
				{
					"name": "group",
					"origin": [9, 2.875, 9.25],
					"children": [22]
				},
				{
					"name": "group",
					"origin": [9, 2.875, 9.25],
					"children": [23]
				}
			]
		}
	]
}