{
	"textures": {
		"0": "block/bone_block_side",
		"1": "yuushya:block/machine",
		"2": "yuushya:block/dark_concrete"
	},
	"elements": [
		{
			"from": [9, -0.4, 6],
			"to": [14, 3.6, 14],
			"rotation": {"angle": 0, "axis": "y", "origin": [17, 7.6, 6]},
			"faces": {
				"north": {"uv": [10, 0, 15, 4], "texture": "#1"},
				"east": {"uv": [8, 0, 16, 4], "texture": "#1"},
				"south": {"uv": [3, 0, 8, 4], "texture": "#1"},
				"west": {"uv": [8, 0, 16, 4], "texture": "#1"},
				"up": {"uv": [0, 0, 8, 5], "rotation": 270, "texture": "#1"},
				"down": {"uv": [0, 0, 8, 5], "rotation": 90, "texture": "#1"}
			}
		},
		{
			"from": [11.5, 3.6, 7.25],
			"to": [11.5, 4.35, 12.75],
			"rotation": {"angle": 0, "axis": "y", "origin": [17, 11.6, 6]},
			"faces": {
				"north": {"uv": [0, 0, 0, 4], "texture": "#0"},
				"east": {"uv": [0, 0, 5.5, 4], "texture": "#0"},
				"south": {"uv": [0, 0, 0, 4], "texture": "#0"},
				"west": {"uv": [0, 0, 5.5, 4], "texture": "#0"},
				"up": {"uv": [0, 0, 5.5, 0], "rotation": 270, "texture": "#0"},
				"down": {"uv": [0, 0, 5.5, 0], "rotation": 90, "texture": "#0"}
			}
		},
		{
			"from": [14.125, 1.6, 7.25],
			"to": [14.125, 2.35, 12.75],
			"rotation": {"angle": -22.5, "axis": "z", "origin": [19.625, 9.6, 6]},
			"faces": {
				"north": {"uv": [0, 0, 0, 4], "texture": "#0"},
				"east": {"uv": [0, 0, 5.5, 4], "texture": "#0"},
				"south": {"uv": [0, 0, 0, 4], "texture": "#0"},
				"west": {"uv": [0, 0, 5.5, 4], "texture": "#0"},
				"up": {"uv": [0, 0, 5.5, 0], "rotation": 270, "texture": "#0"},
				"down": {"uv": [0, 0, 5.5, 0], "rotation": 90, "texture": "#0"}
			}
		},
		{
			"from": [13.25, 8.475, 7.25],
			"to": [15, 8.475, 12.75],
			"rotation": {"angle": 22.5, "axis": "z", "origin": [21.25, 2.975, 6]},
			"faces": {
				"north": {"uv": [0, 0, 0, 4], "rotation": 270, "texture": "#0"},
				"east": {"uv": [0, 0, 5.5, 0], "texture": "#0"},
				"south": {"uv": [0, 0, 0, 4], "rotation": 90, "texture": "#0"},
				"west": {"uv": [0, 0, 5.5, 0], "rotation": 180, "texture": "#0"},
				"up": {"uv": [0, 0, 5.5, 4], "rotation": 90, "texture": "#0"},
				"down": {"uv": [0, 0, 5.5, 4], "rotation": 90, "texture": "#0"}
			}
		},
		{
			"from": [10.5, 3.501, 7],
			"to": [12.5, 3.601, 13],
			"rotation": {"angle": 0, "axis": "y", "origin": [19.5, 11.5, 20]},
			"faces": {
				"north": {"uv": [0, 0, 2, 0.1], "texture": "#2"},
				"east": {"uv": [0, 0, 6, 0.1], "texture": "#2"},
				"south": {"uv": [0, 0, 2, 0.1], "texture": "#2"},
				"west": {"uv": [0, 0, 6, 0.1], "texture": "#2"},
				"up": {"uv": [0, 0, 2, 6], "texture": "#2"},
				"down": {"uv": [0, 0, 2, 6], "texture": "#2"}
			}
		}
	],
	"gui_light": "front",
	"display": {
		"thirdperson_righthand": {
			"rotation": [75, 45, 0],
			"translation": [0, 2.5, 0],
			"scale": [0.375, 0.375, 0.375]
		},
		"thirdperson_lefthand": {
			"rotation": [75, 45, 0],
			"translation": [0, 2.5, 0],
			"scale": [0.375, 0.375, 0.375]
		},
		"firstperson_righthand": {
			"rotation": [0, 45, 0],
			"scale": [0.4, 0.4, 0.4]
		},
		"firstperson_lefthand": {
			"rotation": [0, 225, 0],
			"scale": [0.4, 0.4, 0.4]
		},
		"ground": {
			"translation": [0, 3, 0],
			"scale": [0.25, 0.25, 0.25]
		},
		"gui": {
			"rotation": [30, 225, 0],
			"translation": [4.25, 4, 0]
		},
		"fixed": {
			"rotation": [-90, 0, 0],
			"translation": [0, 0, -14.75],
			"scale": [2, 2, 2]
		}
	}
}