{
	"credit": "Yuushya",
	"ambientocclusion": false,
	"textures": {
		"2": "yuushya:0extra_building_material/preview/toilet",
		"3": "minecraft:block/water_still",
		"particle": "yuushya:0extra_building_material/preview/toilet"
	},
	"elements": [
		{
			"from": [0, 8, 1],
			"to": [16, 11, 8],
			"rotation": {"angle": 0, "axis": "y", "origin": [18, 17, 12]},
			"faces": {
				"north": {"uv": [0, 0, 16, 3], "texture": "#2"},
				"east": {"uv": [0, 0, 7, 3], "texture": "#2"},
				"south": {"uv": [0, 10, 16, 13], "texture": "#2"},
				"west": {"uv": [0, 0, 7, 3], "texture": "#2"},
				"up": {"uv": [0, 7, 16, 0], "texture": "#2"},
				"down": {"uv": [0, 0, 16, 7], "texture": "#2"}
			}
		},
		{
			"from": [1, 8, 10],
			"to": [4, 11, 15],
			"rotation": {"angle": 0, "axis": "y", "origin": [9, 17, 18]},
			"faces": {
				"north": {"uv": [0, 0, 3, 3], "texture": "#2"},
				"east": {"uv": [0, 0, 5, 3], "texture": "#2"},
				"south": {"uv": [0, 0, 3, 3], "texture": "#2"},
				"west": {"uv": [0, 0, 5, 3], "texture": "#2"},
				"up": {"uv": [6, 5, 9, 10], "texture": "#2"},
				"down": {"uv": [0, 0, 3, 5], "texture": "#2"}
			}
		},
		{
			"from": [12, 8, 10],
			"to": [15, 11, 15],
			"rotation": {"angle": 0, "axis": "y", "origin": [18, 17, 18]},
			"faces": {
				"north": {"uv": [0, 0, 3, 3], "texture": "#2"},
				"east": {"uv": [0, 0, 5, 3], "texture": "#2"},
				"south": {"uv": [0, 0, 3, 3], "texture": "#2"},
				"west": {"uv": [5, 10, 10, 13], "texture": "#2"},
				"up": {"uv": [4, 5, 7, 10], "texture": "#2"},
				"down": {"uv": [0, 0, 3, 5], "texture": "#2"}
			}
		},
		{
			"from": [2, 8, 15],
			"to": [5, 11, 17],
			"rotation": {"angle": 0, "axis": "y", "origin": [10, 17, 23]},
			"faces": {
				"north": {"uv": [0, 0, 3, 3], "texture": "#2"},
				"east": {"uv": [0, 0, 2, 3], "texture": "#2"},
				"south": {"uv": [0, 0, 3, 3], "texture": "#2"},
				"west": {"uv": [0, 0, 2, 3], "texture": "#2"},
				"up": {"uv": [5, 0, 8, 2], "texture": "#2"},
				"down": {"uv": [0, 0, 3, 2], "texture": "#2"}
			}
		},
		{
			"from": [0, 8, 8],
			"to": [4, 11, 10],
			"rotation": {"angle": 0, "axis": "y", "origin": [8, 17, 16]},
			"faces": {
				"north": {"uv": [0, 0, 4, 3], "texture": "#2"},
				"east": {"uv": [0, 0, 2, 3], "texture": "#2"},
				"south": {"uv": [0, 0, 4, 3], "texture": "#2"},
				"west": {"uv": [0, 0, 2, 3], "texture": "#2"},
				"up": {"uv": [0, 1, 4, 3], "texture": "#2"},
				"down": {"uv": [0, 0, 4, 2], "texture": "#2"}
			}
		},
		{
			"from": [12, 8, 8],
			"to": [16, 11, 10],
			"rotation": {"angle": 0, "axis": "y", "origin": [21, 17, 16]},
			"faces": {
				"north": {"uv": [0, 0, 4, 3], "texture": "#2"},
				"east": {"uv": [0, 0, 2, 3], "texture": "#2"},
				"south": {"uv": [0, 0, 4, 3], "texture": "#2"},
				"west": {"uv": [0, 0, 2, 3], "texture": "#2"},
				"up": {"uv": [0, 1, 4, 3], "texture": "#2"},
				"down": {"uv": [0, 0, 4, 2], "texture": "#2"}
			}
		},
		{
			"from": [11, 8, 15],
			"to": [14, 11, 17],
			"rotation": {"angle": 0, "axis": "y", "origin": [19, 17, 23]},
			"faces": {
				"north": {"uv": [0, 0, 3, 3], "texture": "#2"},
				"east": {"uv": [0, 0, 2, 3], "texture": "#2"},
				"south": {"uv": [0, 0, 3, 3], "texture": "#2"},
				"west": {"uv": [0, 0, 2, 3], "texture": "#2"},
				"up": {"uv": [7, 0, 10, 2], "texture": "#2"},
				"down": {"uv": [0, 0, 3, 2], "texture": "#2"}
			}
		},
		{
			"from": [3, 8, 17],
			"to": [13, 11, 19],
			"rotation": {"angle": 0, "axis": "y", "origin": [11, 17, 25]},
			"faces": {
				"north": {"uv": [0, 0, 10, 3], "texture": "#2"},
				"east": {"uv": [0, 0, 2, 3], "texture": "#2"},
				"south": {"uv": [0, 0, 10, 3], "texture": "#2"},
				"west": {"uv": [0, 0, 2, 3], "texture": "#2"},
				"up": {"uv": [2, 8, 12, 10], "texture": "#2"},
				"down": {"uv": [0, 0, 10, 2], "texture": "#2"}
			}
		},
		{
			"from": [4, 8, 19],
			"to": [12, 11, 20],
			"rotation": {"angle": 0, "axis": "y", "origin": [12, 17, 27]},
			"faces": {
				"north": {"uv": [0, 0, 8, 3], "texture": "#2"},
				"east": {"uv": [0, 0, 1, 3], "texture": "#2"},
				"south": {"uv": [0, 0, 8, 3], "texture": "#2"},
				"west": {"uv": [0, 0, 1, 3], "texture": "#2"},
				"up": {"uv": [4, 5, 12, 6], "texture": "#2"},
				"down": {"uv": [0, 0, 8, 1], "texture": "#2"}
			}
		},
		{
			"from": [12, 0, 7],
			"to": [14, 8, 14],
			"rotation": {"angle": 0, "axis": "y", "origin": [10, 15, 16]},
			"faces": {
				"north": {"uv": [0, 0, 2, 8], "texture": "#2"},
				"east": {"uv": [0, 0, 7, 8], "texture": "#2"},
				"south": {"uv": [0, 0, 2, 8], "texture": "#2"},
				"west": {"uv": [0, 0, 7, 8], "texture": "#2"},
				"up": {"uv": [0, 0, 2, 7], "texture": "#2"},
				"down": {"uv": [0, 1, 1, 2], "texture": "#2"}
			}
		},
		{
			"from": [2, 0, 7],
			"to": [4, 8, 14],
			"rotation": {"angle": 0, "axis": "y", "origin": [0, 15, 16]},
			"faces": {
				"north": {"uv": [0, 0, 2, 8], "texture": "#2"},
				"east": {"uv": [0, 0, 7, 8], "texture": "#2"},
				"south": {"uv": [0, 0, 2, 8], "texture": "#2"},
				"west": {"uv": [0, 0, 7, 8], "texture": "#2"},
				"up": {"uv": [0, 0, 2, 7], "texture": "#2"},
				"down": {"uv": [0, 1, 1, 2], "texture": "#2"}
			}
		},
		{
			"from": [0, 11, 0],
			"to": [16, 22, 6],
			"rotation": {"angle": 0, "axis": "y", "origin": [8, 19, 9]},
			"faces": {
				"north": {"uv": [0, 5, 16, 16], "texture": "#2"},
				"east": {"uv": [0, 0, 6, 11], "texture": "#2"},
				"south": {"uv": [0, 0, 16, 11], "texture": "#2"},
				"west": {"uv": [10, 0, 16, 11], "texture": "#2"},
				"up": {"uv": [0, 0, 16, 6], "texture": "#2"},
				"down": {"uv": [0, 0, 16, 6], "texture": "#2"}
			}
		},
		{
			"from": [0, 22.5, 0],
			"to": [16, 23.5, 6],
			"rotation": {"angle": 0, "axis": "y", "origin": [8, 30, 9]},
			"faces": {
				"north": {"uv": [16, 3, 0, 4], "texture": "#2"},
				"east": {"uv": [6, 0, 0, 1], "texture": "#2"},
				"south": {"uv": [0, 0, 16, 1], "texture": "#2"},
				"west": {"uv": [6, 0, 0, 1], "texture": "#2"},
				"up": {"uv": [0, 0, 16, 6], "texture": "#2"},
				"down": {"uv": [0, 0, 16, 6], "texture": "#2"}
			}
		},
		{
			"from": [0, 22, 0],
			"to": [16, 22.5, 5],
			"rotation": {"angle": 0, "axis": "y", "origin": [8, 30, 9]},
			"faces": {
				"north": {"uv": [0, 0, 16, 0.5], "texture": "#2"},
				"east": {"uv": [5, 0, 0, 0.5], "texture": "#2"},
				"south": {"uv": [0, 0, 16, 0.5], "texture": "#2"},
				"west": {"uv": [6, 0, 1, 0.5], "texture": "#2"},
				"up": {"uv": [0, 0, 16, 5], "texture": "#2"},
				"down": {"uv": [0, 0, 16, 5], "texture": "#2"}
			}
		},
		{
			"from": [4, 0, 7],
			"to": [12, 2, 9],
			"rotation": {"angle": 0, "axis": "y", "origin": [14, 8, 15]},
			"faces": {
				"north": {"uv": [0, 0, 8, 2], "texture": "#2"},
				"east": {"uv": [0, 0, 2, 2], "texture": "#2"},
				"south": {"uv": [3, 7, 11, 9], "texture": "#2"},
				"west": {"uv": [0, 0, 2, 2], "texture": "#2"},
				"up": {"uv": [3, 4, 11, 6], "texture": "#2"},
				"down": {"uv": [0, 1, 1, 2], "texture": "#2"}
			}
		},
		{
			"from": [4, 0, 9],
			"to": [6, 1, 13],
			"rotation": {"angle": 0, "axis": "y", "origin": [12, 8, 17]},
			"faces": {
				"north": {"uv": [0, 0, 2, 1], "texture": "#2"},
				"east": {"uv": [0, 0, 4, 1], "texture": "#2"},
				"south": {"uv": [0, 0, 2, 1], "texture": "#2"},
				"west": {"uv": [0, 0, 4, 1], "texture": "#2"},
				"up": {"uv": [4, 9, 6, 13], "texture": "#2"},
				"down": {"uv": [0, 1, 1, 2], "texture": "#2"}
			}
		},
		{
			"from": [10, 0, 9],
			"to": [12, 1, 13],
			"rotation": {"angle": 0, "axis": "y", "origin": [18, 8, 17]},
			"faces": {
				"north": {"uv": [0, 0, 2, 1], "texture": "#2"},
				"east": {"uv": [0, 0, 4, 1], "texture": "#2"},
				"south": {"uv": [0, 0, 2, 1], "texture": "#2"},
				"west": {"uv": [0, 0, 4, 1], "texture": "#2"},
				"up": {"uv": [4, 9, 6, 13], "texture": "#2"},
				"down": {"uv": [0, 1, 1, 2], "texture": "#2"}
			}
		},
		{
			"from": [5, 0, 13],
			"to": [11, 1, 14],
			"rotation": {"angle": 0, "axis": "y", "origin": [13, 8, 21]},
			"faces": {
				"north": {"uv": [0, 0, 6, 1], "texture": "#2"},
				"east": {"uv": [0, 0, 1, 1], "texture": "#2"},
				"south": {"uv": [0, 0, 6, 1], "texture": "#2"},
				"west": {"uv": [0, 0, 1, 1], "texture": "#2"},
				"up": {"uv": [3, 1, 9, 2], "texture": "#2"},
				"down": {"uv": [0, 1, 1, 2], "texture": "#2"}
			}
		},
		{
			"from": [5, 0, 14],
			"to": [11, 2, 16],
			"rotation": {"angle": 0, "axis": "y", "origin": [13, 8, 23]},
			"faces": {
				"north": {"uv": [0, 0, 6, 2], "texture": "#2"},
				"east": {"uv": [0, 0, 2, 2], "texture": "#2"},
				"south": {"uv": [0, 0, 6, 2], "texture": "#2"},
				"west": {"uv": [0, 0, 2, 2], "texture": "#2"},
				"up": {"uv": [3, 7, 9, 9], "texture": "#2"},
				"down": {"uv": [0, 1, 1, 2], "texture": "#2"}
			}
		},
		{
			"from": [4, 0, 16],
			"to": [12, 8, 19],
			"rotation": {"angle": 0, "axis": "y", "origin": [10, 15, 22]},
			"faces": {
				"north": {"uv": [0, 0, 8, 8], "texture": "#2"},
				"east": {"uv": [0, 0, 3, 8], "texture": "#2"},
				"south": {"uv": [2, 0, 10, 8], "texture": "#2"},
				"west": {"uv": [0, 0, 3, 8], "texture": "#2"},
				"up": {"uv": [6, 10, 14, 13], "texture": "#2"},
				"down": {"uv": [0, 1, 1, 2], "texture": "#2"}
			}
		},
		{
			"from": [3, 2, 2],
			"to": [13, 8, 7],
			"rotation": {"angle": 0, "axis": "y", "origin": [10, 15, 11]},
			"faces": {
				"north": {"uv": [0, 0, 10, 6], "texture": "#2"},
				"east": {"uv": [0, 0, 5, 6], "texture": "#2"},
				"south": {"uv": [0, 0, 10, 6], "texture": "#2"},
				"west": {"uv": [0, 0, 5, 6], "texture": "#2"},
				"up": {"uv": [0, 0, 10, 5], "texture": "#2"},
				"down": {"uv": [0, 1, 1, 2], "texture": "#2"}
			}
		},
		{
			"from": [11, 0, 13],
			"to": [12, 8, 16],
			"rotation": {"angle": 0, "axis": "y", "origin": [9, 12, 20]},
			"faces": {
				"north": {"uv": [0, 0, 1, 8], "texture": "#2"},
				"east": {"uv": [0, 0, 3, 8], "texture": "#2"},
				"south": {"uv": [0, 0, 1, 8], "texture": "#2"},
				"west": {"uv": [0, 0, 3, 8], "texture": "#2"},
				"up": {"uv": [0, 13, 1, 16], "texture": "#2"},
				"down": {"uv": [0, 1, 1, 2], "texture": "#2"}
			}
		},
		{
			"from": [4, 0, 13],
			"to": [5, 8, 16],
			"rotation": {"angle": 0, "axis": "y", "origin": [2, 12, 20]},
			"faces": {
				"north": {"uv": [0, 0, 1, 8], "texture": "#2"},
				"east": {"uv": [0, 0, 3, 8], "texture": "#2"},
				"south": {"uv": [0, 0, 1, 8], "texture": "#2"},
				"west": {"uv": [0, 0, 3, 8], "texture": "#2"},
				"up": {"uv": [0, 13, 1, 16], "texture": "#2"},
				"down": {"uv": [0, 1, 1, 2], "texture": "#2"}
			}
		},
		{
			"name": "WATER",
			"from": [6, 0.1, 9],
			"to": [10, 0.1, 13],
			"rotation": {"angle": 0, "axis": "y", "origin": [14, 8.1, 17]},
			"faces": {
				"north": {"uv": [0, 0, 4, 0], "texture": "#3"},
				"east": {"uv": [0, 0, 4, 0], "texture": "#3"},
				"south": {"uv": [0, 0, 4, 0], "texture": "#3"},
				"west": {"uv": [0, 0, 4, 0], "texture": "#3"},
				"up": {"uv": [0, 0, 4, 4], "texture": "#3"},
				"down": {"uv": [0, 0, 4, 4], "texture": "#3"}
			}
		},
		{
			"from": [7, 23, 2],
			"to": [9, 24, 4],
			"rotation": {"angle": 0, "axis": "y", "origin": [15, 31, 10]},
			"faces": {
				"north": {"uv": [0, 0, 2, 1], "texture": "#2"},
				"east": {"uv": [0, 0, 2, 1], "texture": "#2"},
				"south": {"uv": [0, 0, 2, 1], "texture": "#2"},
				"west": {"uv": [0, 0, 2, 1], "texture": "#2"},
				"up": {"uv": [0, 0, 2, 2], "texture": "#2"},
				"down": {"uv": [0, 0, 2, 2], "texture": "#2"}
			}
		}
	],
	"gui_light": "front",
	"display": {
		"thirdperson_righthand": {
			"rotation": [75, 45, 0],
			"translation": [0, 2.5, 0],
			"scale": [0.375, 0.375, 0.375]
		},
		"thirdperson_lefthand": {
			"rotation": [75, 45, 0],
			"translation": [0, 2.5, 0],
			"scale": [0.375, 0.375, 0.375]
		},
		"firstperson_righthand": {
			"rotation": [0, 45, 0],
			"scale": [0.4, 0.4, 0.4]
		},
		"firstperson_lefthand": {
			"rotation": [0, 225, 0],
			"scale": [0.4, 0.4, 0.4]
		},
		"ground": {
			"translation": [0, 3, 0],
			"scale": [0.25, 0.25, 0.25]
		},
		"gui": {
			"rotation": [30, 45, 0],
			"translation": [0, 0.25, 0],
			"scale": [0.625, 0.625, 0.625]
		},
		"fixed": {
			"rotation": [-90, 0, 0],
			"translation": [0, 0, -16],
			"scale": [2, 2, 2]
		}
	}
}