{
	"credit": "Yuushya",
	"ambientocclusion": false,
	"texture_size": [64, 64],
	"textures": {
		"0": "yuushya:0extra_building_material/preview/vending2",
		"2": "yuushya:0extra_building_material/preview/addri",
		"particle": "yuushya:0extra_building_material/preview/vending2"
	},
	"elements": [
		{
			"from": [-8, -16, 0],
			"to": [24, -9, 20],
			"rotation": {"angle": 0, "axis": "y", "origin": [-8, -8, 8]},
			"faces": {
				"north": {"uv": [8, 10.25, 16, 12], "texture": "#0"},
				"east": {"uv": [8, 10.25, 13, 12], "texture": "#0"},
				"south": {"uv": [0, 10.25, 8, 12], "texture": "#0"},
				"west": {"uv": [8, 10.25, 13, 12], "texture": "#0"},
				"up": {"uv": [0, 10.25, 8, 12], "texture": "#0"},
				"down": {"uv": [8, 11.75, 13, 12], "texture": "#0"}
			}
		},
		{
			"from": [11, -9, 0.2],
			"to": [13, -4, 20],
			"rotation": {"angle": 0, "axis": "y", "origin": [7, -1, 8]},
			"faces": {
				"north": {"uv": [14.5, 9, 16, 10.25], "texture": "#0"},
				"east": {"uv": [1.75, 9, 2, 9.25], "texture": "#0"},
				"south": {"uv": [0.75, 9, 1, 10.25], "texture": "#0"},
				"west": {"uv": [0, 9.25, 1, 10.75], "texture": "#0"},
				"up": {"uv": [0, 0, 0, 0], "texture": "#0"},
				"down": {"uv": [0, 0, 0, 0], "texture": "#0"}
			}
		},
		{
			"from": [21, -9, 0.2],
			"to": [23, -4, 20],
			"rotation": {"angle": 0, "axis": "y", "origin": [18, -1, 8]},
			"faces": {
				"north": {"uv": [8, 9, 9.5, 10.25], "texture": "#0"},
				"east": {"uv": [8, 9, 13, 10.25], "texture": "#0"},
				"south": {"uv": [7.25, 9, 7.75, 10.25], "texture": "#0"},
				"west": {"uv": [1.75, 9, 2, 9.25], "texture": "#0"},
				"up": {"uv": [0, 0, 0, 0], "texture": "#0"},
				"down": {"uv": [0, 0, 0, 0], "texture": "#0"}
			}
		},
		{
			"from": [13, -9.33376, 18.45878],
			"to": [21, -3.33376, 18.45878],
			"rotation": {"angle": 22.5, "axis": "x", "origin": [11, -6.33376, 18.45878]},
			"faces": {
				"north": {"uv": [9.5, 9, 14.5, 10.25], "texture": "#0"},
				"east": {"uv": [0, 0, 0, 0], "texture": "#0"},
				"south": {"uv": [1.75, 9, 3.25, 10.25], "texture": "#0"},
				"west": {"uv": [0, 0, 0, 0], "texture": "#0"},
				"up": {"uv": [0, 0, 0, 0], "texture": "#0"},
				"down": {"uv": [0, 0, 0, 0], "texture": "#0"}
			}
		},
		{
			"from": [11, -2, 19],
			"to": [12, 11, 20],
			"rotation": {"angle": 0, "axis": "y", "origin": [11, 0, 8]},
			"faces": {
				"east": {"uv": [0.5, 6, 0.75, 6.25], "texture": "#0"},
				"south": {"uv": [0.75, 8.5, 1, 11.5], "texture": "#0"},
				"west": {"uv": [0.75, 5.75, 1, 8.75], "texture": "#0"},
				"up": {"uv": [1.5, 9, 3, 9.25], "texture": "#0"},
				"down": {"uv": [8, 11.75, 13, 12], "texture": "#0"}
			}
		},
		{
			"from": [11, 16, 19],
			"to": [12, 29, 20],
			"rotation": {"angle": 0, "axis": "y", "origin": [11, 18, 8]},
			"faces": {
				"east": {"uv": [0.5, 6, 0.75, 6.25], "texture": "#0"},
				"south": {"uv": [9.5, 1, 9.75, 4], "texture": "#0"},
				"west": {"uv": [0.75, 5.75, 1, 8.75], "texture": "#0"},
				"up": {"uv": [1.5, 9, 3, 9.25], "texture": "#0"},
				"down": {"uv": [8, 11.75, 13, 12], "texture": "#0"}
			}
		},
		{
			"from": [12, 0, 19],
			"to": [17, 7, 20],
			"rotation": {"angle": 0, "axis": "y", "origin": [12, 0, 8]},
			"faces": {
				"east": {"uv": [5.5, 6.5, 5.75, 8.25], "texture": "#0"},
				"south": {"uv": [4.5, 6.5, 5.75, 8.25], "texture": "#0"},
				"west": {"uv": [4.5, 6.5, 4.75, 8.25], "texture": "#0"},
				"up": {"uv": [4.5, 6.5, 5.75, 6.75], "texture": "#0"},
				"down": {"uv": [4.5, 8, 5.5, 8.25], "texture": "#0"}
			}
		},
		{
			"from": [17.5, -1, 19],
			"to": [23.5, 7, 19.5],
			"rotation": {"angle": 0, "axis": "y", "origin": [17.5, 0, 8]},
			"faces": {
				"east": {"uv": [7, 6.75, 7.25, 8.5], "texture": "#0"},
				"south": {"uv": [6, 6.5, 7.5, 8.5], "texture": "#0"},
				"west": {"uv": [6, 6.5, 6.25, 8.25], "texture": "#0"},
				"up": {"uv": [6, 6.5, 7.5, 6.75], "texture": "#0"},
				"down": {"uv": [6, 8, 7.5, 8.25], "texture": "#0"}
			}
		},
		{
			"from": [11, 16, 1],
			"to": [23, 29, 19],
			"rotation": {"angle": 0, "axis": "y", "origin": [-8, 24, 8]},
			"faces": {
				"north": {"uv": [8, 5.75, 16, 9], "texture": "#0"},
				"east": {"uv": [8.25, 5.75, 13, 9], "texture": "#0"},
				"south": {"uv": [9.5, 5.5, 12.5, 8.75], "texture": "#0"},
				"west": {"uv": [0, 5.75, 1, 8.75], "texture": "#0"},
				"up": {"uv": [0, 5, 8, 5.25], "texture": "#0"},
				"down": {"uv": [1.75, 9, 2, 9.25], "texture": "#0"}
			}
		},
		{
			"from": [11, 11, 1],
			"to": [23, 16, 20],
			"rotation": {"angle": 0, "axis": "y", "origin": [-8, 19, 8]},
			"faces": {
				"north": {"uv": [8, 5.75, 16, 9], "texture": "#0"},
				"east": {"uv": [8.25, 5.75, 13, 9], "texture": "#0"},
				"south": {"uv": [8.5, 2.25, 11.75, 3.25], "texture": "#0"},
				"west": {"uv": [0, 7.5, 1, 8.5], "texture": "#0"},
				"up": {"uv": [1.25, 0, 4.25, 0.25], "texture": "#0"},
				"down": {"uv": [1.75, 9, 2, 9.25], "texture": "#0"}
			}
		},
		{
			"from": [11, -2, 1],
			"to": [23, 11, 19],
			"rotation": {"angle": 0, "axis": "y", "origin": [-8, 6, 8]},
			"faces": {
				"north": {"uv": [8, 5.75, 16, 9], "texture": "#0"},
				"east": {"uv": [8.25, 5.75, 13, 9], "texture": "#0"},
				"south": {"uv": [4.25, 5.5, 7.5, 8.75], "texture": "#0"},
				"west": {"uv": [0, 5.75, 0.75, 8.75], "texture": "#0"},
				"up": {"uv": [0, 5, 8, 5.25], "texture": "#0"},
				"down": {"uv": [1.75, 9, 2, 9.25], "texture": "#0"}
			}
		},
		{
			"from": [11, -4, 1],
			"to": [17, -2, 20],
			"rotation": {"angle": 0, "axis": "y", "origin": [-8, 5, 8]},
			"faces": {
				"north": {"uv": [8, 5.75, 16, 9], "texture": "#0"},
				"east": {"uv": [8.25, 5.75, 13, 9], "texture": "#0"},
				"south": {"uv": [0.75, 8.5, 2.25, 9], "texture": "#0"},
				"west": {"uv": [0, 8.75, 1, 9.25], "texture": "#0"},
				"up": {"uv": [2, 0, 3.5, 0.25], "texture": "#0"},
				"down": {"uv": [1.75, 9, 2, 9.25], "texture": "#0"}
			}
		},
		{
			"from": [17, -4, 1],
			"to": [23, -2, 20],
			"rotation": {"angle": 0, "axis": "y", "origin": [-2, 5, 8]},
			"faces": {
				"north": {"uv": [8, 5.75, 16, 9], "texture": "#0"},
				"east": {"uv": [8.25, 5.75, 13, 9], "texture": "#0"},
				"south": {"uv": [5.5, 8.5, 7, 9], "texture": "#0"},
				"west": {"uv": [0, 8.25, 1, 8.75], "texture": "#0"},
				"up": {"uv": [2, 0, 3.5, 0.25], "texture": "#0"},
				"down": {"uv": [1.75, 9, 2, 9.25], "texture": "#0"}
			}
		},
		{
			"from": [-8, -9, 0],
			"to": [-7, 29, 20],
			"rotation": {"angle": 0, "axis": "y", "origin": [-8, 18, 27]},
			"faces": {
				"north": {"uv": [7.75, 0.75, 8, 5.5], "texture": "#0"},
				"east": {"uv": [7.75, 0.75, 8, 5.5], "texture": "#0"},
				"south": {"uv": [7.75, 0.75, 8, 5.5], "texture": "#0"},
				"west": {"uv": [8, 0.75, 13, 10], "texture": "#0"},
				"up": {"uv": [0, 0, 0, 0], "texture": "#0"},
				"down": {"uv": [0, 0, 0, 0], "texture": "#0"}
			}
		},
		{
			"from": [23, -9, 0],
			"to": [24, 29, 20],
			"rotation": {"angle": 0, "axis": "y", "origin": [23, 18, 27]},
			"faces": {
				"north": {"uv": [7.75, 0.75, 8, 5.5], "texture": "#0"},
				"east": {"uv": [8, 0.75, 13, 10], "texture": "#0"},
				"south": {"uv": [7.75, 0.75, 8, 5.5], "texture": "#0"},
				"west": {"uv": [7.75, 0.75, 8, 5.5], "texture": "#0"},
				"up": {"uv": [0, 0, 0, 0], "texture": "#0"},
				"down": {"uv": [0, 0, 0, 0], "texture": "#0"}
			}
		},
		{
			"from": [-8, 29, 0],
			"to": [24, 32, 20],
			"rotation": {"angle": 0, "axis": "y", "origin": [-8, 26, 8]},
			"faces": {
				"north": {"uv": [8, 0, 16, 0.75], "texture": "#0"},
				"east": {"uv": [8, 0, 13, 0.75], "texture": "#0"},
				"south": {"uv": [0, 0, 8, 0.75], "texture": "#0"},
				"west": {"uv": [8, 0, 13, 0.75], "texture": "#0"},
				"up": {"uv": [8, 0.5, 16, 5.5], "texture": "#0"},
				"down": {"uv": [7.75, 0.75, 8, 5.5], "texture": "#0"}
			}
		},
		{
			"from": [-7, -9, 0],
			"to": [23, 29, 14],
			"rotation": {"angle": 0, "axis": "x", "origin": [-8, 31, 8]},
			"faces": {
				"north": {"uv": [8.25, 0.75, 15.75, 10.25], "texture": "#0"},
				"east": {"uv": [0, 0, 0, 0], "texture": "#0"},
				"south": {"uv": [0, 0.75, 8, 1.75], "texture": "#0"},
				"west": {"uv": [0, 0, 0, 0], "texture": "#0"},
				"up": {"uv": [0, 0, 0, 0], "texture": "#0"},
				"down": {"uv": [0, 0, 0, 0], "texture": "#0"}
			}
		},
		{
			"from": [-7, 10, 14],
			"to": [12, 16, 14],
			"rotation": {"angle": -22.5, "axis": "x", "origin": [-8, 18, 7]},
			"faces": {
				"north": {"uv": [8.25, 0.75, 15.75, 5.5], "texture": "#0"},
				"east": {"uv": [0, 0, 0, 0], "texture": "#0"},
				"south": {"uv": [0, 3.25, 5.25, 4.25], "texture": "#0"},
				"west": {"uv": [0, 0, 0, 0], "texture": "#0"},
				"up": {"uv": [0, 0, 0, 0], "texture": "#0"},
				"down": {"uv": [0, 0, 0, 0], "texture": "#0"}
			}
		},
		{
			"from": [-7, 5, 14],
			"to": [12, 11, 14],
			"rotation": {"angle": -22.5, "axis": "x", "origin": [-8, 13, 7]},
			"faces": {
				"north": {"uv": [8.25, 0.75, 15.75, 5.5], "texture": "#0"},
				"east": {"uv": [0, 0, 0, 0], "texture": "#0"},
				"south": {"uv": [0, 4.5, 5.25, 5.5], "texture": "#0"},
				"west": {"uv": [0, 0, 0, 0], "texture": "#0"},
				"up": {"uv": [0, 0, 0, 0], "texture": "#0"},
				"down": {"uv": [0, 0, 0, 0], "texture": "#0"}
			}
		},
		{
			"from": [-7, 15, 14],
			"to": [12, 21, 14],
			"rotation": {"angle": -22.5, "axis": "x", "origin": [-8, 23, 7]},
			"faces": {
				"north": {"uv": [8.25, 0.75, 15.75, 5.5], "texture": "#0"},
				"east": {"uv": [0, 0, 0, 0], "texture": "#0"},
				"south": {"uv": [0, 2, 5.25, 3], "texture": "#0"},
				"west": {"uv": [0, 0, 0, 0], "texture": "#0"},
				"up": {"uv": [0, 0, 0, 0], "texture": "#0"},
				"down": {"uv": [0, 0, 0, 0], "texture": "#0"}
			}
		},
		{
			"from": [-7, 20, 14],
			"to": [12, 26, 14],
			"rotation": {"angle": -22.5, "axis": "x", "origin": [-8, 28, 7]},
			"faces": {
				"north": {"uv": [8.25, 0.75, 15.75, 5.5], "texture": "#0"},
				"east": {"uv": [0, 0, 0, 0], "texture": "#0"},
				"south": {"uv": [0, 0.75, 5.25, 1.75], "texture": "#0"},
				"west": {"uv": [0, 0, 0, 0], "texture": "#0"},
				"up": {"uv": [0, 0, 0, 0], "texture": "#0"},
				"down": {"uv": [0, 0, 0, 0], "texture": "#0"}
			}
		},
		{
			"from": [-7, 23, 2],
			"to": [12, 24, 19],
			"rotation": {"angle": 0, "axis": "y", "origin": [-8, 18, 8]},
			"faces": {
				"north": {"uv": [0, 0, 0, 0], "texture": "#0"},
				"east": {"uv": [0, 0, 0, 0], "texture": "#0"},
				"south": {"uv": [0.25, 0, 5, 0.25], "texture": "#0"},
				"west": {"uv": [0, 0, 0, 0], "texture": "#0"},
				"up": {"uv": [4.75, 0, 0, 0.25], "texture": "#0"},
				"down": {"uv": [0, 0, 4.75, 0.25], "texture": "#0"}
			}
		},
		{
			"from": [-7, 18, 2],
			"to": [12, 19, 19],
			"rotation": {"angle": 0, "axis": "y", "origin": [-8, 13, 8]},
			"faces": {
				"north": {"uv": [0, 0, 0, 0], "texture": "#0"},
				"east": {"uv": [0, 0, 0, 0], "texture": "#0"},
				"south": {"uv": [0.25, 0, 5, 0.25], "texture": "#0"},
				"west": {"uv": [0, 0, 0, 0], "texture": "#0"},
				"up": {"uv": [4.75, 0, 0, 0.25], "texture": "#0"},
				"down": {"uv": [0, 0, 4.75, 0.25], "texture": "#0"}
			}
		},
		{
			"from": [-7, 13, 2],
			"to": [12, 14, 19],
			"rotation": {"angle": 0, "axis": "y", "origin": [-8, 8, 8]},
			"faces": {
				"north": {"uv": [0, 0, 0, 0], "texture": "#0"},
				"east": {"uv": [0, 0, 0, 0], "texture": "#0"},
				"south": {"uv": [0.25, 0, 5, 0.25], "texture": "#0"},
				"west": {"uv": [0, 0, 0, 0], "texture": "#0"},
				"up": {"uv": [4.75, 0, 0, 0.25], "texture": "#0"},
				"down": {"uv": [0, 0, 4.75, 0.25], "texture": "#0"}
			}
		},
		{
			"from": [-7, 8, 2],
			"to": [12, 9, 19],
			"rotation": {"angle": 0, "axis": "y", "origin": [-8, 3, 8]},
			"faces": {
				"north": {"uv": [0, 0, 0, 0], "texture": "#0"},
				"east": {"uv": [0, 0, 0, 0], "texture": "#0"},
				"south": {"uv": [0.25, 0, 5, 0.25], "texture": "#0"},
				"west": {"uv": [0, 0, 0, 0], "texture": "#0"},
				"up": {"uv": [4.75, 0, 0, 0.25], "texture": "#0"},
				"down": {"uv": [0, 0, 4.75, 0.25], "texture": "#0"}
			}
		},
		{
			"from": [-7, 3, 2],
			"to": [12, 4, 19],
			"rotation": {"angle": 0, "axis": "y", "origin": [-8, -2, 8]},
			"faces": {
				"north": {"uv": [0, 0, 0, 0], "texture": "#0"},
				"east": {"uv": [0, 0, 0, 0], "texture": "#0"},
				"south": {"uv": [0.25, 0, 5, 0.25], "texture": "#0"},
				"west": {"uv": [0, 0, 0, 0], "texture": "#0"},
				"up": {"uv": [4.75, 0, 0, 0.25], "texture": "#0"},
				"down": {"uv": [0, 0, 4.75, 0.25], "texture": "#0"}
			}
		},
		{
			"from": [-7, -2, 2],
			"to": [12, -1, 19],
			"rotation": {"angle": 0, "axis": "y", "origin": [-8, -7, 8]},
			"faces": {
				"north": {"uv": [0, 0, 0, 0], "texture": "#0"},
				"east": {"uv": [0, 0, 0, 0], "texture": "#0"},
				"south": {"uv": [0.25, 0, 5, 0.25], "texture": "#0"},
				"west": {"uv": [0, 0, 0, 0], "texture": "#0"},
				"up": {"uv": [4.75, 0, 0, 0.25], "texture": "#0"},
				"down": {"uv": [0, 0, 4.75, 0.25], "texture": "#0"}
			}
		},
		{
			"from": [-7, -7, 2],
			"to": [12, -6, 19],
			"rotation": {"angle": 0, "axis": "y", "origin": [-8, -12, 8]},
			"faces": {
				"north": {"uv": [0, 0, 0, 0], "texture": "#0"},
				"east": {"uv": [0, 0, 0, 0], "texture": "#0"},
				"south": {"uv": [0.25, 0, 5, 0.25], "texture": "#0"},
				"west": {"uv": [0, 0, 0, 0], "texture": "#0"},
				"up": {"uv": [4.75, 0, 0, 0.25], "texture": "#0"},
				"down": {"uv": [0, 0, 4.75, 0.25], "texture": "#0"}
			}
		},
		{
			"from": [-6, 26, 20],
			"to": [-4, 28, 20],
			"rotation": {"angle": 0, "axis": "y", "origin": [-6, 35, 27]},
			"faces": {
				"north": {"uv": [1, 1, 1.25, 1.25], "texture": "#0"},
				"east": {"uv": [0, 0, 0, 0], "texture": "#0"},
				"south": {"uv": [1, 1, 1.25, 1.25], "texture": "#0"},
				"west": {"uv": [0, 0, 0, 0], "texture": "#0"},
				"up": {"uv": [0, 0, 0, 0], "texture": "#0"},
				"down": {"uv": [0, 0, 0, 0], "texture": "#0"}
			}
		},
		{
			"from": [-6, 24, 20],
			"to": [-5, 25, 20],
			"rotation": {"angle": 0, "axis": "y", "origin": [-6, 32, 27]},
			"faces": {
				"north": {"uv": [1, 1, 1.25, 1.25], "texture": "#0"},
				"east": {"uv": [0, 0, 0, 0], "texture": "#0"},
				"south": {"uv": [1, 1, 1.25, 1.25], "texture": "#0"},
				"west": {"uv": [0, 0, 0, 0], "texture": "#0"},
				"up": {"uv": [0, 0, 0, 0], "texture": "#0"},
				"down": {"uv": [0, 0, 0, 0], "texture": "#0"}
			}
		},
		{
			"from": [-6.5, 9, 18],
			"to": [10.5, 13, 18],
			"rotation": {"angle": 0, "axis": "y", "origin": [8.5, 17, 25]},
			"faces": {
				"north": {"uv": [0, 0, 9, 2], "texture": "#2"},
				"east": {"uv": [0, 0, 0, 2], "texture": "#2"},
				"south": {"uv": [0, 0, 8.5, 2], "texture": "#2"},
				"west": {"uv": [0, 0, 0, 2], "texture": "#2"},
				"up": {"uv": [0, 0, 9, 0], "texture": "#2"},
				"down": {"uv": [0, 0, 9, 0], "texture": "#2"}
			}
		},
		{
			"from": [-6.5, 4, 18],
			"to": [10.5, 8, 18],
			"rotation": {"angle": 0, "axis": "y", "origin": [8.5, 12, 25]},
			"faces": {
				"north": {"uv": [0, 0, 9, 2], "texture": "#2"},
				"east": {"uv": [0, 0, 0, 2], "texture": "#2"},
				"south": {"uv": [6, 0, 14.5, 2], "texture": "#2"},
				"west": {"uv": [0, 0, 0, 2], "texture": "#2"},
				"up": {"uv": [0, 0, 9, 0], "texture": "#2"},
				"down": {"uv": [0, 0, 9, 0], "texture": "#2"}
			}
		},
		{
			"from": [-6.5, -1, 18],
			"to": [10.5, 3, 18],
			"rotation": {"angle": 0, "axis": "y", "origin": [8.5, 7, 25]},
			"faces": {
				"north": {"uv": [0, 0, 9, 2], "texture": "#2"},
				"east": {"uv": [0, 0, 0, 2], "texture": "#2"},
				"south": {"uv": [0, 7.5, 8.5, 9.5], "texture": "#2"},
				"west": {"uv": [0, 0, 0, 2], "texture": "#2"},
				"up": {"uv": [0, 0, 9, 0], "texture": "#2"},
				"down": {"uv": [0, 0, 9, 0], "texture": "#2"}
			}
		},
		{
			"from": [-6.5, -6, 18],
			"to": [10.5, -2, 18],
			"rotation": {"angle": 0, "axis": "y", "origin": [8.5, 2, 25]},
			"faces": {
				"north": {"uv": [0, 0, 9, 2], "texture": "#2"},
				"east": {"uv": [0, 0, 0, 2], "texture": "#2"},
				"south": {"uv": [6, 5, 14.5, 7], "texture": "#2"},
				"west": {"uv": [0, 0, 0, 2], "texture": "#2"},
				"up": {"uv": [0, 0, 9, 0], "texture": "#2"},
				"down": {"uv": [0, 0, 9, 0], "texture": "#2"}
			}
		},
		{
			"from": [-6.5, 14, 18],
			"to": [10.5, 18, 18],
			"rotation": {"angle": 0, "axis": "y", "origin": [8.5, 22, 25]},
			"faces": {
				"north": {"uv": [0, 0, 9, 2], "texture": "#2"},
				"east": {"uv": [0, 0, 0, 2], "texture": "#2"},
				"south": {"uv": [0, 2.5, 8.5, 4.5], "texture": "#2"},
				"west": {"uv": [0, 0, 0, 2], "texture": "#2"},
				"up": {"uv": [0, 0, 9, 0], "texture": "#2"},
				"down": {"uv": [0, 0, 9, 0], "texture": "#2"}
			}
		},
		{
			"from": [-6.5, 19, 18],
			"to": [10.5, 23, 18],
			"rotation": {"angle": 0, "axis": "y", "origin": [8.5, 27, 25]},
			"faces": {
				"north": {"uv": [0, 0, 9, 2], "texture": "#2"},
				"east": {"uv": [0, 0, 0, 2], "texture": "#2"},
				"south": {"uv": [0, 5, 8.5, 7], "texture": "#2"},
				"west": {"uv": [0, 0, 0, 2], "texture": "#2"},
				"up": {"uv": [0, 0, 9, 0], "texture": "#2"},
				"down": {"uv": [0, 0, 9, 0], "texture": "#2"}
			}
		},
		{
			"from": [-6.5, 24, 18],
			"to": [10.5, 28, 18],
			"rotation": {"angle": 0, "axis": "y", "origin": [8.5, 32, 25]},
			"faces": {
				"north": {"uv": [0, 0, 9, 2], "texture": "#2"},
				"east": {"uv": [0, 0, 0, 2], "texture": "#2"},
				"south": {"uv": [4.5, 7.5, 13, 9.5], "texture": "#2"},
				"west": {"uv": [0, 0, 0, 2], "texture": "#2"},
				"up": {"uv": [0, 0, 9, 0], "texture": "#2"},
				"down": {"uv": [0, 0, 9, 0], "texture": "#2"}
			}
		}
	],
	"gui_light": "front",
	"display": {
		"thirdperson_righthand": {
			"rotation": [75, 45, 0],
			"translation": [0, 2.5, 0],
			"scale": [0.2, 0.2, 0.2]
		},
		"thirdperson_lefthand": {
			"rotation": [75, 45, 0],
			"translation": [0, 2.5, 0],
			"scale": [0.2, 0.2, 0.2]
		},
		"firstperson_righthand": {
			"rotation": [0, 45, 0],
			"scale": [0.2, 0.2, 0.2]
		},
		"firstperson_lefthand": {
			"rotation": [0, 45, 0],
			"scale": [0.2, 0.2, 0.2]
		},
		"ground": {
			"translation": [0, 3, 0],
			"scale": [0.25, 0.25, 0.25]
		},
		"gui": {
			"rotation": [30, 45, 0],
			"translation": [-0.5, 0, 0],
			"scale": [0.4, 0.4, 0.4]
		},
		"head": {
			"rotation": [0, 180, 0],
			"translation": [0, 13, 0.25]
		},
		"fixed": {
			"rotation": [-90, -170, 0],
			"translation": [0, 0, -47],
			"scale": [2, 2, 2]
		}
	}
}