{
	"credit": "Yuushya",
	"textures": {
		"0": "yuushya:0extra_building_material/preview/bottle",
		"particle": "yuushya:0extra_building_material/preview/bottle"
	},
	"elements": [
		{
			"from": [10, 8.9, 3],
			"to": [12, 12.9, 5],
			"rotation": {"angle": -22.5, "axis": "y", "origin": [11, 0.9, 4]},
			"faces": {
				"north": {"uv": [5, 0, 7, 4], "texture": "#0"},
				"east": {"uv": [5, 0, 7, 4], "texture": "#0"},
				"south": {"uv": [5, 0, 7, 4], "texture": "#0"},
				"west": {"uv": [5, 0, 7, 4], "texture": "#0"},
				"up": {"uv": [5, 0, 7, 2], "texture": "#0"},
				"down": {"uv": [5, 0, 7, 2], "texture": "#0"}
			}
		},
		{
			"from": [7, 8.9, 10],
			"to": [9, 12.9, 12],
			"rotation": {"angle": 22.5, "axis": "y", "origin": [8, -0.1, 11]},
			"faces": {
				"north": {"uv": [5, 0, 7, 4], "texture": "#0"},
				"east": {"uv": [5, 0, 7, 4], "texture": "#0"},
				"south": {"uv": [5, 0, 7, 4], "texture": "#0"},
				"west": {"uv": [5, 0, 7, 4], "texture": "#0"},
				"up": {"uv": [5, 0, 7, 2], "texture": "#0"},
				"down": {"uv": [5, 0, 7, 2], "texture": "#0"}
			}
		},
		{
			"from": [9.5, 7.9, 2.5],
			"to": [12.5, 8.9, 5.5],
			"rotation": {"angle": -22.5, "axis": "y", "origin": [11, 0.9, 4]},
			"faces": {
				"north": {"uv": [5, 4, 6, 5], "texture": "#0"},
				"east": {"uv": [5, 4, 6, 5], "texture": "#0"},
				"south": {"uv": [5, 4, 6, 5], "texture": "#0"},
				"west": {"uv": [5, 4, 6, 5], "texture": "#0"},
				"up": {"uv": [5, 4, 6, 5], "texture": "#0"},
				"down": {"uv": [5, 4, 6, 5], "texture": "#0"}
			}
		},
		{
			"from": [6.5, 7.9, 9.5],
			"to": [9.5, 8.9, 12.5],
			"rotation": {"angle": 22.5, "axis": "y", "origin": [8, -0.1, 11]},
			"faces": {
				"north": {"uv": [5, 4, 6, 5], "texture": "#0"},
				"east": {"uv": [5, 4, 6, 5], "texture": "#0"},
				"south": {"uv": [5, 4, 6, 5], "texture": "#0"},
				"west": {"uv": [5, 4, 6, 5], "texture": "#0"},
				"up": {"uv": [5, 4, 6, 5], "texture": "#0"},
				"down": {"uv": [5, 4, 6, 5], "texture": "#0"}
			}
		},
		{
			"from": [9, -0.1, 2],
			"to": [13, 7.9, 6],
			"rotation": {"angle": -22.5, "axis": "y", "origin": [11, 0.9, 4]},
			"faces": {
				"north": {"uv": [5, 6, 9, 14], "texture": "#0"},
				"east": {"uv": [5, 6, 9, 14], "texture": "#0"},
				"south": {"uv": [5, 6, 9, 14], "texture": "#0"},
				"west": {"uv": [5, 6, 9, 14], "texture": "#0"},
				"up": {"uv": [5, 4, 6, 5], "texture": "#0"},
				"down": {"uv": [5, 10, 9, 14], "texture": "#0"}
			}
		},
		{
			"from": [6, -0.1, 9],
			"to": [10, 7.9, 13],
			"rotation": {"angle": 22.5, "axis": "y", "origin": [8, -0.1, 11]},
			"faces": {
				"north": {"uv": [5, 6, 9, 14], "texture": "#0"},
				"east": {"uv": [5, 6, 9, 14], "texture": "#0"},
				"south": {"uv": [5, 6, 9, 14], "texture": "#0"},
				"west": {"uv": [5, 6, 9, 14], "texture": "#0"},
				"up": {"uv": [5, 4, 6, 5], "texture": "#0"},
				"down": {"uv": [5, 10, 9, 14], "texture": "#0"}
			}
		},
		{
			"from": [12, 8.9, 8],
			"to": [14, 12.9, 10],
			"rotation": {"angle": 0, "axis": "y", "origin": [20, 18.9, 15]},
			"faces": {
				"north": {"uv": [0, 0, 2, 4], "texture": "#0"},
				"east": {"uv": [0, 0, 2, 4], "texture": "#0"},
				"south": {"uv": [0, 0, 2, 4], "texture": "#0"},
				"west": {"uv": [0, 0, 2, 4], "texture": "#0"},
				"up": {"uv": [0, 0, 2, 2], "texture": "#0"},
				"down": {"uv": [0, 0, 2, 2], "texture": "#0"}
			}
		},
		{
			"from": [11.5, 7.9, 7.5],
			"to": [14.5, 8.9, 10.5],
			"rotation": {"angle": 0, "axis": "y", "origin": [19.5, 15.9, 15.5]},
			"faces": {
				"north": {"uv": [0, 5, 1, 6], "texture": "#0"},
				"east": {"uv": [0, 5, 1, 6], "texture": "#0"},
				"south": {"uv": [0, 5, 1, 6], "texture": "#0"},
				"west": {"uv": [0, 5, 1, 6], "texture": "#0"},
				"up": {"uv": [0, 5, 1, 6], "texture": "#0"},
				"down": {"uv": [0, 5, 1, 6], "texture": "#0"}
			}
		},
		{
			"from": [11, -0.1, 7],
			"to": [15, 7.9, 11],
			"rotation": {"angle": 0, "axis": "y", "origin": [19, 7.9, 15]},
			"faces": {
				"north": {"uv": [0, 6, 4, 14], "texture": "#0"},
				"east": {"uv": [0, 6, 4, 14], "texture": "#0"},
				"south": {"uv": [0, 6, 4, 14], "texture": "#0"},
				"west": {"uv": [0, 6, 4, 14], "texture": "#0"},
				"up": {"uv": [0, 5, 1, 6], "texture": "#0"},
				"down": {"uv": [5, 10, 9, 14], "texture": "#0"}
			}
		}
	],
	"display": {
		"thirdperson_righthand": {
			"rotation": [75, 45, 0],
			"translation": [0, 2.5, 0],
			"scale": [0.375, 0.375, 0.375]
		},
		"thirdperson_lefthand": {
			"rotation": [75, 45, 0],
			"translation": [0, 2.5, 0],
			"scale": [0.375, 0.375, 0.375]
		},
		"firstperson_righthand": {
			"rotation": [0, 45, 0],
			"scale": [0.4, 0.4, 0.4]
		},
		"firstperson_lefthand": {
			"rotation": [0, 225, 0],
			"scale": [0.4, 0.4, 0.4]
		},
		"ground": {
			"translation": [0, 3, 0],
			"scale": [0.25, 0.25, 0.25]
		},
		"gui": {
			"rotation": [30, 225, 0],
			"translation": [1.75, 1.75, 0],
			"scale": [0.8, 0.8, 0.8]
		},
		"fixed": {
			"rotation": [-90, 15, 2],
			"translation": [0, 0, -14],
			"scale": [2, 2, 2]
		}
	}
}