{
	"credit": "Yuushya",
	"textures": {
		"3": "yuushya:0extra_building_material/preview/vinyl",
		"4": "yuushya:0extra_building_material/preview/vinyl1",
		"particle": "yuushya:0extra_building_material/preview/vinyl1"
	},
	"elements": [
		{
			"name": "vinyl_0",
			"from": [6, 5.5, 1],
			"to": [9, 6.5, 14],
			"rotation": {"angle": 0, "axis": "y", "origin": [9, 13, 9]},
			"faces": {
				"north": {"uv": [8, 0, 5, 1], "texture": "#3"},
				"east": {"uv": [7, 0, 8, 13], "rotation": 90, "texture": "#3"},
				"south": {"uv": [5, 12, 8, 13], "texture": "#3"},
				"west": {"uv": [5, 0, 6, 13], "rotation": 270, "texture": "#3"},
				"up": {"uv": [5, 0, 8, 13], "texture": "#3"},
				"down": {"uv": [5, 13, 8, 0], "texture": "#3"}
			}
		},
		{
			"name": "vinyl_1",
			"from": [3, 5.5, 2],
			"to": [6, 6.5, 13],
			"rotation": {"angle": 0, "axis": "y", "origin": [9, 13, 9]},
			"faces": {
				"north": {"uv": [5, 1, 2, 2], "texture": "#3"},
				"east": {"uv": [4, 1, 5, 12], "rotation": 90, "texture": "#3"},
				"south": {"uv": [2, 11, 5, 12], "texture": "#3"},
				"west": {"uv": [2, 1, 3, 12], "rotation": 270, "texture": "#3"},
				"up": {"uv": [2, 1, 5, 12], "texture": "#3"},
				"down": {"uv": [2, 12, 5, 1], "texture": "#3"}
			}
		},
		{
			"name": "vinyl_2",
			"from": [9, 5.5, 2],
			"to": [12, 6.5, 13],
			"rotation": {"angle": 0, "axis": "y", "origin": [9, 13, 9]},
			"faces": {
				"north": {"uv": [11, 1, 8, 2], "texture": "#3"},
				"east": {"uv": [10, 1, 11, 12], "rotation": 90, "texture": "#3"},
				"south": {"uv": [8, 11, 11, 12], "texture": "#3"},
				"west": {"uv": [8, 1, 9, 12], "rotation": 270, "texture": "#3"},
				"up": {"uv": [8, 1, 11, 12], "texture": "#3"},
				"down": {"uv": [8, 12, 11, 1], "texture": "#3"}
			}
		},
		{
			"name": "vinyl_3",
			"from": [2, 5.5, 3],
			"to": [3, 6.5, 12],
			"rotation": {"angle": 0, "axis": "y", "origin": [9, 13, 9]},
			"faces": {
				"north": {"uv": [2, 2, 1, 3], "texture": "#3"},
				"east": {"uv": [1, 2, 2, 11], "rotation": 90, "texture": "#3"},
				"south": {"uv": [1, 10, 2, 11], "texture": "#3"},
				"west": {"uv": [1, 2, 2, 11], "rotation": 270, "texture": "#3"},
				"up": {"uv": [1, 2, 2, 11], "texture": "#3"},
				"down": {"uv": [1, 11, 2, 2], "texture": "#3"}
			}
		},
		{
			"name": "vinyl_4",
			"from": [12, 5.5, 3],
			"to": [13, 6.5, 12],
			"rotation": {"angle": 0, "axis": "y", "origin": [9, 13, 9]},
			"faces": {
				"north": {"uv": [12, 2, 11, 3], "texture": "#3"},
				"east": {"uv": [11, 2, 12, 11], "rotation": 90, "texture": "#3"},
				"south": {"uv": [11, 10, 12, 11], "texture": "#3"},
				"west": {"uv": [11, 2, 12, 11], "rotation": 270, "texture": "#3"},
				"up": {"uv": [11, 2, 12, 11], "texture": "#3"},
				"down": {"uv": [11, 11, 12, 2], "texture": "#3"}
			}
		},
		{
			"name": "vinyl_5",
			"from": [1, 5.5, 6],
			"to": [2, 6.5, 10],
			"rotation": {"angle": 0, "axis": "y", "origin": [9, 13, 9]},
			"faces": {
				"north": {"uv": [1, 5, 0, 6], "texture": "#3"},
				"east": {"uv": [0, 5, 1, 9], "rotation": 90, "texture": "#3"},
				"south": {"uv": [0, 8, 1, 9], "texture": "#3"},
				"west": {"uv": [0, 5, 1, 9], "rotation": 270, "texture": "#3"},
				"up": {"uv": [0, 5, 1, 9], "texture": "#3"},
				"down": {"uv": [0, 9, 1, 5], "texture": "#3"}
			}
		},
		{
			"name": "vinyl_6",
			"from": [13, 5.5, 6],
			"to": [14, 6.5, 10],
			"rotation": {"angle": 0, "axis": "y", "origin": [9, 13, 9]},
			"faces": {
				"north": {"uv": [13, 5, 12, 6], "texture": "#3"},
				"east": {"uv": [12, 5, 13, 9], "rotation": 90, "texture": "#3"},
				"south": {"uv": [12, 8, 13, 9], "texture": "#3"},
				"west": {"uv": [12, 5, 13, 9], "rotation": 270, "texture": "#3"},
				"up": {"uv": [12, 5, 13, 9], "texture": "#3"},
				"down": {"uv": [12, 9, 13, 5], "texture": "#3"}
			}
		},
		{
			"from": [1, 0, 1],
			"to": [15, 5, 15],
			"rotation": {"angle": 0, "axis": "y", "origin": [9, 8, 9]},
			"faces": {
				"north": {"uv": [0, 11, 14, 16], "texture": "#4"},
				"east": {"uv": [0, 11, 14, 16], "texture": "#4"},
				"south": {"uv": [0, 11, 14, 16], "texture": "#4"},
				"west": {"uv": [0, 11, 14, 16], "texture": "#4"},
				"up": {"uv": [0, 2, 14, 16], "texture": "#4"},
				"down": {"uv": [0, 2, 14, 16], "texture": "#4"}
			}
		},
		{
			"from": [3, 5, 3],
			"to": [12, 6, 12],
			"rotation": {"angle": 0, "axis": "y", "origin": [7.5, 5.5, 7.5]},
			"faces": {
				"north": {"uv": [4, 12, 5, 13], "texture": "#4"},
				"east": {"uv": [4, 12, 5, 13], "texture": "#4"},
				"south": {"uv": [4, 12, 5, 13], "texture": "#4"},
				"west": {"uv": [4, 12, 5, 13], "texture": "#4"},
				"up": {"uv": [4, 12, 5, 13], "texture": "#4"},
				"down": {"uv": [4, 12, 5, 13], "texture": "#4"}
			}
		},
		{
			"from": [7.25, 6, 7.25],
			"to": [7.75, 8, 7.75],
			"rotation": {"angle": 0, "axis": "y", "origin": [15.2, 14, 15.3]},
			"faces": {
				"north": {"uv": [4, 12, 4.5, 14], "texture": "#4"},
				"east": {"uv": [4, 12, 4.5, 14], "texture": "#4"},
				"south": {"uv": [4, 12, 4.5, 14], "texture": "#4"},
				"west": {"uv": [4, 12, 4.5, 14], "texture": "#4"},
				"up": {"uv": [4, 12, 4.5, 12.5], "texture": "#4"},
				"down": {"uv": [4, 12, 4.5, 12.5], "texture": "#4"}
			}
		},
		{
			"from": [13, 5, 1],
			"to": [15, 7, 3],
			"rotation": {"angle": 0, "axis": "y", "origin": [22, 13, 9]},
			"faces": {
				"north": {"uv": [14, 0, 16, 2], "texture": "#4"},
				"east": {"uv": [14, 0, 16, 2], "texture": "#4"},
				"south": {"uv": [14, 0, 16, 2], "texture": "#4"},
				"west": {"uv": [14, 0, 16, 2], "texture": "#4"},
				"up": {"uv": [14, 0, 16, 2], "texture": "#4"},
				"down": {"uv": [14, 0, 16, 2], "texture": "#4"}
			}
		},
		{
			"from": [9, 6.4, 1.9],
			"to": [15, 6.9, 2.9],
			"rotation": {"angle": 0, "axis": "y", "origin": [12, 6.55, 2.9]},
			"faces": {
				"north": {"uv": [6, 0, 7, 1], "rotation": 90, "texture": "#4"},
				"east": {"uv": [6, 0, 7, 1], "rotation": 90, "texture": "#4"},
				"south": {"uv": [6, 0, 7, 1], "rotation": 90, "texture": "#4"},
				"west": {"uv": [6, 0, 7, 1], "rotation": 90, "texture": "#4"},
				"up": {"uv": [1, 0, 7, 1], "rotation": 180, "texture": "#4"},
				"down": {"uv": [1, 0, 7, 1], "texture": "#4"}
			}
		}
	],
	"gui_light": "front",
	"display": {
		"thirdperson_righthand": {
			"rotation": [75, 45, 0],
			"translation": [0, 2.5, 0],
			"scale": [0.375, 0.375, 0.375]
		},
		"thirdperson_lefthand": {
			"rotation": [75, 45, 0],
			"translation": [0, 2.5, 0],
			"scale": [0.375, 0.375, 0.375]
		},
		"firstperson_righthand": {
			"rotation": [0, 45, 0],
			"scale": [0.4, 0.4, 0.4]
		},
		"firstperson_lefthand": {
			"rotation": [0, 225, 0],
			"scale": [0.4, 0.4, 0.4]
		},
		"ground": {
			"translation": [0, 3, 0],
			"scale": [0.25, 0.25, 0.25]
		},
		"gui": {
			"rotation": [30, 45, 0],
			"scale": [0.625, 0.625, 0.625]
		},
		"fixed": {
			"rotation": [-90, 0, 0],
			"translation": [0, 0, -14],
			"scale": [2, 2, 2]
		}
	}
}