{
	"credit": "Yuushya",
	"textures": {
		"1": "yuushya:block/dark_oak_planks_",
		"particle": "yuushya:block/dark_oak_planks_"
	},
	"elements": [
		{
			"from": [0, 15, 0],
			"to": [16, 16, 16],
			"faces": {
				"north": {"uv": [0, 9, 16, 10], "texture": "#1"},
				"east": {"uv": [0, 9, 16, 10], "texture": "#1"},
				"south": {"uv": [0, 9, 16, 10], "texture": "#1"},
				"west": {"uv": [0, 9, 16, 10], "texture": "#1"},
				"up": {"uv": [0, 0, 16, 16], "texture": "#1"},
				"down": {"uv": [0.5, 1, 0.5, 1.5], "texture": "#1"}
			}
		},
		{
			"from": [0, 13.5, 0],
			"to": [16, 14.5, 16],
			"rotation": {"angle": 0, "axis": "y", "origin": [8, 6.5, 8]},
			"faces": {
				"north": {"uv": [0, 6, 16, 7], "texture": "#1"},
				"east": {"uv": [0, 6, 16, 7], "texture": "#1"},
				"south": {"uv": [0, 6, 16, 7], "texture": "#1"},
				"west": {"uv": [0, 6, 16, 7], "texture": "#1"},
				"up": {"uv": [0, 15, 1, 16], "rotation": 90, "texture": "#1"},
				"down": {"uv": [0, 15, 1, 16], "rotation": 90, "texture": "#1"}
			}
		},
		{
			"from": [1, 14.5, 1],
			"to": [15, 15, 15],
			"rotation": {"angle": 0, "axis": "y", "origin": [9, 8, 9]},
			"faces": {
				"north": {"uv": [0.5, 1, 0.5, 1.5], "texture": "#1"},
				"east": {"uv": [0.5, 1, 0.5, 1.5], "texture": "#1"},
				"south": {"uv": [0.5, 1, 0.5, 1.5], "texture": "#1"},
				"west": {"uv": [0.5, 1, 0.5, 1.5], "texture": "#1"},
				"up": {"uv": [0.5, 1, 0.5, 1.5], "texture": "#1"},
				"down": {"uv": [0.5, 1, 0.5, 1.5], "texture": "#1"}
			}
		},
		{
			"from": [6.5, 0, 6.5],
			"to": [9.5, 2, 9.5],
			"rotation": {"angle": 0, "axis": "y", "origin": [14.5, 8, 13.5]},
			"faces": {
				"north": {"uv": [6, 8, 8, 11], "rotation": 90, "texture": "#1"},
				"east": {"uv": [6, 8, 8, 11], "rotation": 90, "texture": "#1"},
				"south": {"uv": [6, 8, 8, 11], "rotation": 90, "texture": "#1"},
				"west": {"uv": [6, 8, 8, 11], "rotation": 90, "texture": "#1"},
				"up": {"uv": [7, 9, 8, 10], "rotation": 90, "texture": "#1"},
				"down": {"uv": [7, 8, 8, 9], "rotation": 90, "texture": "#1"}
			}
		},
		{
			"from": [6.5, 4, 6.5],
			"to": [9.5, 14, 9.5],
			"rotation": {"angle": 0, "axis": "y", "origin": [14.5, 12, 13.5]},
			"faces": {
				"north": {"uv": [7, 6, 16, 9], "rotation": 270, "texture": "#1"},
				"east": {"uv": [7, 6, 16, 9], "rotation": 270, "texture": "#1"},
				"south": {"uv": [7, 6, 16, 9], "rotation": 270, "texture": "#1"},
				"west": {"uv": [7, 6, 16, 9], "rotation": 270, "texture": "#1"},
				"up": {"uv": [2, 3, 3, 4], "texture": "#1"},
				"down": {"uv": [2, 3, 3, 4], "texture": "#1"}
			}
		},
		{
			"from": [7, 2, 7],
			"to": [9, 4, 9],
			"rotation": {"angle": 0, "axis": "y", "origin": [15, 10, 15]},
			"faces": {
				"north": {"uv": [0, 0, 2, 2], "rotation": 180, "texture": "#1"},
				"east": {"uv": [0, 0, 2, 2], "rotation": 180, "texture": "#1"},
				"south": {"uv": [0, 0, 2, 2], "rotation": 180, "texture": "#1"},
				"west": {"uv": [0, 0, 2, 2], "rotation": 180, "texture": "#1"},
				"up": {"uv": [0, 0, 2, 2], "texture": "#1"},
				"down": {"uv": [0, 0, 2, 2], "texture": "#1"}
			}
		}
	],
	"gui_light": "front",
	"display": {
		"thirdperson_righthand": {
			"rotation": [75, 45, 0],
			"translation": [0, 2.5, 0],
			"scale": [0.375, 0.375, 0.375]
		},
		"thirdperson_lefthand": {
			"rotation": [75, 45, 0],
			"translation": [0, 2.5, 0],
			"scale": [0.375, 0.375, 0.375]
		},
		"firstperson_righthand": {
			"rotation": [0, 45, 0],
			"scale": [0.4, 0.4, 0.4]
		},
		"firstperson_lefthand": {
			"rotation": [0, 225, 0],
			"scale": [0.4, 0.4, 0.4]
		},
		"ground": {
			"translation": [0, 3, 0],
			"scale": [0.25, 0.25, 0.25]
		},
		"gui": {
			"rotation": [30, 225, 0],
			"translation": [0, -1, 0],
			"scale": [0.625, 0.625, 0.625]
		},
		"fixed": {
			"rotation": [-90, 0, 0],
			"translation": [0, 0, -14],
			"scale": [2, 2, 2]
		}
	},
	"groups": [
		{
			"name": "group",
			"origin": [13, 16, 15.1],
			"children": [0, 1, 2]
		}, 3, 4, 5]
}