{
	"credit": "Yuushya",
	"ambientocclusion": false,
	"texture_size": [32, 32],
	"textures": {
		"0": "yuushya:0extra_building_material/preview/hay",
		"1": "block/black_wool",
		"2": "block/dark_oak_planks__",
		"3": "yuushya:0extra_building_material/preview/basket",
		"4": "block/azure/daisy",
		"particle": "yuushya:0extra_building_material/preview/basket",
		"3_1": "block/coarse_dirt",
		"3_2": "block/fern5",
		"3_3": "block/azure/blue"
	},
	"elements": [
		{
			"from": [1, 0, 1],
			"to": [15, 2, 15],
			"rotation": {"angle": 0, "axis": "y", "origin": [9, 8, 9]},
			"faces": {
				"north": {"uv": [0, 0, 14, 2], "texture": "#1"},
				"east": {"uv": [0, 0, 14, 2], "texture": "#1"},
				"south": {"uv": [0, 0, 14, 2], "texture": "#1"},
				"west": {"uv": [0, 0, 14, 2], "texture": "#1"},
				"up": {"uv": [0, 0, 14, 14], "texture": "#1"},
				"down": {"uv": [0, 0, 14, 14], "texture": "#1"}
			}
		},
		{
			"from": [-2, 2, -2],
			"to": [18, 8, 18],
			"rotation": {"angle": 0, "axis": "y", "origin": [8, 9, 8]},
			"faces": {
				"north": {"uv": [0, 0, 10, 3], "texture": "#0"},
				"east": {"uv": [0, 0, 10, 3], "texture": "#0"},
				"south": {"uv": [0, 0, 10, 3], "texture": "#0"},
				"west": {"uv": [0, 0, 10, 3], "texture": "#0"},
				"up": {"uv": [0, 0, 10, 10], "texture": "#0"},
				"down": {"uv": [0, 0, 10, 10], "texture": "#0"}
			}
		},
		{
			"from": [-8, 8, -8],
			"to": [8, 11, 8],
			"rotation": {"angle": 0, "axis": "y", "origin": [0, 16, 0]},
			"faces": {
				"north": {"uv": [0, 12, 16, 15], "texture": "#2"},
				"east": {"uv": [0, 0, 16, 3], "texture": "#2"},
				"south": {"uv": [0, 0, 16, 3], "texture": "#2"},
				"west": {"uv": [0, 12, 16, 15], "texture": "#2"},
				"up": {"uv": [0, 0, 16, 16], "texture": "#2"},
				"down": {"uv": [0, 0, 16, 16], "texture": "#2"}
			}
		},
		{
			"from": [8, 8, -8],
			"to": [24, 11, 8],
			"rotation": {"angle": 0, "axis": "y", "origin": [16, 16, 0]},
			"faces": {
				"north": {"uv": [0, 12, 16, 15], "texture": "#2"},
				"east": {"uv": [0, 12, 16, 15], "texture": "#2"},
				"south": {"uv": [0, 0, 16, 3], "texture": "#2"},
				"west": {"uv": [0, 0, 16, 3], "texture": "#2"},
				"up": {"uv": [0, 0, 16, 16], "texture": "#2"},
				"down": {"uv": [0, 0, 16, 16], "texture": "#2"}
			}
		},
		{
			"from": [-8, 8, 8],
			"to": [8, 11, 24],
			"rotation": {"angle": 0, "axis": "y", "origin": [0, 16, 16]},
			"faces": {
				"north": {"uv": [0, 0, 16, 3], "texture": "#2"},
				"east": {"uv": [0, 0, 16, 3], "texture": "#2"},
				"south": {"uv": [0, 12, 16, 15], "texture": "#2"},
				"west": {"uv": [0, 12, 16, 15], "texture": "#2"},
				"up": {"uv": [0, 0, 16, 16], "texture": "#2"},
				"down": {"uv": [0, 0, 16, 16], "texture": "#2"}
			}
		},
		{
			"from": [8, 8, 8],
			"to": [24, 11, 24],
			"rotation": {"angle": 0, "axis": "y", "origin": [16, 16, 16]},
			"faces": {
				"north": {"uv": [0, 0, 16, 3], "texture": "#2"},
				"east": {"uv": [0, 12, 16, 15], "texture": "#2"},
				"south": {"uv": [0, 12, 16, 15], "texture": "#2"},
				"west": {"uv": [0, 0, 16, 3], "texture": "#2"},
				"up": {"uv": [0, 0, 16, 16], "texture": "#2"},
				"down": {"uv": [0, 0, 16, 16], "texture": "#2"}
			}
		},
		{
			"from": [2, 11, 12.5],
			"to": [14, 18, 13.5],
			"rotation": {"angle": 45, "axis": "y", "origin": [8, 15.9, 8.5]},
			"faces": {
				"north": {"uv": [2, 6, 14, 13], "texture": "#3"},
				"east": {"uv": [1, 0, 2, 7], "texture": "#3"},
				"south": {"uv": [0, 0, 12, 7], "texture": "#3"},
				"west": {"uv": [1, 0, 2, 7], "texture": "#3"},
				"up": {"uv": [0, 0, 12, 1], "texture": "#3"},
				"down": {"uv": [0, 0, 12, 1], "texture": "#3"}
			}
		},
		{
			"from": [3, 11, 4.5],
			"to": [13, 12, 12.5],
			"rotation": {"angle": 45, "axis": "y", "origin": [8, 15.9, 8.5]},
			"faces": {
				"north": {"uv": [0, 0, 10, 1], "texture": "#3"},
				"east": {"uv": [0, 0, 8, 1], "texture": "#3"},
				"south": {"uv": [0, 0, 10, 1], "texture": "#3"},
				"west": {"uv": [0, 0, 8, 1], "texture": "#3"},
				"up": {"uv": [3, 7, 13, 15], "texture": "#3"},
				"down": {"uv": [2, 7, 12, 15], "texture": "#3"}
			}
		},
		{
			"from": [2, 11, 3.5],
			"to": [14, 18, 4.5],
			"rotation": {"angle": 45, "axis": "y", "origin": [8, 15.9, 8.5]},
			"faces": {
				"north": {"uv": [0, 0, 12, 7], "texture": "#3"},
				"east": {"uv": [0, 0, 1, 7], "texture": "#3"},
				"south": {"uv": [2, 6, 14, 13], "texture": "#3"},
				"west": {"uv": [0, 0, 1, 7], "texture": "#3"},
				"up": {"uv": [0, 0, 12, 1], "texture": "#3"},
				"down": {"uv": [0, 2, 12, 3], "texture": "#3"}
			}
		},
		{
			"from": [2, 11, 4.5],
			"to": [3, 18, 12.5],
			"rotation": {"angle": 45, "axis": "y", "origin": [8, 15.9, 8.5]},
			"faces": {
				"north": {"uv": [0, 0, 1, 7], "texture": "#3"},
				"east": {"uv": [8, 6, 16, 13], "texture": "#3"},
				"south": {"uv": [0, 0, 1, 7], "texture": "#3"},
				"west": {"uv": [1, 0, 9, 7], "texture": "#3"},
				"up": {"uv": [0, 7, 1, 15], "texture": "#3"},
				"down": {"uv": [15, 7, 16, 15], "texture": "#3"}
			}
		},
		{
			"from": [13, 11, 4.5],
			"to": [14, 18, 12.5],
			"rotation": {"angle": 45, "axis": "y", "origin": [8, 15.9, 8.5]},
			"faces": {
				"north": {"uv": [0, 0, 1, 7], "texture": "#3"},
				"east": {"uv": [0, 0, 8, 7], "texture": "#3"},
				"south": {"uv": [0, 0, 1, 7], "texture": "#3"},
				"west": {"uv": [8, 6, 16, 13], "texture": "#3"},
				"up": {"uv": [0, 7, 1, 15], "texture": "#3"},
				"down": {"uv": [0, 7, 1, 15], "texture": "#3"}
			}
		},
		{
			"from": [1, 18, 2.5],
			"to": [15, 19, 4.5],
			"rotation": {"angle": 45, "axis": "y", "origin": [8, 15.9, 8.5]},
			"faces": {
				"north": {"uv": [1, 15, 15, 16], "texture": "#3"},
				"east": {"uv": [13, 15, 15, 16], "texture": "#3"},
				"south": {"uv": [0, 15, 14, 16], "texture": "#3"},
				"west": {"uv": [1, 15, 3, 16], "texture": "#3"},
				"up": {"uv": [1, 14, 15, 16], "rotation": 180, "texture": "#3"},
				"down": {"uv": [0, 14, 14, 16], "texture": "#3"}
			}
		},
		{
			"from": [1, 18, 12.5],
			"to": [15, 19, 14.5],
			"rotation": {"angle": 45, "axis": "y", "origin": [8, 15.9, 8.5]},
			"faces": {
				"north": {"uv": [0, 15, 14, 16], "texture": "#3"},
				"east": {"uv": [1, 15, 3, 16], "texture": "#3"},
				"south": {"uv": [1, 15, 15, 16], "texture": "#3"},
				"west": {"uv": [13, 15, 15, 16], "texture": "#3"},
				"up": {"uv": [2, 14, 16, 16], "texture": "#3"},
				"down": {"uv": [0, 14, 14, 16], "rotation": 180, "texture": "#3"}
			}
		},
		{
			"from": [1, 18, 4.5],
			"to": [3, 19, 12.5],
			"rotation": {"angle": 45, "axis": "y", "origin": [8, 15.9, 8.5]},
			"faces": {
				"north": {"uv": [0, 0, 2, 1], "texture": "#3"},
				"east": {"uv": [3, 15, 11, 16], "texture": "#3"},
				"south": {"uv": [0, 0, 2, 1], "texture": "#3"},
				"west": {"uv": [4, 15, 12, 16], "texture": "#3"},
				"up": {"uv": [2, 14, 11, 16], "rotation": 90, "texture": "#3"},
				"down": {"uv": [2, 14, 11, 16], "rotation": 90, "texture": "#3"}
			}
		},
		{
			"from": [13, 18, 4.5],
			"to": [15, 19, 12.5],
			"rotation": {"angle": 45, "axis": "y", "origin": [8, 15.9, 8.5]},
			"faces": {
				"north": {"uv": [0, 0, 2, 1], "texture": "#3"},
				"east": {"uv": [4, 15, 12, 16], "texture": "#3"},
				"south": {"uv": [0, 0, 2, 1], "texture": "#3"},
				"west": {"uv": [3, 15, 11, 16], "texture": "#3"},
				"up": {"uv": [2, 14, 11, 16], "rotation": 270, "texture": "#3"},
				"down": {"uv": [2, 14, 11, 16], "rotation": 270, "texture": "#3"}
			}
		},
		{
			"from": [3, 15, 4.5],
			"to": [13, 16, 12.5],
			"rotation": {"angle": 45, "axis": "y", "origin": [8, 15.9, 8.5]},
			"faces": {
				"north": {"uv": [0, 0, 10, 1], "texture": "#3_1"},
				"east": {"uv": [0, 0, 8, 1], "texture": "#3_1"},
				"south": {"uv": [0, 0, 10, 1], "texture": "#3_1"},
				"west": {"uv": [0, 0, 8, 1], "texture": "#3_1"},
				"up": {"uv": [0, 0, 10, 8], "texture": "#3_1"},
				"down": {"uv": [0, 0, 10, 8], "texture": "#3_1"}
			}
		},
		{
			"from": [3, 15, 8.5],
			"to": [15, 27, 8.5],
			"rotation": {"angle": 0, "axis": "y", "origin": [9, 21, 10.5]},
			"faces": {
				"north": {"uv": [0, 0, 12, 12], "rotation": 180, "texture": "#3_2"},
				"east": {"uv": [0, 0, 0, 12], "rotation": 180, "texture": "#3_2"},
				"south": {"uv": [0, 0, 12, 12], "rotation": 180, "texture": "#3_2"},
				"west": {"uv": [0, 0, 0, 12], "rotation": 180, "texture": "#3_2"},
				"up": {"uv": [0, 0, 0, 12], "rotation": 90, "texture": "#3_2"},
				"down": {"uv": [0, 0, 0, 12], "rotation": 270, "texture": "#3_2"}
			}
		},
		{
			"from": [9, 16, 2.5],
			"to": [9, 28, 14.5],
			"rotation": {"angle": 0, "axis": "y", "origin": [9, 21, 10.5]},
			"faces": {
				"north": {"uv": [0, 0, 0, 12], "rotation": 180, "texture": "#3_2"},
				"east": {"uv": [0, 0, 12, 12], "rotation": 180, "texture": "#3_2"},
				"south": {"uv": [0, 0, 0, 12], "rotation": 180, "texture": "#3_2"},
				"west": {"uv": [0, 0, 12, 12], "rotation": 180, "texture": "#3_2"},
				"up": {"uv": [0, 0, 0, 12], "rotation": 180, "texture": "#3_2"},
				"down": {"uv": [0, 0, 0, 12], "rotation": 180, "texture": "#3_2"}
			}
		},
		{
			"from": [3.7, 15, 8.5],
			"to": [15.7, 27, 8.5],
			"rotation": {"angle": 45, "axis": "y", "origin": [9, 21, 10.5]},
			"faces": {
				"north": {"uv": [0, 0, 12, 12], "rotation": 180, "texture": "#3_2"},
				"east": {"uv": [0, 0, 0, 12], "rotation": 180, "texture": "#3_2"},
				"south": {"uv": [0, 0, 12, 12], "rotation": 180, "texture": "#3_2"},
				"west": {"uv": [0, 0, 0, 12], "rotation": 180, "texture": "#3_2"},
				"up": {"uv": [0, 0, 0, 12], "rotation": 270, "texture": "#3_2"},
				"down": {"uv": [0, 0, 0, 12], "rotation": 90, "texture": "#3_2"}
			}
		},
		{
			"from": [5, 21, 4.5],
			"to": [6, 21.3, 5.5],
			"rotation": {"angle": 0, "axis": "y", "origin": [8, 29, 1.5]},
			"faces": {
				"north": {"uv": [1, 0, 2, 1], "texture": "#4"},
				"east": {"uv": [1, 0, 2, 1], "texture": "#4"},
				"south": {"uv": [1, 0, 2, 1], "texture": "#4"},
				"west": {"uv": [1, 0, 2, 1], "texture": "#4"},
				"up": {"uv": [1, 0, 2, 1], "texture": "#4"},
				"down": {"uv": [1, 0, 2, 1], "texture": "#4"}
			}
		},
		{
			"from": [5, 21, 2.5],
			"to": [6, 21, 4.5],
			"rotation": {"angle": 0, "axis": "y", "origin": [5.5, 21, 5]},
			"faces": {
				"north": {"uv": [0, 0, 2, 0], "texture": "#4"},
				"east": {"uv": [0, 0, 1, 0], "texture": "#4"},
				"south": {"uv": [0, 0, 2, 0], "texture": "#4"},
				"west": {"uv": [0, 0, 1, 0], "texture": "#4"},
				"up": {"uv": [0, 0, 1, 2], "texture": "#4"},
				"down": {"uv": [0, 0, 1, 2], "texture": "#4"}
			}
		},
		{
			"from": [6, 21.1, 4.5],
			"to": [8, 21.1, 5.5],
			"rotation": {"angle": 45, "axis": "y", "origin": [5.5, 21, 5]},
			"faces": {
				"north": {"uv": [0, 0, 1, 0], "texture": "#4"},
				"east": {"uv": [0, 0, 2, 0], "texture": "#4"},
				"south": {"uv": [0, 0, 1, 0], "texture": "#4"},
				"west": {"uv": [0, 0, 2, 0], "texture": "#4"},
				"up": {"uv": [0, 0, 1, 2], "rotation": 270, "texture": "#4"},
				"down": {"uv": [0, 0, 1, 2], "rotation": 90, "texture": "#4"}
			}
		},
		{
			"from": [3, 21.1, 4.5],
			"to": [5, 21.1, 5.5],
			"rotation": {"angle": 45, "axis": "y", "origin": [5.5, 21, 5]},
			"faces": {
				"north": {"uv": [0, 0, 1, 0], "texture": "#4"},
				"east": {"uv": [0, 0, 2, 0], "texture": "#4"},
				"south": {"uv": [0, 0, 1, 0], "texture": "#4"},
				"west": {"uv": [0, 0, 2, 0], "texture": "#4"},
				"up": {"uv": [0, 0, 1, 2], "rotation": 270, "texture": "#4"},
				"down": {"uv": [0, 0, 1, 2], "rotation": 90, "texture": "#4"}
			}
		},
		{
			"from": [5, 21.1, 5.5],
			"to": [6, 21.1, 7.5],
			"rotation": {"angle": 45, "axis": "y", "origin": [5.5, 21, 5]},
			"faces": {
				"north": {"uv": [0, 0, 2, 0], "texture": "#4"},
				"east": {"uv": [0, 0, 1, 0], "texture": "#4"},
				"south": {"uv": [0, 0, 2, 0], "texture": "#4"},
				"west": {"uv": [0, 0, 1, 0], "texture": "#4"},
				"up": {"uv": [0, 0, 1, 2], "texture": "#4"},
				"down": {"uv": [0, 0, 1, 2], "texture": "#4"}
			}
		},
		{
			"from": [5, 21.1, 2.5],
			"to": [6, 21.1, 4.5],
			"rotation": {"angle": 45, "axis": "y", "origin": [5.5, 21, 5]},
			"faces": {
				"north": {"uv": [0, 0, 2, 0], "texture": "#4"},
				"east": {"uv": [0, 0, 1, 0], "texture": "#4"},
				"south": {"uv": [0, 0, 2, 0], "texture": "#4"},
				"west": {"uv": [0, 0, 1, 0], "texture": "#4"},
				"up": {"uv": [0, 0, 1, 2], "texture": "#4"},
				"down": {"uv": [0, 0, 1, 2], "texture": "#4"}
			}
		},
		{
			"from": [5, 21, 5.5],
			"to": [6, 21, 7.5],
			"rotation": {"angle": 0, "axis": "y", "origin": [5.5, 21, 5]},
			"faces": {
				"north": {"uv": [0, 0, 2, 0], "texture": "#4"},
				"east": {"uv": [0, 0, 1, 0], "texture": "#4"},
				"south": {"uv": [0, 0, 2, 0], "texture": "#4"},
				"west": {"uv": [0, 0, 1, 0], "texture": "#4"},
				"up": {"uv": [0, 0, 1, 2], "texture": "#4"},
				"down": {"uv": [0, 0, 1, 2], "texture": "#4"}
			}
		},
		{
			"from": [3, 21, 4.5],
			"to": [5, 21, 5.5],
			"rotation": {"angle": 0, "axis": "y", "origin": [5.5, 21, 5]},
			"faces": {
				"north": {"uv": [0, 0, 1, 0], "texture": "#4"},
				"east": {"uv": [0, 0, 2, 0], "texture": "#4"},
				"south": {"uv": [0, 0, 1, 0], "texture": "#4"},
				"west": {"uv": [0, 0, 2, 0], "texture": "#4"},
				"up": {"uv": [0, 0, 1, 2], "rotation": 270, "texture": "#4"},
				"down": {"uv": [0, 0, 1, 2], "rotation": 90, "texture": "#4"}
			}
		},
		{
			"from": [6, 21, 4.5],
			"to": [8, 21, 5.5],
			"rotation": {"angle": 0, "axis": "y", "origin": [5.5, 21, 5]},
			"faces": {
				"north": {"uv": [0, 0, 1, 0], "texture": "#4"},
				"east": {"uv": [0, 0, 2, 0], "texture": "#4"},
				"south": {"uv": [0, 0, 1, 0], "texture": "#4"},
				"west": {"uv": [0, 0, 2, 0], "texture": "#4"},
				"up": {"uv": [0, 0, 1, 2], "rotation": 270, "texture": "#4"},
				"down": {"uv": [0, 0, 1, 2], "rotation": 90, "texture": "#4"}
			}
		},
		{
			"from": [9, 22, 7.5],
			"to": [10, 22.3, 8.5],
			"rotation": {"angle": 0, "axis": "y", "origin": [12, 30, 4.5]},
			"faces": {
				"north": {"uv": [1, 0, 2, 1], "texture": "#4"},
				"east": {"uv": [1, 0, 2, 1], "texture": "#4"},
				"south": {"uv": [1, 0, 2, 1], "texture": "#4"},
				"west": {"uv": [1, 0, 2, 1], "texture": "#4"},
				"up": {"uv": [1, 0, 2, 1], "texture": "#4"},
				"down": {"uv": [1, 0, 2, 1], "texture": "#4"}
			}
		},
		{
			"from": [9, 22, 5.5],
			"to": [10, 22, 7.5],
			"rotation": {"angle": 0, "axis": "y", "origin": [9.5, 22, 8]},
			"faces": {
				"north": {"uv": [0, 0, 2, 0], "texture": "#4"},
				"east": {"uv": [0, 0, 1, 0], "texture": "#4"},
				"south": {"uv": [0, 0, 2, 0], "texture": "#4"},
				"west": {"uv": [0, 0, 1, 0], "texture": "#4"},
				"up": {"uv": [0, 0, 1, 2], "texture": "#4"},
				"down": {"uv": [0, 0, 1, 2], "texture": "#4"}
			}
		},
		{
			"from": [10, 22.1, 7.5],
			"to": [12, 22.1, 8.5],
			"rotation": {"angle": 45, "axis": "y", "origin": [9.5, 22, 8]},
			"faces": {
				"north": {"uv": [0, 0, 1, 0], "texture": "#4"},
				"east": {"uv": [0, 0, 2, 0], "texture": "#4"},
				"south": {"uv": [0, 0, 1, 0], "texture": "#4"},
				"west": {"uv": [0, 0, 2, 0], "texture": "#4"},
				"up": {"uv": [0, 0, 1, 2], "rotation": 270, "texture": "#4"},
				"down": {"uv": [0, 0, 1, 2], "rotation": 90, "texture": "#4"}
			}
		},
		{
			"from": [7, 22.1, 7.5],
			"to": [9, 22.1, 8.5],
			"rotation": {"angle": 45, "axis": "y", "origin": [9.5, 22, 8]},
			"faces": {
				"north": {"uv": [0, 0, 1, 0], "texture": "#4"},
				"east": {"uv": [0, 0, 2, 0], "texture": "#4"},
				"south": {"uv": [0, 0, 1, 0], "texture": "#4"},
				"west": {"uv": [0, 0, 2, 0], "texture": "#4"},
				"up": {"uv": [0, 0, 1, 2], "rotation": 270, "texture": "#4"},
				"down": {"uv": [0, 0, 1, 2], "rotation": 90, "texture": "#4"}
			}
		},
		{
			"from": [9, 22.1, 8.5],
			"to": [10, 22.1, 10.5],
			"rotation": {"angle": 45, "axis": "y", "origin": [9.5, 22, 8]},
			"faces": {
				"north": {"uv": [0, 0, 2, 0], "texture": "#4"},
				"east": {"uv": [0, 0, 1, 0], "texture": "#4"},
				"south": {"uv": [0, 0, 2, 0], "texture": "#4"},
				"west": {"uv": [0, 0, 1, 0], "texture": "#4"},
				"up": {"uv": [0, 0, 1, 2], "texture": "#4"},
				"down": {"uv": [0, 0, 1, 2], "texture": "#4"}
			}
		},
		{
			"from": [9, 22.1, 5.5],
			"to": [10, 22.1, 7.5],
			"rotation": {"angle": 45, "axis": "y", "origin": [9.5, 22, 8]},
			"faces": {
				"north": {"uv": [0, 0, 2, 0], "texture": "#4"},
				"east": {"uv": [0, 0, 1, 0], "texture": "#4"},
				"south": {"uv": [0, 0, 2, 0], "texture": "#4"},
				"west": {"uv": [0, 0, 1, 0], "texture": "#4"},
				"up": {"uv": [0, 0, 1, 2], "texture": "#4"},
				"down": {"uv": [0, 0, 1, 2], "texture": "#4"}
			}
		},
		{
			"from": [9, 22, 8.5],
			"to": [10, 22, 10.5],
			"rotation": {"angle": 0, "axis": "y", "origin": [9.5, 22, 8]},
			"faces": {
				"north": {"uv": [0, 0, 2, 0], "texture": "#4"},
				"east": {"uv": [0, 0, 1, 0], "texture": "#4"},
				"south": {"uv": [0, 0, 2, 0], "texture": "#4"},
				"west": {"uv": [0, 0, 1, 0], "texture": "#4"},
				"up": {"uv": [0, 0, 1, 2], "texture": "#4"},
				"down": {"uv": [0, 0, 1, 2], "texture": "#4"}
			}
		},
		{
			"from": [7, 22, 7.5],
			"to": [9, 22, 8.5],
			"rotation": {"angle": 0, "axis": "y", "origin": [9.5, 22, 8]},
			"faces": {
				"north": {"uv": [0, 0, 1, 0], "texture": "#4"},
				"east": {"uv": [0, 0, 2, 0], "texture": "#4"},
				"south": {"uv": [0, 0, 1, 0], "texture": "#4"},
				"west": {"uv": [0, 0, 2, 0], "texture": "#4"},
				"up": {"uv": [0, 0, 1, 2], "rotation": 270, "texture": "#4"},
				"down": {"uv": [0, 0, 1, 2], "rotation": 90, "texture": "#4"}
			}
		},
		{
			"from": [10, 22, 7.5],
			"to": [12, 22, 8.5],
			"rotation": {"angle": 0, "axis": "y", "origin": [9.5, 22, 8]},
			"faces": {
				"north": {"uv": [0, 0, 1, 0], "texture": "#4"},
				"east": {"uv": [0, 0, 2, 0], "texture": "#4"},
				"south": {"uv": [0, 0, 1, 0], "texture": "#4"},
				"west": {"uv": [0, 0, 2, 0], "texture": "#4"},
				"up": {"uv": [0, 0, 1, 2], "rotation": 270, "texture": "#4"},
				"down": {"uv": [0, 0, 1, 2], "rotation": 90, "texture": "#4"}
			}
		},
		{
			"from": [5, 23, 11.5],
			"to": [6, 23.3, 12.5],
			"rotation": {"angle": -22.5, "axis": "y", "origin": [9, 22.56111, 9]},
			"faces": {
				"north": {"uv": [1, 0, 2, 1], "texture": "#4"},
				"east": {"uv": [1, 0, 2, 1], "texture": "#4"},
				"south": {"uv": [1, 0, 2, 1], "texture": "#4"},
				"west": {"uv": [1, 0, 2, 1], "texture": "#4"},
				"up": {"uv": [1, 0, 2, 1], "texture": "#4"},
				"down": {"uv": [1, 0, 2, 1], "texture": "#4"}
			}
		},
		{
			"from": [5, 23, 9.5],
			"to": [6, 23, 11.5],
			"rotation": {"angle": -22.5, "axis": "y", "origin": [9, 22.56111, 9]},
			"faces": {
				"north": {"uv": [0, 0, 2, 0], "texture": "#4"},
				"east": {"uv": [0, 0, 1, 0], "texture": "#4"},
				"south": {"uv": [0, 0, 2, 0], "texture": "#4"},
				"west": {"uv": [0, 0, 1, 0], "texture": "#4"},
				"up": {"uv": [0, 0, 1, 2], "texture": "#4"},
				"down": {"uv": [0, 0, 1, 2], "texture": "#4"}
			}
		},
		{
			"from": [4.90381, 23.1, 8.14645],
			"to": [6.90381, 23.1, 9.14645],
			"rotation": {"angle": 22.5, "axis": "y", "origin": [9, 22.56111, 9]},
			"faces": {
				"north": {"uv": [0, 0, 1, 0], "texture": "#4"},
				"east": {"uv": [0, 0, 2, 0], "texture": "#4"},
				"south": {"uv": [0, 0, 1, 0], "texture": "#4"},
				"west": {"uv": [0, 0, 2, 0], "texture": "#4"},
				"up": {"uv": [0, 0, 1, 2], "rotation": 270, "texture": "#4"},
				"down": {"uv": [0, 0, 1, 2], "rotation": 90, "texture": "#4"}
			}
		},
		{
			"from": [1.90381, 23.1, 8.14645],
			"to": [3.90381, 23.1, 9.14645],
			"rotation": {"angle": 22.5, "axis": "y", "origin": [9, 22.56111, 9]},
			"faces": {
				"north": {"uv": [0, 0, 1, 0], "texture": "#4"},
				"east": {"uv": [0, 0, 2, 0], "texture": "#4"},
				"south": {"uv": [0, 0, 1, 0], "texture": "#4"},
				"west": {"uv": [0, 0, 2, 0], "texture": "#4"},
				"up": {"uv": [0, 0, 1, 2], "rotation": 270, "texture": "#4"},
				"down": {"uv": [0, 0, 1, 2], "rotation": 90, "texture": "#4"}
			}
		},
		{
			"from": [3.90381, 23.1, 9.14645],
			"to": [4.90381, 23.1, 11.14645],
			"rotation": {"angle": 22.5, "axis": "y", "origin": [9, 22.56111, 9]},
			"faces": {
				"north": {"uv": [0, 0, 2, 0], "texture": "#4"},
				"east": {"uv": [0, 0, 1, 0], "texture": "#4"},
				"south": {"uv": [0, 0, 2, 0], "texture": "#4"},
				"west": {"uv": [0, 0, 1, 0], "texture": "#4"},
				"up": {"uv": [0, 0, 1, 2], "texture": "#4"},
				"down": {"uv": [0, 0, 1, 2], "texture": "#4"}
			}
		},
		{
			"from": [3.90381, 23.1, 6.14645],
			"to": [4.90381, 23.1, 8.14645],
			"rotation": {"angle": 22.5, "axis": "y", "origin": [9, 22.56111, 9]},
			"faces": {
				"north": {"uv": [0, 0, 2, 0], "texture": "#4"},
				"east": {"uv": [0, 0, 1, 0], "texture": "#4"},
				"south": {"uv": [0, 0, 2, 0], "texture": "#4"},
				"west": {"uv": [0, 0, 1, 0], "texture": "#4"},
				"up": {"uv": [0, 0, 1, 2], "texture": "#4"},
				"down": {"uv": [0, 0, 1, 2], "texture": "#4"}
			}
		},
		{
			"from": [5, 23, 12.5],
			"to": [6, 23, 14.5],
			"rotation": {"angle": -22.5, "axis": "y", "origin": [9, 22.56111, 9]},
			"faces": {
				"north": {"uv": [0, 0, 2, 0], "texture": "#4"},
				"east": {"uv": [0, 0, 1, 0], "texture": "#4"},
				"south": {"uv": [0, 0, 2, 0], "texture": "#4"},
				"west": {"uv": [0, 0, 1, 0], "texture": "#4"},
				"up": {"uv": [0, 0, 1, 2], "texture": "#4"},
				"down": {"uv": [0, 0, 1, 2], "texture": "#4"}
			}
		},
		{
			"from": [3, 23, 11.5],
			"to": [5, 23, 12.5],
			"rotation": {"angle": -22.5, "axis": "y", "origin": [9, 22.56111, 9]},
			"faces": {
				"north": {"uv": [0, 0, 1, 0], "texture": "#4"},
				"east": {"uv": [0, 0, 2, 0], "texture": "#4"},
				"south": {"uv": [0, 0, 1, 0], "texture": "#4"},
				"west": {"uv": [0, 0, 2, 0], "texture": "#4"},
				"up": {"uv": [0, 0, 1, 2], "rotation": 270, "texture": "#4"},
				"down": {"uv": [0, 0, 1, 2], "rotation": 90, "texture": "#4"}
			}
		},
		{
			"from": [6, 23, 11.5],
			"to": [8, 23, 12.5],
			"rotation": {"angle": -22.5, "axis": "y", "origin": [9, 22.56111, 9]},
			"faces": {
				"north": {"uv": [0, 0, 1, 0], "texture": "#4"},
				"east": {"uv": [0, 0, 2, 0], "texture": "#4"},
				"south": {"uv": [0, 0, 1, 0], "texture": "#4"},
				"west": {"uv": [0, 0, 2, 0], "texture": "#4"},
				"up": {"uv": [0, 0, 1, 2], "rotation": 270, "texture": "#4"},
				"down": {"uv": [0, 0, 1, 2], "rotation": 90, "texture": "#4"}
			}
		},
		{
			"from": [11, 20, 10.5],
			"to": [12, 20.3, 11.5],
			"rotation": {"angle": -22.5, "axis": "y", "origin": [8, 20.56111, 14]},
			"faces": {
				"north": {"uv": [1, 0, 2, 1], "texture": "#4"},
				"east": {"uv": [1, 0, 2, 1], "texture": "#4"},
				"south": {"uv": [1, 0, 2, 1], "texture": "#4"},
				"west": {"uv": [1, 0, 2, 1], "texture": "#4"},
				"up": {"uv": [1, 0, 2, 1], "texture": "#4"},
				"down": {"uv": [1, 0, 2, 1], "texture": "#4"}
			}
		},
		{
			"from": [11, 20, 8.5],
			"to": [12, 20, 10.5],
			"rotation": {"angle": -22.5, "axis": "y", "origin": [8, 20.56111, 14]},
			"faces": {
				"north": {"uv": [0, 0, 2, 0], "texture": "#4"},
				"east": {"uv": [0, 0, 1, 0], "texture": "#4"},
				"south": {"uv": [0, 0, 2, 0], "texture": "#4"},
				"west": {"uv": [0, 0, 1, 0], "texture": "#4"},
				"up": {"uv": [0, 0, 1, 2], "texture": "#4"},
				"down": {"uv": [0, 0, 1, 2], "texture": "#4"}
			}
		},
		{
			"from": [13.09619, 20.1, 13.85355],
			"to": [15.09619, 20.1, 14.85355],
			"rotation": {"angle": 22.5, "axis": "y", "origin": [8, 20.56111, 14]},
			"faces": {
				"north": {"uv": [0, 0, 1, 0], "texture": "#4"},
				"east": {"uv": [0, 0, 2, 0], "texture": "#4"},
				"south": {"uv": [0, 0, 1, 0], "texture": "#4"},
				"west": {"uv": [0, 0, 2, 0], "texture": "#4"},
				"up": {"uv": [0, 0, 1, 2], "rotation": 270, "texture": "#4"},
				"down": {"uv": [0, 0, 1, 2], "rotation": 90, "texture": "#4"}
			}
		},
		{
			"from": [10.09619, 20.1, 13.85355],
			"to": [12.09619, 20.1, 14.85355],
			"rotation": {"angle": 22.5, "axis": "y", "origin": [8, 20.56111, 14]},
			"faces": {
				"north": {"uv": [0, 0, 1, 0], "texture": "#4"},
				"east": {"uv": [0, 0, 2, 0], "texture": "#4"},
				"south": {"uv": [0, 0, 1, 0], "texture": "#4"},
				"west": {"uv": [0, 0, 2, 0], "texture": "#4"},
				"up": {"uv": [0, 0, 1, 2], "rotation": 270, "texture": "#4"},
				"down": {"uv": [0, 0, 1, 2], "rotation": 90, "texture": "#4"}
			}
		},
		{
			"from": [12.09619, 20.1, 14.85355],
			"to": [13.09619, 20.1, 16.85355],
			"rotation": {"angle": 22.5, "axis": "y", "origin": [8, 20.56111, 14]},
			"faces": {
				"north": {"uv": [0, 0, 2, 0], "texture": "#4"},
				"east": {"uv": [0, 0, 1, 0], "texture": "#4"},
				"south": {"uv": [0, 0, 2, 0], "texture": "#4"},
				"west": {"uv": [0, 0, 1, 0], "texture": "#4"},
				"up": {"uv": [0, 0, 1, 2], "texture": "#4"},
				"down": {"uv": [0, 0, 1, 2], "texture": "#4"}
			}
		},
		{
			"from": [12.09619, 20.1, 11.85355],
			"to": [13.09619, 20.1, 13.85355],
			"rotation": {"angle": 22.5, "axis": "y", "origin": [8, 20.56111, 14]},
			"faces": {
				"north": {"uv": [0, 0, 2, 0], "texture": "#4"},
				"east": {"uv": [0, 0, 1, 0], "texture": "#4"},
				"south": {"uv": [0, 0, 2, 0], "texture": "#4"},
				"west": {"uv": [0, 0, 1, 0], "texture": "#4"},
				"up": {"uv": [0, 0, 1, 2], "texture": "#4"},
				"down": {"uv": [0, 0, 1, 2], "texture": "#4"}
			}
		},
		{
			"from": [11, 20, 11.5],
			"to": [12, 20, 13.5],
			"rotation": {"angle": -22.5, "axis": "y", "origin": [8, 20.56111, 14]},
			"faces": {
				"north": {"uv": [0, 0, 2, 0], "texture": "#4"},
				"east": {"uv": [0, 0, 1, 0], "texture": "#4"},
				"south": {"uv": [0, 0, 2, 0], "texture": "#4"},
				"west": {"uv": [0, 0, 1, 0], "texture": "#4"},
				"up": {"uv": [0, 0, 1, 2], "texture": "#4"},
				"down": {"uv": [0, 0, 1, 2], "texture": "#4"}
			}
		},
		{
			"from": [9, 20, 10.5],
			"to": [11, 20, 11.5],
			"rotation": {"angle": -22.5, "axis": "y", "origin": [8, 20.56111, 14]},
			"faces": {
				"north": {"uv": [0, 0, 1, 0], "texture": "#4"},
				"east": {"uv": [0, 0, 2, 0], "texture": "#4"},
				"south": {"uv": [0, 0, 1, 0], "texture": "#4"},
				"west": {"uv": [0, 0, 2, 0], "texture": "#4"},
				"up": {"uv": [0, 0, 1, 2], "rotation": 270, "texture": "#4"},
				"down": {"uv": [0, 0, 1, 2], "rotation": 90, "texture": "#4"}
			}
		},
		{
			"from": [12, 20, 10.5],
			"to": [14, 20, 11.5],
			"rotation": {"angle": -22.5, "axis": "y", "origin": [8, 20.56111, 14]},
			"faces": {
				"north": {"uv": [0, 0, 1, 0], "texture": "#4"},
				"east": {"uv": [0, 0, 2, 0], "texture": "#4"},
				"south": {"uv": [0, 0, 1, 0], "texture": "#4"},
				"west": {"uv": [0, 0, 2, 0], "texture": "#4"},
				"up": {"uv": [0, 0, 1, 2], "rotation": 270, "texture": "#4"},
				"down": {"uv": [0, 0, 1, 2], "rotation": 90, "texture": "#4"}
			}
		},
		{
			"from": [7.46927, 22.2, 11.19552],
			"to": [10.46927, 22.2, 14.19552],
			"rotation": {"angle": 22.5, "axis": "x", "origin": [8.96927, 22, 12.69552]},
			"faces": {
				"north": {"uv": [0, 0, 3, 0], "texture": "#3_3"},
				"east": {"uv": [0, 0, 3, 0], "texture": "#3_3"},
				"south": {"uv": [0, 0, 3, 0], "texture": "#3_3"},
				"west": {"uv": [3, 1, 6, 1], "texture": "#3_3"},
				"up": {"uv": [11, 0, 14, 3], "texture": "#3_3"},
				"down": {"uv": [11, 0, 14, 3], "texture": "#3_3"}
			}
		},
		{
			"from": [2.46927, 21.2, 6.19552],
			"to": [5.46927, 21.2, 9.19552],
			"rotation": {"angle": 45, "axis": "z", "origin": [3.96927, 21, 7.69552]},
			"faces": {
				"north": {"uv": [3, 1, 6, 1], "texture": "#3_3"},
				"east": {"uv": [0, 0, 3, 0], "texture": "#3_3"},
				"south": {"uv": [0, 0, 3, 0], "texture": "#3_3"},
				"west": {"uv": [0, 0, 3, 0], "texture": "#3_3"},
				"up": {"uv": [11, 0, 14, 3], "rotation": 90, "texture": "#3_3"},
				"down": {"uv": [11, 0, 14, 3], "rotation": 270, "texture": "#3_3"}
			}
		},
		{
			"from": [6.46927, 19.2, 4.19552],
			"to": [9.46927, 19.2, 7.19552],
			"rotation": {"angle": -45, "axis": "x", "origin": [7.96927, 19, 5.69552]},
			"faces": {
				"north": {"uv": [0, 0, 3, 0], "texture": "#3_3"},
				"east": {"uv": [0, 0, 3, 0], "texture": "#3_3"},
				"south": {"uv": [0, 0, 3, 0], "texture": "#3_3"},
				"west": {"uv": [3, 1, 6, 1], "texture": "#3_3"},
				"up": {"uv": [11, 0, 14, 3], "texture": "#3_3"},
				"down": {"uv": [11, 0, 14, 3], "texture": "#3_3"}
			}
		},
		{
			"from": [10.46927, 20.2, 4.19552],
			"to": [13.46927, 20.2, 7.19552],
			"rotation": {"angle": -22.5, "axis": "z", "origin": [11.96927, 20, 5.69552]},
			"faces": {
				"north": {"uv": [3, 1, 6, 1], "texture": "#3_3"},
				"east": {"uv": [0, 0, 3, 0], "texture": "#3_3"},
				"south": {"uv": [0, 0, 3, 0], "texture": "#3_3"},
				"west": {"uv": [0, 0, 3, 0], "texture": "#3_3"},
				"up": {"uv": [11, 0, 14, 3], "rotation": 90, "texture": "#3_3"},
				"down": {"uv": [11, 0, 14, 3], "rotation": 270, "texture": "#3_3"}
			}
		},
		{
			"from": [4.46927, 20.2, 10.19552],
			"to": [7.46927, 20.2, 13.19552],
			"rotation": {"angle": 22.5, "axis": "x", "origin": [5.96927, 20, 11.69552]},
			"faces": {
				"north": {"uv": [0, 0, 3, 0], "texture": "#3_3"},
				"east": {"uv": [0, 0, 3, 0], "texture": "#3_3"},
				"south": {"uv": [0, 0, 3, 0], "texture": "#3_3"},
				"west": {"uv": [3, 1, 6, 1], "texture": "#3_3"},
				"up": {"uv": [11, 0, 14, 3], "texture": "#3_3"},
				"down": {"uv": [11, 0, 14, 3], "texture": "#3_3"}
			}
		},
		{
			"from": [6.46927, 24.2, 8.19552],
			"to": [9.46927, 24.2, 11.19552],
			"rotation": {"angle": -22.5, "axis": "x", "origin": [7.96927, 24, 9.69552]},
			"faces": {
				"north": {"uv": [0, 0, 3, 0], "texture": "#3_3"},
				"east": {"uv": [0, 0, 3, 0], "texture": "#3_3"},
				"south": {"uv": [0, 0, 3, 0], "texture": "#3_3"},
				"west": {"uv": [3, 1, 6, 1], "texture": "#3_3"},
				"up": {"uv": [11, 0, 14, 3], "texture": "#3_3"},
				"down": {"uv": [11, 0, 14, 3], "texture": "#3_3"}
			}
		}
	],
	"gui_light": "front",
	"display": {
		"thirdperson_righthand": {
			"rotation": [75, 45, 0],
			"translation": [0, 2.5, 0],
			"scale": [0.375, 0.375, 0.375]
		},
		"thirdperson_lefthand": {
			"rotation": [75, 45, 0],
			"translation": [0, 2.5, 0],
			"scale": [0.375, 0.375, 0.375]
		},
		"firstperson_righthand": {
			"rotation": [0, 45, 0],
			"scale": [0.4, 0.4, 0.4]
		},
		"firstperson_lefthand": {
			"rotation": [0, 225, 0],
			"scale": [0.4, 0.4, 0.4]
		},
		"ground": {
			"translation": [0, 3, 0],
			"scale": [0.25, 0.25, 0.25]
		},
		"gui": {
			"rotation": [30, 225, 0],
			"scale": [0.4, 0.4, 0.4]
		},
		"fixed": {
			"rotation": [-90, 2, 0],
			"translation": [0, 0, -14],
			"scale": [2, 2, 2]
		}
	},
	"groups": [0, 1, 2, 3, 4, 5,
		{
			"name": "potted_spruce_sapling",
			"origin": [8, 8, 8],
			"children": [
				{
					"name": "group",
					"origin": [8, 10, 10],
					"children": [6, 7, 8, 9, 10, 11, 12, 13, 14, 15]
				}, 16, 17, 18,
				{
					"name": "1",
					"origin": [5.5, 0, 11.5],
					"children": [19, 20, 21, 22, 23, 24, 25, 26, 27,
						{
							"name": "1",
							"origin": [5.5, 0, 11.5],
							"children": [28, 29, 30, 31, 32, 33, 34, 35, 36]
						},
						{
							"name": "1",
							"origin": [5.5, 0, 11.5],
							"children": [
								{
									"name": "1",
									"origin": [5.5, 0, 11.5],
									"children": [37, 38, 39, 40, 41, 42, 43, 44, 45,
										{
											"name": "1",
											"origin": [5.5, 0, 11.5],
											"children": [46, 47, 48, 49, 50, 51, 52, 53, 54]
										}
									]
								}
							]
						}, 55, 56, 57, 58, 59, 60]
				}
			]
		}
	]
}