{
	"credit": "Yuushya",
	"textures": {
		"0": "yuushya:0extra_building_material/preview/gas_tank",
		"1": "block/yellow_wool",
		"3": "yuushya:block/dark_concrete",
		"particle": "yuushya:0extra_building_material/preview/gas_tank"
	},
	"elements": [
		{
			"from": [4.5, 0, 4.5],
			"to": [11.5, 2, 11.5],
			"rotation": {"angle": 0, "axis": "y", "origin": [12.5, 8, 12.5]},
			"faces": {
				"north": {"uv": [6, 1, 13, 3], "texture": "#0"},
				"east": {"uv": [6, 1, 13, 3], "texture": "#0"},
				"south": {"uv": [6, 1, 13, 3], "texture": "#0"},
				"west": {"uv": [6, 1, 13, 3], "texture": "#0"},
				"up": {"uv": [4.5, 4.5, 11.5, 11.5], "texture": "#0"},
				"down": {"uv": [2, 3, 3, 4], "texture": "#0"}
			}
		},
		{
			"from": [4.5, 2, 3.5],
			"to": [11.5, 13, 12.5],
			"rotation": {"angle": 0, "axis": "y", "origin": [12.5, 9, 12.5]},
			"faces": {
				"north": {"uv": [0, 0, 7, 11], "texture": "#0"},
				"east": {"uv": [0, 0, 1, 11], "texture": "#0"},
				"south": {"uv": [0, 0, 7, 11], "texture": "#0"},
				"west": {"uv": [0, 0, 1, 11], "texture": "#0"},
				"up": {"uv": [4, 0, 13, 7], "rotation": 90, "texture": "#3"},
				"down": {"uv": [2, 3, 3, 4], "texture": "#0"}
			}
		},
		{
			"from": [11.5, 2, 4.5],
			"to": [12.5, 13, 11.5],
			"rotation": {"angle": 0, "axis": "y", "origin": [13.5, 9, 12.5]},
			"faces": {
				"north": {"uv": [0, 0, 1, 11], "texture": "#0"},
				"east": {"uv": [0, 0, 7, 11], "texture": "#0"},
				"south": {"uv": [0, 0, 1, 11], "texture": "#0"},
				"west": {"uv": [4.5, 3, 11.5, 14], "texture": "#0"},
				"up": {"uv": [15, 0, 16, 7], "texture": "#3"},
				"down": {"uv": [2, 3, 3, 4], "texture": "#0"}
			}
		},
		{
			"from": [3.5, 2, 4.5],
			"to": [4.5, 13, 11.5],
			"rotation": {"angle": 0, "axis": "y", "origin": [5.5, 9, 12.5]},
			"faces": {
				"north": {"uv": [0, 0, 1, 11], "texture": "#0"},
				"east": {"uv": [4.5, 3, 11.5, 14], "texture": "#0"},
				"south": {"uv": [0, 0, 1, 11], "texture": "#0"},
				"west": {"uv": [0, 0, 7, 11], "texture": "#0"},
				"up": {"uv": [5, 0, 6, 7], "texture": "#3"},
				"down": {"uv": [2, 3, 3, 4], "texture": "#0"}
			}
		},
		{
			"from": [5, 13, 5.75],
			"to": [5.75, 16, 10.25],
			"rotation": {"angle": 0, "axis": "y", "origin": [8, 14.5, 8]},
			"faces": {
				"north": {"uv": [10.25, 0, 11, 3], "texture": "#0"},
				"east": {"uv": [5.75, 0, 10.25, 3], "texture": "#0"},
				"south": {"uv": [5, 0, 5.75, 3], "texture": "#0"},
				"west": {"uv": [5.75, 0, 10.25, 3], "texture": "#0"},
				"up": {"uv": [6, 2, 7, 3], "rotation": 90, "texture": "#0"},
				"down": {"uv": [5, 5.75, 5.75, 10.25], "rotation": 270, "texture": "#0"}
			}
		},
		{
			"from": [5.75, 15.5, 6.25],
			"to": [6.25, 16, 9.75],
			"rotation": {"angle": 0, "axis": "y", "origin": [15, 21, 16.75]},
			"faces": {
				"north": {"uv": [9.75, 0, 10.25, 0.5], "texture": "#0"},
				"east": {"uv": [6.25, 0, 9.75, 0.5], "texture": "#0"},
				"south": {"uv": [5.75, 0, 6.25, 0.5], "texture": "#0"},
				"west": {"uv": [6.25, 0, 9.75, 0.5], "texture": "#0"},
				"up": {"uv": [6, 5, 7, 6], "texture": "#0"},
				"down": {"uv": [5.75, 6.25, 6.25, 9.75], "texture": "#0"}
			}
		},
		{
			"from": [5.75, 15.5, 5.75],
			"to": [10.25, 16, 6.25],
			"rotation": {"angle": 0, "axis": "y", "origin": [15, 21, 13.75]},
			"faces": {
				"north": {"uv": [5.75, 0, 10.25, 0.5], "texture": "#0"},
				"east": {"uv": [9.75, 0, 10.25, 0.5], "texture": "#0"},
				"south": {"uv": [5.75, 0, 10.25, 0.5], "texture": "#0"},
				"west": {"uv": [5.75, 0, 6.25, 0.5], "texture": "#0"},
				"up": {"uv": [6, 5, 7, 6], "texture": "#0"},
				"down": {"uv": [5.75, 9.75, 10.25, 10.25], "texture": "#0"}
			}
		},
		{
			"from": [5.75, 15, 5],
			"to": [10.25, 16, 5.75],
			"rotation": {"angle": 0, "axis": "y", "origin": [15, 21, 13]},
			"faces": {
				"north": {"uv": [5.75, 0, 10.25, 1], "texture": "#0"},
				"east": {"uv": [10.25, 0, 11, 1], "texture": "#0"},
				"south": {"uv": [5.75, 0, 10.25, 1], "texture": "#0"},
				"west": {"uv": [5, 0, 5.75, 1], "texture": "#0"},
				"up": {"uv": [6, 2, 7, 3], "rotation": 90, "texture": "#0"},
				"down": {"uv": [5.75, 10.25, 10.25, 11], "texture": "#0"}
			}
		},
		{
			"from": [5.75, 13, 5],
			"to": [7, 15, 5.75],
			"rotation": {"angle": 0, "axis": "y", "origin": [15, 20, -2.5]},
			"faces": {
				"north": {"uv": [9, 1, 10.25, 3], "texture": "#0"},
				"east": {"uv": [10.25, 1, 11, 3], "texture": "#0"},
				"south": {"uv": [5.75, 1, 7, 3], "texture": "#0"},
				"west": {"uv": [5, 1, 5.75, 3], "texture": "#0"},
				"up": {"uv": [5.75, 5, 7, 5.75], "texture": "#0"},
				"down": {"uv": [5.75, 10.25, 7, 11], "texture": "#0"}
			}
		},
		{
			"from": [7, 13.25, 5],
			"to": [9.25, 14, 5.75],
			"rotation": {"angle": 0, "axis": "y", "origin": [15, 19, 13]},
			"faces": {
				"north": {"uv": [6.75, 2, 9, 2.75], "texture": "#0"},
				"east": {"uv": [10.25, 2, 11, 2.75], "texture": "#0"},
				"south": {"uv": [7, 2, 9.25, 2.75], "texture": "#0"},
				"west": {"uv": [5, 2, 5.75, 2.75], "texture": "#0"},
				"up": {"uv": [7, 5, 9.25, 5.75], "texture": "#0"},
				"down": {"uv": [7, 10.25, 9.25, 11], "texture": "#0"}
			}
		},
		{
			"from": [5.75, 15, 10.25],
			"to": [10.25, 16, 11],
			"rotation": {"angle": 0, "axis": "y", "origin": [15, 21, 3]},
			"faces": {
				"north": {"uv": [5.75, 0, 10.25, 1], "texture": "#0"},
				"east": {"uv": [5, 0, 5.75, 1], "texture": "#0"},
				"south": {"uv": [5.75, 0, 10.25, 1], "texture": "#0"},
				"west": {"uv": [10.25, 0, 11, 1], "texture": "#0"},
				"up": {"uv": [6, 2, 7, 3], "rotation": 90, "texture": "#0"},
				"down": {"uv": [5.75, 5, 10.25, 5.75], "texture": "#0"}
			}
		},
		{
			"from": [7, 13.25, 10.25],
			"to": [9.25, 14, 11],
			"rotation": {"angle": 0, "axis": "y", "origin": [15, 19, 3]},
			"faces": {
				"north": {"uv": [6.75, 2, 9, 2.75], "texture": "#0"},
				"east": {"uv": [5, 2, 5.75, 2.75], "texture": "#0"},
				"south": {"uv": [7, 2, 9.25, 2.75], "texture": "#0"},
				"west": {"uv": [10.25, 2, 11, 2.75], "texture": "#0"},
				"up": {"uv": [7, 10.25, 9.25, 11], "texture": "#0"},
				"down": {"uv": [7, 5, 9.25, 5.75], "texture": "#0"}
			}
		},
		{
			"from": [9.25, 13, 10.25],
			"to": [10.25, 15, 11],
			"rotation": {"angle": 0, "axis": "y", "origin": [18.25, 20, 18.5]},
			"faces": {
				"north": {"uv": [5.75, 1, 6.75, 3], "texture": "#0"},
				"east": {"uv": [5, 1, 5.75, 3], "texture": "#0"},
				"south": {"uv": [9.25, 1, 10.25, 3], "texture": "#0"},
				"west": {"uv": [10.25, 1, 11, 3], "texture": "#0"},
				"up": {"uv": [9.25, 10.25, 10.25, 11], "texture": "#0"},
				"down": {"uv": [9.25, 5, 10.25, 5.75], "texture": "#0"}
			}
		},
		{
			"from": [5.75, 13, 10.25],
			"to": [7, 15, 11],
			"rotation": {"angle": 0, "axis": "y", "origin": [15, 20, 18.5]},
			"faces": {
				"north": {"uv": [9, 1, 10.25, 3], "texture": "#0"},
				"east": {"uv": [5, 1, 5.75, 3], "texture": "#0"},
				"south": {"uv": [5.75, 1, 7, 3], "texture": "#0"},
				"west": {"uv": [10.25, 1, 11, 3], "texture": "#0"},
				"up": {"uv": [5.75, 10.25, 7, 11], "texture": "#0"},
				"down": {"uv": [5.75, 5, 7, 5.75], "texture": "#0"}
			}
		},
		{
			"from": [5.75, 15.5, 9.75],
			"to": [10.25, 16, 10.25],
			"rotation": {"angle": 0, "axis": "y", "origin": [15, 21, 2.25]},
			"faces": {
				"north": {"uv": [5.75, 0, 10.25, 0.5], "texture": "#0"},
				"east": {"uv": [5.75, 0, 6.25, 0.5], "texture": "#0"},
				"south": {"uv": [5.75, 0, 10.25, 0.5], "texture": "#0"},
				"west": {"uv": [9.75, 0, 10.25, 0.5], "texture": "#0"},
				"up": {"uv": [6, 5, 7, 6], "texture": "#0"},
				"down": {"uv": [5.75, 5.75, 10.25, 6.25], "texture": "#0"}
			}
		},
		{
			"from": [9.25, 13, 5],
			"to": [10.25, 15, 5.75],
			"rotation": {"angle": 0, "axis": "y", "origin": [18.25, 20, -2.5]},
			"faces": {
				"north": {"uv": [5.75, 1, 6.75, 3], "texture": "#0"},
				"east": {"uv": [10.25, 1, 11, 3], "texture": "#0"},
				"south": {"uv": [9.25, 1, 10.25, 3], "texture": "#0"},
				"west": {"uv": [5, 1, 5.75, 3], "texture": "#0"},
				"up": {"uv": [9.25, 5, 10.25, 5.75], "texture": "#0"},
				"down": {"uv": [9.25, 10.25, 10.25, 11], "texture": "#0"}
			}
		},
		{
			"from": [7.25, 15, 7.25],
			"to": [8.75, 15.5, 8.75],
			"rotation": {"angle": 0, "axis": "y", "origin": [16.5, 20.5, 15.5]},
			"faces": {
				"north": {"uv": [9, 0, 11, 1], "texture": "#1"},
				"east": {"uv": [9, 0, 11, 1], "texture": "#1"},
				"south": {"uv": [9, 0, 11, 1], "texture": "#1"},
				"west": {"uv": [9, 0, 11, 1], "texture": "#1"},
				"up": {"uv": [9, 0, 11, 1], "texture": "#1"},
				"down": {"uv": [9, 0, 11, 1], "texture": "#1"}
			}
		},
		{
			"from": [8.5, 14, 7.75],
			"to": [9.5, 14.5, 8.25],
			"rotation": {"angle": 0, "axis": "y", "origin": [16.5, 19.5, 15.5]},
			"faces": {
				"north": {"uv": [9, 0, 10, 1], "texture": "#0"},
				"east": {"uv": [9, 0, 10, 1], "texture": "#0"},
				"south": {"uv": [9, 0, 10, 1], "texture": "#0"},
				"west": {"uv": [9, 0, 10, 1], "texture": "#0"},
				"up": {"uv": [9, 0, 10, 1], "texture": "#0"},
				"down": {"uv": [9, 0, 10, 1], "texture": "#0"}
			}
		},
		{
			"from": [7.5, 13, 7.5],
			"to": [8.5, 15, 8.5],
			"rotation": {"angle": 0, "axis": "y", "origin": [16.5, 20, 15.75]},
			"faces": {
				"north": {"uv": [9, 1, 10, 3], "texture": "#0"},
				"east": {"uv": [9, 1, 10, 3], "texture": "#0"},
				"south": {"uv": [9, 1, 10, 3], "texture": "#0"},
				"west": {"uv": [9, 1, 10, 3], "texture": "#0"},
				"up": {"uv": [9, 1, 10, 3], "texture": "#0"},
				"down": {"uv": [9, 1, 10, 3], "texture": "#0"}
			}
		}
	],
	"display": {
		"thirdperson_righthand": {
			"rotation": [75, 45, 0],
			"translation": [0, 2.5, 0],
			"scale": [0.375, 0.375, 0.375]
		},
		"thirdperson_lefthand": {
			"rotation": [75, 45, 0],
			"translation": [0, 2.5, 0],
			"scale": [0.375, 0.375, 0.375]
		},
		"firstperson_righthand": {
			"rotation": [0, 45, 0],
			"scale": [0.4, 0.4, 0.4]
		},
		"firstperson_lefthand": {
			"rotation": [0, 225, 0],
			"scale": [0.4, 0.4, 0.4]
		},
		"ground": {
			"translation": [0, 3, 0],
			"scale": [0.25, 0.25, 0.25]
		},
		"gui": {
			"rotation": [30, 225, 0],
			"scale": [0.7, 0.7, 0.7]
		},
		"fixed": {
			"rotation": [-90, 0, 0],
			"translation": [0, 0, -14],
			"scale": [2, 2, 2]
		}
	},
	"groups": [0, 1, 2, 3, 4, 5,
		{
			"name": "group",
			"origin": [18, 20, 18.5],
			"children": [6, 7, 8, 9, 10, 11, 12, 13, 14, 15]
		},
		{
			"name": "group",
			"origin": [18, 20, 18.5],
			"children": [16, 17, 18]
		}
	]
}