{
	"credit": "Yuushya",
	"texture_size": [64, 64],
	"textures": {
		"0": "yuushya:0extra_building_block/packages1",
		"particle": "yuushya:0extra_building_block/packages1"
	},
	"elements": [
		{
			"from": [-2.1, 0, -0.1],
			"to": [30.1, 16.02, 16.1],
			"rotation": {"angle": 0, "axis": "y", "origin": [6, 8, 8]},
			"faces": {
				"north": {"uv": [0.25, 0.25, 8.25, 4.25], "texture": "#0"},
				"east": {"uv": [8.75, 0.25, 12.75, 4.25], "texture": "#0"},
				"south": {"uv": [0.25, 0.25, 8.25, 4.25], "texture": "#0"},
				"west": {"uv": [12.75, 0.25, 8.75, 4.25], "texture": "#0"},
				"up": {"uv": [0.25, 4.75, 8.25, 8.75], "texture": "#0"},
				"down": {"uv": [0.25, 9.25, 8.25, 13.25], "texture": "#0"}
			}
		}
	],
	"display": {
		"thirdperson_righthand": {
			"rotation": [75, 45, 0],
			"translation": [0, 2.5, 0],
			"scale": [0.375, 0.375, 0.375]
		},
		"thirdperson_lefthand": {
			"rotation": [75, 45, 0],
			"translation": [0, 2.5, 0],
			"scale": [0.375, 0.375, 0.375]
		},
		"firstperson_righthand": {
			"rotation": [0, 45, 0],
			"scale": [0.4, 0.4, 0.4]
		},
		"firstperson_lefthand": {
			"rotation": [0, 225, 0],
			"scale": [0.4, 0.4, 0.4]
		},
		"ground": {
			"translation": [0, 3, 0],
			"scale": [0.25, 0.25, 0.25]
		},
		"gui": {
			"rotation": [30, 225, 0],
			"translation": [2.25, 0.5, 0],
			"scale": [0.5, 0.5, 0.5]
		},
		"fixed": {
			"rotation": [-90, 0, 0],
			"translation": [0, 0, -14],
			"scale": [2, 2, 2]
		}
	}
}