{
	"textures": {
		"0": "yuushya:0extra_building_block/wool/mixed_wool",
		"particle": "yuushya:0extra_building_block/wool/mixed_wool"
	},
	"elements": [
		{
			"from": [2, 0, 1],
			"to": [7, 1, 11],
			"rotation": {"angle": -22.5, "axis": "y", "origin": [4, 0, 5]},
			"faces": {
				"north": {"uv": [5, 0, 10, 1], "texture": "#0"},
				"east": {"uv": [6, 0, 16, 1], "texture": "#0"},
				"south": {"uv": [0, 0, 5, 1], "texture": "#0"},
				"west": {"uv": [6, 0, 16, 1], "texture": "#0"},
				"up": {"uv": [0, 0, 5, 10], "texture": "#0"},
				"down": {"uv": [0, 0, 5, 10], "texture": "#0"}
			}
		},
		{
			"from": [2, 2, 3],
			"to": [7, 2.5, 5],
			"rotation": {"angle": -22.5, "axis": "y", "origin": [4, 0, 5]},
			"faces": {
				"north": {"uv": [5, 0, 10, 0.5], "texture": "#0"},
				"east": {"uv": [4, 1, 6, 2], "texture": "#0"},
				"south": {"uv": [0, 0, 5, 0.5], "texture": "#0"},
				"west": {"uv": [0, 0, 2, 0.5], "texture": "#0"},
				"up": {"uv": [0, 0, 5, 2], "texture": "#0"},
				"down": {"uv": [0, 0, 5, 2], "texture": "#0"}
			}
		},
		{
			"from": [2, 1, 3],
			"to": [2.5, 2, 5],
			"rotation": {"angle": -22.5, "axis": "y", "origin": [4, 0, 5]},
			"faces": {
				"north": {"uv": [0, 0, 0.5, 1], "texture": "#0"},
				"east": {"uv": [0, 0, 2, 1], "texture": "#0"},
				"south": {"uv": [0, 0, 0.5, 1], "texture": "#0"},
				"west": {"uv": [0, 0, 2, 1], "texture": "#0"},
				"up": {"uv": [0, 0, 0.5, 2], "texture": "#0"},
				"down": {"uv": [0, 0, 0.5, 2], "texture": "#0"}
			}
		},
		{
			"from": [6.5, 1, 3],
			"to": [7, 2, 5],
			"rotation": {"angle": -22.5, "axis": "y", "origin": [4, 0, 5]},
			"faces": {
				"north": {"uv": [5, 0, 5.5, 1], "texture": "#0"},
				"east": {"uv": [4, 1, 6, 2], "texture": "#0"},
				"south": {"uv": [5, 0, 5.5, 1], "texture": "#0"},
				"west": {"uv": [0, 0, 2, 1], "texture": "#0"},
				"up": {"uv": [0, 0, 0.5, 2], "texture": "#0"},
				"down": {"uv": [0, 0, 0.5, 2], "texture": "#0"}
			}
		},
		{
			"from": [9, 0, 5],
			"to": [14, 1, 15],
			"rotation": {"angle": 22.5, "axis": "y", "origin": [12, 0, 9]},
			"faces": {
				"north": {"uv": [4, 0, 9, 1], "texture": "#0"},
				"east": {"uv": [6, 0, 16, 1], "texture": "#0"},
				"south": {"uv": [1, 0, 6, 1], "texture": "#0"},
				"west": {"uv": [6, 0, 16, 1], "texture": "#0"},
				"up": {"uv": [1, 0, 6, 10], "texture": "#0"},
				"down": {"uv": [0, 0, 5, 10], "texture": "#0"}
			}
		},
		{
			"from": [13.5, 1, 7],
			"to": [14, 2, 9],
			"rotation": {"angle": 22.5, "axis": "y", "origin": [12, 0, 9]},
			"faces": {
				"north": {"uv": [4, 0, 4.5, 1], "texture": "#0"},
				"east": {"uv": [4, 1, 6, 2], "texture": "#0"},
				"south": {"uv": [4, 0, 4.5, 1], "texture": "#0"},
				"west": {"uv": [4, 0, 6, 1], "texture": "#0"},
				"up": {"uv": [0, 0, 0.5, 2], "texture": "#0"},
				"down": {"uv": [0, 0, 0.5, 2], "texture": "#0"}
			}
		},
		{
			"from": [9, 1, 7],
			"to": [9.5, 2, 9],
			"rotation": {"angle": 22.5, "axis": "y", "origin": [12, 0, 9]},
			"faces": {
				"north": {"uv": [0, 0, 0.5, 1], "texture": "#0"},
				"east": {"uv": [0, 0, 2, 1], "texture": "#0"},
				"south": {"uv": [0, 0, 0.5, 1], "texture": "#0"},
				"west": {"uv": [0, 0, 2, 1], "texture": "#0"},
				"up": {"uv": [0, 0, 0.5, 2], "texture": "#0"},
				"down": {"uv": [0, 0, 0.5, 2], "texture": "#0"}
			}
		},
		{
			"from": [9, 2, 7],
			"to": [14, 2.5, 9],
			"rotation": {"angle": 22.5, "axis": "y", "origin": [12, 0, 9]},
			"faces": {
				"north": {"uv": [4, 0, 9, 0.5], "texture": "#0"},
				"east": {"uv": [4, 1, 6, 2], "texture": "#0"},
				"south": {"uv": [1, 0, 6, 0.5], "texture": "#0"},
				"west": {"uv": [0, 0, 2, 0.5], "texture": "#0"},
				"up": {"uv": [1, 0, 6, 2], "texture": "#0"},
				"down": {"uv": [0, 0, 5, 2], "texture": "#0"}
			}
		}
	],
	"display": {
		"thirdperson_righthand": {
			"rotation": [75, 45, 0],
			"translation": [0, 2.5, 0],
			"scale": [0.375, 0.375, 0.375]
		},
		"thirdperson_lefthand": {
			"rotation": [75, 45, 0],
			"translation": [0, 2.5, 0],
			"scale": [0.375, 0.375, 0.375]
		},
		"firstperson_righthand": {
			"rotation": [0, 45, 0],
			"scale": [0.4, 0.4, 0.4]
		},
		"firstperson_lefthand": {
			"rotation": [0, 225, 0],
			"scale": [0.4, 0.4, 0.4]
		},
		"ground": {
			"translation": [0, 3, 0],
			"scale": [0.25, 0.25, 0.25]
		},
		"gui": {
			"rotation": [30, 45, 0],
			"translation": [-0.5, 2, 0],
			"scale": [0.8, 0.8, 0.8]
		},
		"fixed": {
			"rotation": [-90, 0, 0],
			"translation": [0, 0, -14],
			"scale": [2, 2, 2]
		}
	}
}