{
	"textures": {
		"0": "yuushya:0extra_building_material/preview/drink/cola",
		"1": "yuushya:0extra_building_material/preview/mip",
		"2": "yuushya:0extra_building_material/preview/drink/fanta",
		"particle": "yuushya:0extra_building_material/preview/drink/cola"
	},
	"elements": [
		{
			"from": [4, 0, 6],
			"to": [8, 3, 10],
			"rotation": {"angle": -45, "axis": "y", "origin": [8, 8, 8]},
			"faces": {
				"north": {"uv": [0, 7, 4, 10], "texture": "#2"},
				"east": {"uv": [0, 7, 4, 10], "texture": "#2"},
				"south": {"uv": [0, 7, 4, 10], "texture": "#2"},
				"west": {"uv": [0, 7, 4, 10], "texture": "#2"},
				"up": {"uv": [0, 7, 1, 8], "texture": "#2"},
				"down": {"uv": [0, 7, 1, 8], "texture": "#2"}
			}
		},
		{
			"from": [4.2, 3, 6.2],
			"to": [7.8, 6, 9.8],
			"rotation": {"angle": -45, "axis": "y", "origin": [8, 8, 8]},
			"faces": {
				"north": {"uv": [0, 4, 4, 7], "texture": "#2"},
				"east": {"uv": [0, 4, 4, 7], "texture": "#2"},
				"south": {"uv": [0, 4, 4, 7], "texture": "#2"},
				"west": {"uv": [0, 4, 4, 7], "texture": "#2"},
				"up": {"uv": [0, 7, 1, 8], "texture": "#2"},
				"down": {"uv": [0, 7, 1, 8], "texture": "#2"}
			}
		},
		{
			"from": [4, 6, 6],
			"to": [8, 10, 10],
			"rotation": {"angle": -45, "axis": "y", "origin": [8, 8, 8]},
			"faces": {
				"north": {"uv": [0, 0, 4, 4], "texture": "#2"},
				"east": {"uv": [0, 0, 4, 4], "texture": "#2"},
				"south": {"uv": [0, 0, 4, 4], "texture": "#2"},
				"west": {"uv": [0, 0, 4, 4], "texture": "#2"},
				"up": {"uv": [0, 0, 4, 1], "texture": "#2"},
				"down": {"uv": [0, 0, 4, 4], "texture": "#2"}
			}
		},
		{
			"from": [4.5, 11, 6.5],
			"to": [7.5, 12, 9.5],
			"rotation": {"angle": -45, "axis": "y", "origin": [8, 8, 8]},
			"faces": {
				"north": {"uv": [0, 0, 4, 1], "texture": "#1"},
				"east": {"uv": [0, 0, 4, 1], "texture": "#1"},
				"south": {"uv": [0, 0, 4, 1], "texture": "#1"},
				"west": {"uv": [0, 0, 4, 1], "texture": "#1"},
				"up": {"uv": [0, 0, 4, 4], "texture": "#1"},
				"down": {"uv": [12, 12, 16, 16], "texture": "#1"}
			}
		},
		{
			"from": [4.5, 10, 6.5],
			"to": [7.5, 11, 9.5],
			"rotation": {"angle": -45, "axis": "y", "origin": [8, 8, 8]},
			"faces": {
				"north": {"uv": [0, 4, 3, 5], "texture": "#2"},
				"east": {"uv": [0, 4, 3, 5], "texture": "#2"},
				"south": {"uv": [0, 4, 3, 5], "texture": "#2"},
				"west": {"uv": [0, 4, 3, 5], "texture": "#2"},
				"up": {"uv": [0, 0, 1, 1], "texture": "#2"},
				"down": {"uv": [0, 0, 1, 1], "texture": "#2"}
			}
		},
		{
			"from": [5, 12, 7],
			"to": [7, 13, 9],
			"rotation": {"angle": -45, "axis": "y", "origin": [8, 8, 8]},
			"faces": {
				"north": {"uv": [14, 1, 16, 2], "texture": "#2"},
				"east": {"uv": [14, 1, 16, 2], "texture": "#2"},
				"south": {"uv": [14, 1, 16, 2], "texture": "#2"},
				"west": {"uv": [14, 1, 16, 2], "texture": "#2"},
				"up": {"uv": [14, 0, 16, 2], "texture": "#2"},
				"down": {"uv": [14, 1, 16, 2], "texture": "#2"}
			}
		},
		{
			"from": [11, 0, 2],
			"to": [15, 3, 6],
			"rotation": {"angle": 0, "axis": "y", "origin": [8, 8, 8]},
			"faces": {
				"north": {"uv": [0, 7, 4, 10], "texture": "#0"},
				"east": {"uv": [0, 7, 4, 10], "texture": "#0"},
				"south": {"uv": [0, 7, 4, 10], "texture": "#0"},
				"west": {"uv": [0, 7, 4, 10], "texture": "#0"},
				"up": {"uv": [0, 7, 1, 8], "texture": "#0"},
				"down": {"uv": [0, 7, 1, 8], "texture": "#0"}
			}
		},
		{
			"from": [11.2, 3, 2.2],
			"to": [14.8, 6, 5.8],
			"rotation": {"angle": 0, "axis": "y", "origin": [8, 8, 8]},
			"faces": {
				"north": {"uv": [0, 4, 4, 7], "texture": "#0"},
				"east": {"uv": [0, 4, 4, 7], "texture": "#0"},
				"south": {"uv": [0, 4, 4, 7], "texture": "#0"},
				"west": {"uv": [0, 4, 4, 7], "texture": "#0"},
				"up": {"uv": [0, 7, 1, 8], "texture": "#0"},
				"down": {"uv": [0, 7, 1, 8], "texture": "#0"}
			}
		},
		{
			"from": [11, 6, 2],
			"to": [15, 10, 6],
			"rotation": {"angle": 0, "axis": "y", "origin": [8, 8, 8]},
			"faces": {
				"north": {"uv": [0, 0, 4, 4], "texture": "#0"},
				"east": {"uv": [0, 0, 4, 4], "texture": "#0"},
				"south": {"uv": [0, 0, 4, 4], "texture": "#0"},
				"west": {"uv": [0, 0, 4, 4], "texture": "#0"},
				"up": {"uv": [0, 0, 4, 1], "texture": "#0"},
				"down": {"uv": [0, 0, 4, 4], "texture": "#0"}
			}
		},
		{
			"from": [11.5, 11, 2.5],
			"to": [14.5, 12, 5.5],
			"rotation": {"angle": 0, "axis": "y", "origin": [8, 8, 8]},
			"faces": {
				"north": {"uv": [0, 0, 4, 1], "texture": "#1"},
				"east": {"uv": [0, 0, 4, 1], "texture": "#1"},
				"south": {"uv": [0, 0, 4, 1], "texture": "#1"},
				"west": {"uv": [0, 0, 4, 1], "texture": "#1"},
				"up": {"uv": [0, 0, 4, 4], "texture": "#1"},
				"down": {"uv": [12, 12, 16, 16], "texture": "#0"}
			}
		},
		{
			"from": [11.5, 10, 2.5],
			"to": [14.5, 11, 5.5],
			"rotation": {"angle": 0, "axis": "y", "origin": [8, 8, 8]},
			"faces": {
				"north": {"uv": [0, 4, 3, 5], "texture": "#0"},
				"east": {"uv": [0, 4, 3, 5], "texture": "#0"},
				"south": {"uv": [0, 4, 3, 5], "texture": "#0"},
				"west": {"uv": [0, 4, 3, 5], "texture": "#0"},
				"up": {"uv": [0, 0, 1, 1], "texture": "#0"},
				"down": {"uv": [0, 0, 1, 1], "texture": "#0"}
			}
		},
		{
			"from": [12, 12, 3],
			"to": [14, 13, 5],
			"rotation": {"angle": 0, "axis": "y", "origin": [8, 8, 8]},
			"faces": {
				"north": {"uv": [14, 1, 16, 2], "texture": "#0"},
				"east": {"uv": [14, 1, 16, 2], "texture": "#0"},
				"south": {"uv": [14, 1, 16, 2], "texture": "#0"},
				"west": {"uv": [14, 1, 16, 2], "texture": "#0"},
				"up": {"uv": [14, 0, 16, 2], "texture": "#0"},
				"down": {"uv": [14, 1, 16, 2], "texture": "#0"}
			}
		}
	],
	"display": {
		"thirdperson_righthand": {
			"rotation": [75, 45, 0],
			"translation": [0, 2.5, 0],
			"scale": [0.375, 0.375, 0.375]
		},
		"thirdperson_lefthand": {
			"rotation": [75, 45, 0],
			"translation": [0, 2.5, 0],
			"scale": [0.375, 0.375, 0.375]
		},
		"firstperson_righthand": {
			"rotation": [0, 45, 0],
			"scale": [0.4, 0.4, 0.4]
		},
		"firstperson_lefthand": {
			"rotation": [0, 225, 0],
			"scale": [0.4, 0.4, 0.4]
		},
		"ground": {
			"translation": [0, 3, 0],
			"scale": [0.25, 0.25, 0.25]
		},
		"gui": {
			"rotation": [30, 30, 0],
			"translation": [-0.5, 0.25, 0],
			"scale": [0.8, 0.8, 0.8]
		},
		"fixed": {
			"rotation": [-90, 0, 0],
			"translation": [0, 0, -14],
			"scale": [2, 2, 2]
		}
	}
}