{
	"textures": {
		"0": "block/acacia_planks2",
		"1": "yuushya:0extra_building_block/stripped_jungle_wood",
		"2": "yuushya:0extra_building_material/preview/beef",
		"3": "yuushya:0extra_building_material/preview/egg",
		"4": "yuushya:block/the_flower_pot",
		"5": "yuushya:block/azure_bluet_potted_",
		"particle": "block/acacia_planks2"
	},
	"elements": [
		{
			"from": [0, 0, 0],
			"to": [16, 1, 16],
			"faces": {
				"north": {"uv": [0, 0, 16, 1], "texture": "#0"},
				"east": {"uv": [0, 0, 16, 1], "texture": "#0"},
				"south": {"uv": [0, 0, 16, 1], "texture": "#0"},
				"west": {"uv": [0, 0, 16, 1], "texture": "#0"},
				"up": {"uv": [0, 0, 16, 16], "rotation": 270, "texture": "#0"},
				"down": {"uv": [0, 0, 16, 16], "rotation": 90, "texture": "#0"}
			}
		},
		{
			"from": [0.7, 1, 0],
			"to": [2.7, 2, 16],
			"rotation": {"angle": 0, "axis": "y", "origin": [0.7, 1, 0]},
			"faces": {
				"north": {"uv": [1, 14, 3, 15], "texture": "#1"},
				"east": {"uv": [0, 14, 16, 15], "texture": "#1"},
				"south": {"uv": [1, 14, 3, 15], "texture": "#1"},
				"west": {"uv": [0, 14, 16, 15], "texture": "#1"},
				"up": {"uv": [0, 1, 16, 3], "rotation": 270, "texture": "#1"},
				"down": {"uv": [0, 13.3, 16, 15.3], "rotation": 90, "texture": "#1"}
			}
		},
		{
			"from": [5.7, 1, 0],
			"to": [7.7, 2, 16],
			"rotation": {"angle": 0, "axis": "y", "origin": [5.7, 1, 0]},
			"faces": {
				"north": {"uv": [1, 14, 3, 15], "texture": "#1"},
				"east": {"uv": [0, 14, 16, 15], "texture": "#1"},
				"south": {"uv": [1, 14, 3, 15], "texture": "#1"},
				"west": {"uv": [0, 14, 16, 15], "texture": "#1"},
				"up": {"uv": [0, 5, 16, 7], "rotation": 270, "texture": "#1"},
				"down": {"uv": [0, 8.3, 16, 10.3], "rotation": 90, "texture": "#1"}
			}
		},
		{
			"from": [10.7, 1, 0],
			"to": [12.7, 2, 16],
			"rotation": {"angle": 0, "axis": "y", "origin": [10.7, 1, 0]},
			"faces": {
				"north": {"uv": [1, 14, 3, 15], "texture": "#1"},
				"east": {"uv": [0, 14, 16, 15], "texture": "#1"},
				"south": {"uv": [1, 14, 3, 15], "texture": "#1"},
				"west": {"uv": [0, 14, 16, 15], "texture": "#1"},
				"up": {"uv": [0, 11, 16, 13], "rotation": 270, "texture": "#1"},
				"down": {"uv": [0, 3.3, 16, 5.3], "rotation": 90, "texture": "#1"}
			}
		},
		{
			"from": [3.2, 1, 0],
			"to": [5.2, 2, 16],
			"rotation": {"angle": 0, "axis": "y", "origin": [3.2, 1, 0]},
			"faces": {
				"north": {"uv": [1, 14, 3, 15], "texture": "#1"},
				"east": {"uv": [0, 14, 16, 15], "texture": "#1"},
				"south": {"uv": [1, 14, 3, 15], "texture": "#1"},
				"west": {"uv": [0, 14, 16, 15], "texture": "#1"},
				"up": {"uv": [0, 4, 16, 6], "rotation": 270, "texture": "#1"},
				"down": {"uv": [0, 10.8, 16, 12.8], "rotation": 90, "texture": "#1"}
			}
		},
		{
			"from": [8.2, 1, 0],
			"to": [10.2, 2, 16],
			"rotation": {"angle": 0, "axis": "y", "origin": [8.2, 1, 0]},
			"faces": {
				"north": {"uv": [1, 14, 3, 15], "texture": "#1"},
				"east": {"uv": [0, 14, 16, 15], "texture": "#1"},
				"south": {"uv": [1, 14, 3, 15], "texture": "#1"},
				"west": {"uv": [0, 14, 16, 15], "texture": "#1"},
				"up": {"uv": [0, 9, 16, 11], "rotation": 270, "texture": "#1"},
				"down": {"uv": [0, 5.8, 16, 7.8], "rotation": 90, "texture": "#1"}
			}
		},
		{
			"from": [13.2, 1, 0],
			"to": [15.2, 2, 16],
			"rotation": {"angle": 0, "axis": "y", "origin": [13.2, 1, 0]},
			"faces": {
				"north": {"uv": [1, 14, 3, 15], "texture": "#1"},
				"east": {"uv": [0, 14, 16, 15], "texture": "#1"},
				"south": {"uv": [1, 14, 3, 15], "texture": "#1"},
				"west": {"uv": [0, 14, 16, 15], "texture": "#1"},
				"up": {"uv": [0, 13, 16, 15], "rotation": 270, "texture": "#1"},
				"down": {"uv": [0, 0.8, 16, 2.8], "rotation": 90, "texture": "#1"}
			}
		},
		{
			"name": "beef_0",
			"from": [6.2, 2, 0],
			"to": [11.2, 3, 9],
			"faces": {
				"north": {"uv": [13, 0, 8, 1], "texture": "#2"},
				"east": {"uv": [12, 0, 13, 9], "rotation": 90, "texture": "#2"},
				"south": {"uv": [8, 8, 13, 9], "texture": "#2"},
				"west": {"uv": [8, 0, 9, 9], "rotation": 270, "texture": "#2"},
				"up": {"uv": [8, 0, 13, 9], "texture": "#2"},
				"down": {"uv": [8, 9, 13, 0], "texture": "#2"}
			}
		},
		{
			"name": "beef_1",
			"from": [3.2, 2, 1],
			"to": [6.2, 3, 9],
			"faces": {
				"north": {"uv": [8, 1, 5, 2], "texture": "#2"},
				"east": {"uv": [7, 1, 8, 9], "rotation": 90, "texture": "#2"},
				"south": {"uv": [5, 8, 8, 9], "texture": "#2"},
				"west": {"uv": [5, 1, 6, 9], "rotation": 270, "texture": "#2"},
				"up": {"uv": [5, 1, 8, 9], "texture": "#2"},
				"down": {"uv": [5, 9, 8, 1], "texture": "#2"}
			}
		},
		{
			"name": "beef_2",
			"from": [11.2, 2, 1],
			"to": [12.2, 3, 9],
			"faces": {
				"north": {"uv": [14, 1, 13, 2], "texture": "#2"},
				"east": {"uv": [13, 1, 14, 9], "rotation": 90, "texture": "#2"},
				"south": {"uv": [13, 8, 14, 9], "texture": "#2"},
				"west": {"uv": [13, 1, 14, 9], "rotation": 270, "texture": "#2"},
				"up": {"uv": [13, 1, 14, 9], "texture": "#2"},
				"down": {"uv": [13, 9, 14, 1], "texture": "#2"}
			}
		},
		{
			"name": "beef_3",
			"from": [2.2, 2, 2],
			"to": [3.2, 3, 9],
			"faces": {
				"north": {"uv": [5, 2, 4, 3], "texture": "#2"},
				"east": {"uv": [4, 2, 5, 9], "rotation": 90, "texture": "#2"},
				"south": {"uv": [4, 8, 5, 9], "texture": "#2"},
				"west": {"uv": [4, 2, 5, 9], "rotation": 270, "texture": "#2"},
				"up": {"uv": [4, 2, 5, 9], "texture": "#2"},
				"down": {"uv": [4, 9, 5, 2], "texture": "#2"}
			}
		},
		{
			"name": "beef_4",
			"from": [12.2, 2, 2],
			"to": [13.2, 3, 8],
			"faces": {
				"north": {"uv": [15, 2, 14, 3], "texture": "#2"},
				"east": {"uv": [14, 2, 15, 8], "rotation": 90, "texture": "#2"},
				"south": {"uv": [14, 7, 15, 8], "texture": "#2"},
				"west": {"uv": [14, 2, 15, 8], "rotation": 270, "texture": "#2"},
				"up": {"uv": [14, 2, 15, 8], "texture": "#2"},
				"down": {"uv": [14, 8, 15, 2], "texture": "#2"}
			}
		},
		{
			"name": "beef_5",
			"from": [1.2, 2, 3],
			"to": [2.2, 3, 8],
			"faces": {
				"north": {"uv": [4, 3, 3, 4], "texture": "#2"},
				"east": {"uv": [3, 3, 4, 8], "rotation": 90, "texture": "#2"},
				"south": {"uv": [3, 7, 4, 8], "texture": "#2"},
				"west": {"uv": [3, 3, 4, 8], "rotation": 270, "texture": "#2"},
				"up": {"uv": [3, 3, 4, 8], "texture": "#2"},
				"down": {"uv": [3, 8, 4, 3], "texture": "#2"}
			}
		},
		{
			"name": "beef_6",
			"from": [13.2, 2, 4],
			"to": [14.2, 3, 7],
			"faces": {
				"north": {"uv": [16, 4, 15, 5], "texture": "#2"},
				"east": {"uv": [15, 4, 16, 7], "rotation": 90, "texture": "#2"},
				"south": {"uv": [15, 6, 16, 7], "texture": "#2"},
				"west": {"uv": [15, 4, 16, 7], "rotation": 270, "texture": "#2"},
				"up": {"uv": [15, 4, 16, 7], "texture": "#2"},
				"down": {"uv": [15, 7, 16, 4], "texture": "#2"}
			}
		},
		{
			"name": "egg_0",
			"from": [9.2, 2, 11],
			"to": [14.2, 2.5, 15],
			"faces": {
				"north": {"uv": [2, 4, 7, 5], "texture": "#3"},
				"east": {"uv": [2, 1, 3, 5], "rotation": 270, "texture": "#3"},
				"south": {"uv": [7, 1, 2, 2], "texture": "#3"},
				"west": {"uv": [6, 1, 7, 5], "rotation": 90, "texture": "#3"},
				"up": {"uv": [2, 1, 7, 5], "rotation": 180, "texture": "#3"},
				"down": {"uv": [2, 5, 7, 1], "rotation": 180, "texture": "#3"}
			}
		},
		{
			"name": "egg_1",
			"from": [14.2, 2, 11],
			"to": [15.2, 2.5, 14],
			"faces": {
				"north": {"uv": [1, 4, 2, 5], "texture": "#3"},
				"east": {"uv": [1, 2, 2, 5], "rotation": 270, "texture": "#3"},
				"south": {"uv": [2, 2, 1, 3], "texture": "#3"},
				"west": {"uv": [1, 2, 2, 5], "rotation": 90, "texture": "#3"},
				"up": {"uv": [1, 2, 2, 5], "rotation": 180, "texture": "#3"},
				"down": {"uv": [1, 5, 2, 2], "rotation": 180, "texture": "#3"}
			}
		},
		{
			"name": "egg_2",
			"from": [10.2, 2, 10],
			"to": [14.2, 2.5, 11],
			"faces": {
				"north": {"uv": [2, 5, 6, 6], "texture": "#3"},
				"east": {"uv": [2, 5, 3, 6], "rotation": 270, "texture": "#3"},
				"south": {"uv": [6, 5, 2, 6], "texture": "#3"},
				"west": {"uv": [5, 5, 6, 6], "rotation": 90, "texture": "#3"},
				"up": {"uv": [2, 5, 6, 6], "rotation": 180, "texture": "#3"},
				"down": {"uv": [2, 6, 6, 5], "rotation": 180, "texture": "#3"}
			}
		},
		{
			"from": [11.2, 2, 12],
			"to": [13.2, 3, 14],
			"faces": {
				"north": {"uv": [3, 3, 5, 4], "texture": "#3"},
				"east": {"uv": [3, 3, 5, 4], "texture": "#3"},
				"south": {"uv": [3, 2, 5, 3], "texture": "#3"},
				"west": {"uv": [5, 3, 3, 4], "texture": "#3"},
				"up": {"uv": [3, 2, 5, 4], "rotation": 180, "texture": "#3"},
				"down": {"uv": [0, 0, 2, 2], "rotation": 180, "texture": "#3"}
			}
		},
		{
			"from": [2, 2, 13],
			"to": [4, 4, 15],
			"rotation": {"angle": 0, "axis": "y", "origin": [10, 9, 13]},
			"faces": {
				"north": {"uv": [2, 13, 4, 15], "texture": "#4"},
				"east": {"uv": [2, 13, 4, 15], "texture": "#4"},
				"south": {"uv": [2, 13, 4, 15], "texture": "#4"},
				"west": {"uv": [2, 13, 4, 15], "texture": "#4"},
				"up": {"uv": [2, 13, 4, 15], "texture": "#4"},
				"down": {"uv": [2, 13, 4, 15], "texture": "#4"}
			}
		},
		{
			"from": [5, 2, 11],
			"to": [7, 4, 13],
			"rotation": {"angle": 0, "axis": "y", "origin": [11, 9, 10]},
			"faces": {
				"north": {"uv": [2, 13, 4, 15], "texture": "#4"},
				"east": {"uv": [2, 13, 4, 15], "texture": "#4"},
				"south": {"uv": [2, 13, 4, 15], "texture": "#4"},
				"west": {"uv": [2, 13, 4, 15], "texture": "#4"},
				"up": {"uv": [2, 13, 4, 15], "texture": "#4"},
				"down": {"uv": [2, 13, 4, 15], "texture": "#4"}
			}
		},
		{
			"from": [2, 2, 9],
			"to": [4, 4, 11],
			"rotation": {"angle": 0, "axis": "y", "origin": [11, 9, 10]},
			"faces": {
				"north": {"uv": [8, 8, 10, 10], "texture": "#5"},
				"east": {"uv": [8, 8, 10, 10], "texture": "#5"},
				"south": {"uv": [8, 8, 10, 10], "texture": "#5"},
				"west": {"uv": [8, 8, 10, 10], "texture": "#5"},
				"up": {"uv": [6, 9, 8, 11], "texture": "#5"},
				"down": {"uv": [8, 8, 10, 10], "texture": "#5"}
			}
		},
		{
			"from": [4, 2, 12],
			"to": [8, 2, 16],
			"rotation": {"angle": 22.5, "axis": "z", "origin": [4, 2, 14]},
			"faces": {
				"north": {"uv": [0, 0, 4, 0], "texture": "#missing"},
				"east": {"uv": [0, 0, 4, 0], "texture": "#missing"},
				"south": {"uv": [0, 0, 4, 0], "texture": "#missing"},
				"west": {"uv": [0, 0, 4, 0], "texture": "#missing"},
				"up": {"uv": [5, 0, 9, 4], "texture": "#5"},
				"down": {"uv": [0, 0, 4, 4], "texture": "#missing"}
			}
		},
		{
			"from": [0, 2, 12],
			"to": [4, 2, 16],
			"rotation": {"angle": -22.5, "axis": "z", "origin": [4, 2, 14]},
			"faces": {
				"north": {"uv": [0, 0, 4, 0], "texture": "#missing"},
				"east": {"uv": [0, 0, 4, 0], "texture": "#missing"},
				"south": {"uv": [0, 0, 4, 0], "texture": "#missing"},
				"west": {"uv": [0, 0, 4, 0], "texture": "#missing"},
				"up": {"uv": [10, 1, 14, 5], "rotation": 180, "texture": "#5"},
				"down": {"uv": [0, 0, 4, 4], "rotation": 180, "texture": "#missing"}
			}
		},
		{
			"from": [2, 2, 10],
			"to": [6, 2, 14],
			"rotation": {"angle": 22.5, "axis": "x", "origin": [4, 2, 14]},
			"faces": {
				"north": {"uv": [0, 0, 4, 0], "texture": "#missing"},
				"east": {"uv": [0, 0, 4, 0], "texture": "#missing"},
				"south": {"uv": [0, 0, 4, 0], "texture": "#missing"},
				"west": {"uv": [0, 0, 4, 0], "texture": "#missing"},
				"up": {"uv": [0, 2, 4, 6], "rotation": 270, "texture": "#5"},
				"down": {"uv": [0, 0, 4, 4], "rotation": 90, "texture": "#missing"}
			}
		}
	],
	"display": {
		"thirdperson_righthand": {
			"rotation": [75, 45, 0],
			"translation": [0, 2.5, 0],
			"scale": [0.375, 0.375, 0.375]
		},
		"thirdperson_lefthand": {
			"rotation": [75, 45, 0],
			"translation": [0, 2.5, 0],
			"scale": [0.375, 0.375, 0.375]
		},
		"firstperson_righthand": {
			"rotation": [0, 45, 0],
			"scale": [0.4, 0.4, 0.4]
		},
		"firstperson_lefthand": {
			"rotation": [0, 225, 0],
			"scale": [0.4, 0.4, 0.4]
		},
		"ground": {
			"translation": [0, 3, 0],
			"scale": [0.25, 0.25, 0.25]
		},
		"gui": {
			"rotation": [30, 45, 0],
			"translation": [0, 1, 0],
			"scale": [0.7, 0.7, 0.7]
		},
		"fixed": {
			"rotation": [-90, 0, 0],
			"translation": [0, 0, -14],
			"scale": [2, 2, 2]
		}
	},
	"groups": [0, 1, 2, 3, 4, 5, 6,
		{
			"name": "beef",
			"origin": [8, 8, 8],
			"children": [7, 8, 9, 10, 11, 12, 13]
		},
		{
			"name": "egg",
			"origin": [8, 8, 8],
			"children": [14, 15, 16, 17]
		}, 18, 19, 20, 21, 22, 23]
}