{
	"textures": {
		"0": "yuushya:block/book1",
		"1": "yuushya:block/book2",
		"2": "yuushya:block/book3",
		"3": "yuushya:block/book4",
		"particle": "yuushya:block/book1"
	},
	"elements": [
		{
			"from": [2.5, -5, 1],
			"to": [5.5, 5, 8],
			"rotation": {"angle": -45, "axis": "z", "origin": [8.5, 4, 8]},
			"faces": {
				"north": {"uv": [4, 5, 7, 15], "texture": "#0"},
				"east": {"uv": [16, 0, 9, 10], "rotation": 180, "texture": "#0"},
				"south": {"uv": [0, 0, 3, 10], "rotation": 180, "texture": "#0"},
				"west": {"uv": [9, 0, 16, 10], "rotation": 180, "texture": "#0"},
				"up": {"uv": [4, 0, 7, 7], "rotation": 180, "texture": "#0"},
				"down": {"uv": [4, 0, 7, 7], "texture": "#0"}
			}
		},
		{
			"from": [10, 0, 1],
			"to": [13, 10, 8],
			"rotation": {"angle": 0, "axis": "z", "origin": [15, 7, 5]},
			"faces": {
				"north": {"uv": [4, 5, 7, 15], "texture": "#2"},
				"east": {"uv": [16, 0, 9, 10], "rotation": 180, "texture": "#2"},
				"south": {"uv": [0, 0, 3, 10], "rotation": 180, "texture": "#2"},
				"west": {"uv": [9, 0, 16, 10], "rotation": 180, "texture": "#2"},
				"up": {"uv": [4, 0, 7, 7], "rotation": 180, "texture": "#2"},
				"down": {"uv": [4, 0, 7, 7], "texture": "#2"}
			}
		},
		{
			"from": [13, 0, 0],
			"to": [16, 10, 7],
			"rotation": {"angle": 0, "axis": "y", "origin": [19, 8, 0]},
			"faces": {
				"north": {"uv": [4, 5, 7, 15], "texture": "#1"},
				"east": {"uv": [16, 0, 9, 10], "rotation": 180, "texture": "#1"},
				"south": {"uv": [0, 0, 3, 10], "rotation": 180, "texture": "#1"},
				"west": {"uv": [9, 0, 16, 10], "rotation": 180, "texture": "#1"},
				"up": {"uv": [4, 0, 7, 7], "rotation": 180, "texture": "#1"},
				"down": {"uv": [4, 0, 7, 7], "texture": "#1"}
			}
		},
		{
			"from": [7, 0, 0],
			"to": [10, 10, 7],
			"rotation": {"angle": 0, "axis": "y", "origin": [7, 10, 15]},
			"faces": {
				"north": {"uv": [4, 5, 7, 15], "texture": "#3"},
				"east": {"uv": [16, 0, 9, 10], "rotation": 180, "texture": "#3"},
				"south": {"uv": [0, 0, 3, 10], "rotation": 180, "texture": "#3"},
				"west": {"uv": [9, 0, 16, 10], "rotation": 180, "texture": "#3"},
				"up": {"uv": [4, 0, 7, 7], "rotation": 180, "texture": "#3"},
				"down": {"uv": [4, 0, 7, 7], "texture": "#3"}
			}
		}
	],
	"display": {
		"thirdperson_righthand": {
			"rotation": [75, 45, 0],
			"translation": [0, 2.5, 0],
			"scale": [0.375, 0.375, 0.375]
		},
		"thirdperson_lefthand": {
			"rotation": [75, 45, 0],
			"translation": [0, 2.5, 0],
			"scale": [0.375, 0.375, 0.375]
		},
		"firstperson_righthand": {
			"rotation": [0, 45, 0],
			"scale": [0.4, 0.4, 0.4]
		},
		"firstperson_lefthand": {
			"rotation": [0, 225, 0],
			"scale": [0.4, 0.4, 0.4]
		},
		"ground": {
			"translation": [0, 3, 0],
			"scale": [0.25, 0.25, 0.25]
		},
		"gui": {
			"rotation": [30, 45, 0],
			"translation": [2.5, 1, 0],
			"scale": [0.8, 0.8, 0.8]
		},
		"fixed": {
			"rotation": [-90, 0, 0],
			"translation": [0, 0, -14],
			"scale": [2, 2, 2]
		}
	},
	"groups": [
		{
			"name": "sample_book",
			"origin": [8, 8, 8],
			"children": [0, 1, 2, 3]
		}
	]
}