{
	"textures": {
		"0": "yuushya:0extra_building_block/concrete/red_concrete_",
		"1": "yuushya:0extra_building_block/rope_material",
		"2": "yuushya:0extra_building_block/concrete/black_concrete_",
		"particle": "yuushya:0extra_building_block/concrete/red_concrete_"
	},
	"elements": [
		{
			"from": [2, 3, 4.8],
			"to": [3, 4, 8.8],
			"rotation": {"angle": -22.5, "axis": "y", "origin": [8, 7, 7]},
			"faces": {
				"north": {"uv": [0, 0, 1, 1], "rotation": 180, "texture": "#0"},
				"east": {"uv": [0, 0, 4, 1], "rotation": 180, "texture": "#0"},
				"south": {"uv": [0, 0, 1, 1], "rotation": 180, "texture": "#0"},
				"west": {"uv": [0, 0, 4, 1], "rotation": 180, "texture": "#0"},
				"up": {"uv": [0, 0, 1, 4], "texture": "#0"},
				"down": {"uv": [0, 0, 1, 4], "texture": "#0"}
			}
		},
		{
			"from": [2, 2, 4.8],
			"to": [3, 3, 8.8],
			"rotation": {"angle": -22.5, "axis": "y", "origin": [8, 7, 7]},
			"faces": {
				"north": {"uv": [0, 0, 1, 1], "rotation": 180, "texture": "#2"},
				"east": {"uv": [0, 0, 4, 1], "rotation": 180, "texture": "#2"},
				"south": {"uv": [0, 0, 1, 1], "rotation": 180, "texture": "#2"},
				"west": {"uv": [0, 0, 4, 1], "rotation": 180, "texture": "#2"},
				"up": {"uv": [0, 0, 1, 4], "texture": "#2"},
				"down": {"uv": [0, 0, 1, 4], "texture": "#2"}
			}
		},
		{
			"from": [3, 3, 2.8],
			"to": [4, 4, 10.8],
			"rotation": {"angle": -22.5, "axis": "y", "origin": [8, 7, 7]},
			"faces": {
				"north": {"uv": [0, 0, 1, 1], "rotation": 180, "texture": "#0"},
				"east": {"uv": [0, 0, 8, 1], "rotation": 180, "texture": "#0"},
				"south": {"uv": [0, 0, 1, 1], "rotation": 180, "texture": "#0"},
				"west": {"uv": [0, 0, 8, 1], "rotation": 180, "texture": "#0"},
				"up": {"uv": [0, 0, 1, 8], "texture": "#0"},
				"down": {"uv": [0, 0, 1, 8], "texture": "#0"}
			}
		},
		{
			"from": [3, 2, 2.8],
			"to": [4, 3, 10.8],
			"rotation": {"angle": -22.5, "axis": "y", "origin": [8, 7, 7]},
			"faces": {
				"north": {"uv": [0, 0, 1, 1], "rotation": 180, "texture": "#2"},
				"east": {"uv": [0, 0, 8, 1], "rotation": 180, "texture": "#2"},
				"south": {"uv": [0, 0, 1, 1], "rotation": 180, "texture": "#2"},
				"west": {"uv": [0, 0, 8, 1], "rotation": 180, "texture": "#2"},
				"up": {"uv": [0, 0, 1, 8], "texture": "#2"},
				"down": {"uv": [0, 0, 1, 8], "texture": "#2"}
			}
		},
		{
			"from": [12, 2.5, 2.8],
			"to": [13, 3.5, 10.8],
			"rotation": {"angle": -22.5, "axis": "y", "origin": [8, 7, 7]},
			"faces": {
				"north": {"uv": [0, 0, 1, 1], "rotation": 180, "texture": "#1"},
				"east": {"uv": [0, 0, 8, 1], "rotation": 180, "texture": "#1"},
				"south": {"uv": [0, 0, 1, 1], "rotation": 180, "texture": "#1"},
				"west": {"uv": [0, 0, 8, 1], "rotation": 180, "texture": "#1"},
				"up": {"uv": [0, 0, 8, 1], "rotation": 90, "texture": "#1"},
				"down": {"uv": [0, 0, 1, 8], "texture": "#1"}
			}
		},
		{
			"from": [4, 3, 1.8],
			"to": [12, 4, 11.8],
			"rotation": {"angle": -22.5, "axis": "y", "origin": [8, 7, 7]},
			"faces": {
				"north": {"uv": [0, 0, 8, 1], "rotation": 180, "texture": "#0"},
				"east": {"uv": [0, 0, 10, 1], "rotation": 180, "texture": "#0"},
				"south": {"uv": [0, 0, 8, 1], "rotation": 180, "texture": "#0"},
				"west": {"uv": [0, 0, 10, 1], "rotation": 180, "texture": "#0"},
				"up": {"uv": [0, 0, 8, 10], "texture": "#0"},
				"down": {"uv": [0, 0, 8, 10], "texture": "#0"}
			}
		},
		{
			"from": [4, 2, 1.8],
			"to": [12, 3, 11.8],
			"rotation": {"angle": -22.5, "axis": "y", "origin": [8, 7, 7]},
			"faces": {
				"north": {"uv": [0, 0, 8, 1], "rotation": 180, "texture": "#2"},
				"east": {"uv": [0, 0, 10, 1], "rotation": 180, "texture": "#2"},
				"south": {"uv": [0, 0, 8, 1], "rotation": 180, "texture": "#2"},
				"west": {"uv": [0, 0, 10, 1], "rotation": 180, "texture": "#2"},
				"up": {"uv": [0, 0, 8, 10], "texture": "#2"},
				"down": {"uv": [0, 0, 8, 10], "texture": "#2"}
			}
		},
		{
			"from": [13, 2.5, 5.8],
			"to": [18, 3.5, 7.8],
			"rotation": {"angle": -22.5, "axis": "y", "origin": [8, 7, 7]},
			"faces": {
				"north": {"uv": [0, 0, 5, 1], "rotation": 180, "texture": "#1"},
				"east": {"uv": [0, 0, 2, 1], "rotation": 180, "texture": "#1"},
				"south": {"uv": [0, 0, 5, 1], "rotation": 180, "texture": "#1"},
				"west": {"uv": [0, 0, 2, 1], "rotation": 180, "texture": "#1"},
				"up": {"uv": [0, 0, 5, 2], "texture": "#1"},
				"down": {"uv": [0, 0, 5, 2], "texture": "#1"}
			}
		},
		{
			"from": [1, 1, 4],
			"to": [11, 2, 12],
			"rotation": {"angle": -22.5, "axis": "y", "origin": [6, 1, 7]},
			"faces": {
				"north": {"uv": [0, 0, 10, 1], "texture": "#2"},
				"east": {"uv": [0, 0, 8, 1], "texture": "#2"},
				"south": {"uv": [0, 0, 10, 1], "texture": "#2"},
				"west": {"uv": [0, 0, 8, 1], "texture": "#2"},
				"up": {"uv": [0, 0, 8, 10], "rotation": 90, "texture": "#2"},
				"down": {"uv": [0, 0, 8, 10], "rotation": 270, "texture": "#2"}
			}
		},
		{
			"from": [5, 0.5, 13],
			"to": [7, 1.5, 18],
			"rotation": {"angle": -22.5, "axis": "y", "origin": [6, 1, 7]},
			"faces": {
				"north": {"uv": [0, 0, 2, 1], "texture": "#1"},
				"east": {"uv": [0, 0, 5, 1], "texture": "#1"},
				"south": {"uv": [0, 0, 2, 1], "texture": "#1"},
				"west": {"uv": [0, 0, 5, 1], "texture": "#1"},
				"up": {"uv": [0, 2, 5, 0], "rotation": 90, "texture": "#1"},
				"down": {"uv": [0, 0, 5, 2], "rotation": 270, "texture": "#1"}
			}
		},
		{
			"from": [2, 0.5, 12],
			"to": [10, 1.5, 13],
			"rotation": {"angle": -22.5, "axis": "y", "origin": [6, 1, 7]},
			"faces": {
				"north": {"uv": [0, 0, 8, 1], "texture": "#1"},
				"east": {"uv": [0, 0, 1, 1], "texture": "#1"},
				"south": {"uv": [0, 0, 8, 1], "texture": "#1"},
				"west": {"uv": [0, 0, 1, 1], "texture": "#1"},
				"up": {"uv": [0, 0, 8, 1], "texture": "#1"},
				"down": {"uv": [0, 0, 8, 1], "texture": "#1"}
			}
		},
		{
			"from": [1, 0, 4],
			"to": [11, 1, 12],
			"rotation": {"angle": -22.5, "axis": "y", "origin": [6, 1, 7]},
			"faces": {
				"north": {"uv": [0, 0, 10, 1], "texture": "#0"},
				"east": {"uv": [0, 0, 8, 1], "texture": "#0"},
				"south": {"uv": [0, 0, 10, 1], "texture": "#0"},
				"west": {"uv": [0, 0, 8, 1], "texture": "#0"},
				"up": {"uv": [0, 0, 8, 10], "rotation": 90, "texture": "#0"},
				"down": {"uv": [0, 0, 8, 10], "rotation": 270, "texture": "#0"}
			}
		},
		{
			"from": [2, 1, 3],
			"to": [10, 2, 4],
			"rotation": {"angle": -22.5, "axis": "y", "origin": [6, 1, 7]},
			"faces": {
				"north": {"uv": [0, 0, 8, 1], "texture": "#2"},
				"east": {"uv": [0, 0, 1, 1], "texture": "#2"},
				"south": {"uv": [0, 0, 8, 1], "texture": "#2"},
				"west": {"uv": [0, 0, 1, 1], "texture": "#2"},
				"up": {"uv": [0, 0, 1, 8], "rotation": 90, "texture": "#2"},
				"down": {"uv": [0, 0, 1, 8], "rotation": 270, "texture": "#2"}
			}
		},
		{
			"from": [4, 1, 2],
			"to": [8, 2, 3],
			"rotation": {"angle": -22.5, "axis": "y", "origin": [6, 1, 7]},
			"faces": {
				"north": {"uv": [0, 0, 4, 1], "texture": "#2"},
				"east": {"uv": [0, 0, 1, 1], "texture": "#2"},
				"south": {"uv": [0, 0, 4, 1], "texture": "#2"},
				"west": {"uv": [0, 0, 1, 1], "texture": "#2"},
				"up": {"uv": [0, 0, 1, 4], "rotation": 90, "texture": "#2"},
				"down": {"uv": [0, 0, 1, 4], "rotation": 270, "texture": "#2"}
			}
		},
		{
			"from": [4, 0, 2],
			"to": [8, 1, 3],
			"rotation": {"angle": -22.5, "axis": "y", "origin": [6, 1, 7]},
			"faces": {
				"north": {"uv": [0, 0, 4, 1], "texture": "#0"},
				"east": {"uv": [0, 0, 1, 1], "texture": "#0"},
				"south": {"uv": [0, 0, 4, 1], "texture": "#0"},
				"west": {"uv": [0, 0, 1, 1], "texture": "#0"},
				"up": {"uv": [0, 0, 1, 4], "rotation": 90, "texture": "#0"},
				"down": {"uv": [0, 0, 1, 4], "rotation": 270, "texture": "#0"}
			}
		},
		{
			"from": [2, 0, 3],
			"to": [10, 1, 4],
			"rotation": {"angle": -22.5, "axis": "y", "origin": [6, 1, 7]},
			"faces": {
				"north": {"uv": [0, 0, 8, 1], "texture": "#0"},
				"east": {"uv": [0, 0, 1, 1], "texture": "#0"},
				"south": {"uv": [0, 0, 8, 1], "texture": "#0"},
				"west": {"uv": [0, 0, 1, 1], "texture": "#0"},
				"up": {"uv": [0, 0, 1, 8], "rotation": 90, "texture": "#0"},
				"down": {"uv": [0, 0, 1, 8], "rotation": 270, "texture": "#0"}
			}
		}
	],
	"display": {
		"thirdperson_righthand": {
			"rotation": [75, 45, 0],
			"translation": [0, 2.5, 0],
			"scale": [0.375, 0.375, 0.375]
		},
		"thirdperson_lefthand": {
			"rotation": [75, 45, 0],
			"translation": [0, 2.5, 0],
			"scale": [0.375, 0.375, 0.375]
		},
		"firstperson_righthand": {
			"rotation": [0, 45, 0],
			"scale": [0.4, 0.4, 0.4]
		},
		"firstperson_lefthand": {
			"rotation": [0, 225, 0],
			"scale": [0.4, 0.4, 0.4]
		},
		"ground": {
			"translation": [0, 3, 0],
			"scale": [0.25, 0.25, 0.25]
		},
		"gui": {
			"rotation": [30, -120, -15],
			"translation": [-1, 2.25, 0]
		},
		"fixed": {
			"rotation": [-90, 0, 0],
			"translation": [0, 0, -14],
			"scale": [2, 2, 2]
		}
	}
}