{
	"credit": "Yuushya",
	"textures": {
		"0": "yuushya:0extra_building_material/preview/bin_",
		"1": "yuushya:block/white",
		"2": "yuushya:block/acacia_door",
		"particle": "yuushya:0extra_building_material/preview/bin_"
	},
	"elements": [
		{
			"from": [1, 0, 0],
			"to": [15, 14, 1],
			"faces": {
				"north": {"uv": [1, 2, 15, 16], "texture": "#0"},
				"east": {"uv": [15, 2, 16, 16], "texture": "#0"},
				"south": {"uv": [1, 2, 15, 16], "texture": "#2"},
				"west": {"uv": [0, 2, 1, 16], "texture": "#0"},
				"up": {"uv": [1, 0, 15, 1], "texture": "#0"},
				"down": {"uv": [1, 15, 15, 16], "texture": "#0"}
			}
		},
		{
			"from": [2.5, 0, 1],
			"to": [13.5, 1, 11],
			"rotation": {"angle": 0, "axis": "y", "origin": [8.5, 8, 9]},
			"faces": {
				"north": {"uv": [2.5, 15, 13.5, 16], "texture": "#0"},
				"east": {"uv": [5, 15, 15, 16], "texture": "#0"},
				"south": {"uv": [2.5, 15, 13.5, 16], "texture": "#0"},
				"west": {"uv": [1, 15, 11, 16], "texture": "#0"},
				"up": {"uv": [2.5, 1, 12.5, 12], "rotation": 90, "texture": "#2"},
				"down": {"uv": [2.5, 5, 13.5, 15], "texture": "#0"}
			}
		},
		{
			"from": [2.5, 1, 9.5],
			"to": [13.5, 8, 10.5],
			"rotation": {"angle": 0, "axis": "y", "origin": [8.5, 9, 6.5]},
			"faces": {
				"north": {"uv": [2.5, 8, 13.5, 15], "texture": "#0"},
				"east": {"uv": [5.5, 8, 6.5, 15], "texture": "#0"},
				"south": {"uv": [3, 0, 14, 7], "texture": "#0"},
				"west": {"uv": [9.5, 8, 10.5, 15], "texture": "#0"},
				"up": {"uv": [2.5, 9.5, 13.5, 10.5], "texture": "#0"},
				"down": {"uv": [2.5, 5.5, 13.5, 6.5], "texture": "#0"}
			}
		},
		{
			"from": [2.5, 13, 9.5],
			"to": [13.5, 14, 10.5],
			"rotation": {"angle": 0, "axis": "y", "origin": [8.5, 15, 6.5]},
			"faces": {
				"north": {"uv": [2.5, 2, 13.5, 3], "texture": "#0"},
				"east": {"uv": [5.5, 2, 6.5, 3], "texture": "#0"},
				"south": {"uv": [5, 1, 16, 2], "texture": "#0"},
				"west": {"uv": [9.5, 2, 10.5, 3], "texture": "#0"},
				"up": {"uv": [2.5, 9.5, 13.5, 10.5], "texture": "#0"},
				"down": {"uv": [2.5, 5.5, 13.5, 6.5], "texture": "#0"}
			}
		},
		{
			"from": [3.5, 9.75, 8.25],
			"to": [12.5, 13.75, 8.75],
			"rotation": {"angle": 45, "axis": "x", "origin": [8, 11.75, 8.5]},
			"faces": {
				"north": {"uv": [3.5, 2.25, 12.5, 6.25], "texture": "#0"},
				"east": {"uv": [7.25, 2.25, 7.75, 6.25], "texture": "#0"},
				"south": {"uv": [4, 2, 8, 11], "rotation": 90, "texture": "#2"},
				"west": {"uv": [8.25, 2.25, 8.75, 6.25], "texture": "#0"},
				"up": {"uv": [3.5, 8.25, 12.5, 8.75], "texture": "#0"},
				"down": {"uv": [3.5, 7.25, 12.5, 7.75], "texture": "#0"}
			}
		},
		{
			"from": [2.5, 8, 9.5],
			"to": [3.5, 13, 10.5],
			"rotation": {"angle": 0, "axis": "y", "origin": [8.5, 14, 6.5]},
			"faces": {
				"north": {"uv": [12.5, 3, 13.5, 8], "texture": "#0"},
				"east": {"uv": [5.5, 3, 6.5, 8], "texture": "#2"},
				"south": {"uv": [2, 3, 3, 8], "texture": "#0"},
				"west": {"uv": [9.5, 3, 10.5, 8], "texture": "#0"},
				"up": {"uv": [2.5, 9.5, 3.5, 10.5], "texture": "#0"},
				"down": {"uv": [2.5, 5.5, 3.5, 6.5], "texture": "#0"}
			}
		},
		{
			"from": [12.5, 8, 9.5],
			"to": [13.5, 13, 10.5],
			"rotation": {"angle": 0, "axis": "y", "origin": [18.5, 14, 6.5]},
			"faces": {
				"north": {"uv": [2.5, 3, 3.5, 8], "texture": "#0"},
				"east": {"uv": [5.5, 3, 6.5, 8], "texture": "#0"},
				"south": {"uv": [13, 3, 14, 8], "texture": "#0"},
				"west": {"uv": [9.5, 3, 10.5, 8], "texture": "#2"},
				"up": {"uv": [12.5, 9.5, 13.5, 10.5], "texture": "#0"},
				"down": {"uv": [12.5, 5.5, 13.5, 6.5], "texture": "#0"}
			}
		},
		{
			"from": [3.5, 7.75, 9.3875],
			"to": [12.5, 8.75, 10.3875],
			"rotation": {"angle": -22.5, "axis": "x", "origin": [8, 8.25, 9.8875]},
			"faces": {
				"north": {"uv": [3.5, 7.25, 12.5, 8.25], "texture": "#0"},
				"east": {"uv": [5.6125, 7.25, 6.6125, 8.25], "texture": "#0"},
				"south": {"uv": [3, 7, 12, 8], "texture": "#0"},
				"west": {"uv": [9.3875, 7.25, 10.3875, 8.25], "texture": "#0"},
				"up": {"uv": [3.5, 9.3875, 12.5, 10.3875], "texture": "#0"},
				"down": {"uv": [3.5, 5.6125, 12.5, 6.6125], "texture": "#0"}
			}
		},
		{
			"from": [1, 14, 0],
			"to": [15, 15, 11.5],
			"rotation": {"angle": 0, "axis": "y", "origin": [9, 22, 9]},
			"faces": {
				"north": {"uv": [1, 0, 15, 1], "texture": "#0"},
				"east": {"uv": [2, 0, 13.5, 1], "texture": "#0"},
				"south": {"uv": [1, 0, 15, 1], "texture": "#0"},
				"west": {"uv": [2, 0, 13, 1], "texture": "#0"},
				"up": {"uv": [1, 0, 15, 11.5], "rotation": 180, "texture": "#0"},
				"down": {"uv": [1, 4.5, 15, 16], "texture": "#0"}
			}
		},
		{
			"from": [13.5, 0, 1],
			"to": [14.5, 14, 11],
			"rotation": {"angle": 0, "axis": "y", "origin": [19.5, 8, 9]},
			"faces": {
				"north": {"uv": [1.5, 2, 2.5, 16], "texture": "#0"},
				"east": {"uv": [0, 1, 10, 15], "texture": "#0"},
				"south": {"uv": [14, 1, 15, 15], "texture": "#0"},
				"west": {"uv": [1, 2, 11, 16], "texture": "#2"},
				"up": {"uv": [13.5, 1, 14.5, 11], "texture": "#0"},
				"down": {"uv": [13.5, 5, 14.5, 15], "texture": "#0"}
			}
		},
		{
			"from": [1.5, 0, 1],
			"to": [2.5, 14, 11],
			"rotation": {"angle": 0, "axis": "y", "origin": [7.5, 8, 9]},
			"faces": {
				"north": {"uv": [13.5, 2, 14.5, 16], "texture": "#0"},
				"east": {"uv": [5, 2, 15, 16], "texture": "#2"},
				"south": {"uv": [1, 1, 2, 15], "texture": "#0"},
				"west": {"uv": [6, 1, 16, 15], "texture": "#0"},
				"up": {"uv": [1.5, 1, 2.5, 11], "texture": "#0"},
				"down": {"uv": [1.5, 5, 2.5, 15], "texture": "#0"}
			}
		},
		{
			"from": [4, 9, 7],
			"to": [12, 9, 14],
			"rotation": {"angle": 22.5, "axis": "x", "origin": [8, 9, 10.5]},
			"faces": {
				"north": {"uv": [4, 7, 12, 7], "texture": "#1"},
				"east": {"uv": [2, 7, 9, 7], "texture": "#1"},
				"south": {"uv": [4, 7, 12, 7], "texture": "#1"},
				"west": {"uv": [7, 7, 14, 7], "texture": "#1"},
				"up": {"uv": [4, 7, 12, 14], "texture": "#1"},
				"down": {"uv": [4, 2, 12, 9], "texture": "#1"}
			}
		},
		{
			"from": [4, 9.25, 7.25],
			"to": [12, 9.25, 13.25],
			"rotation": {"angle": 22.5, "axis": "x", "origin": [8, 9.25, 10.75]},
			"faces": {
				"north": {"uv": [4, 6.75, 12, 6.75], "texture": "#1"},
				"east": {"uv": [2.75, 6.75, 8.75, 6.75], "texture": "#1"},
				"south": {"uv": [4, 6.75, 12, 6.75], "texture": "#1"},
				"west": {"uv": [7.25, 6.75, 13.25, 6.75], "texture": "#1"},
				"up": {"uv": [4, 7.25, 12, 13.25], "texture": "#1"},
				"down": {"uv": [4, 2.75, 12, 8.75], "texture": "#1"}
			}
		},
		{
			"from": [4, 10.25, 8],
			"to": [12, 10.25, 15],
			"rotation": {"angle": 0, "axis": "x", "origin": [8, 10.25, 11.5]},
			"faces": {
				"north": {"uv": [4, 5.75, 12, 5.75], "texture": "#1"},
				"east": {"uv": [1, 5.75, 8, 5.75], "texture": "#1"},
				"south": {"uv": [4, 5.75, 12, 5.75], "texture": "#1"},
				"west": {"uv": [8, 5.75, 15, 5.75], "texture": "#1"},
				"up": {"uv": [4, 8, 12, 15], "texture": "#1"},
				"down": {"uv": [4, 1, 12, 8], "texture": "#1"}
			}
		},
		{
			"from": [4, 10.75, 10.5],
			"to": [12, 10.75, 14.5],
			"rotation": {"angle": 0, "axis": "x", "origin": [8, 10.75, 14]},
			"faces": {
				"north": {"uv": [4, 5.25, 12, 5.25], "texture": "#1"},
				"east": {"uv": [1.5, 5.25, 5.5, 5.25], "texture": "#1"},
				"south": {"uv": [4, 5.25, 12, 5.25], "texture": "#1"},
				"west": {"uv": [10.5, 5.25, 14.5, 5.25], "texture": "#1"},
				"up": {"uv": [4, 10.5, 12, 14.5], "texture": "#1"},
				"down": {"uv": [4, 1.5, 12, 5.5], "texture": "#1"}
			}
		},
		{
			"from": [4, 11.25, 7],
			"to": [12, 11.25, 14],
			"rotation": {"angle": -22.5, "axis": "x", "origin": [8, 11.25, 10.5]},
			"faces": {
				"north": {"uv": [4, 4.75, 12, 4.75], "texture": "#1"},
				"east": {"uv": [2, 4.75, 9, 4.75], "texture": "#1"},
				"south": {"uv": [4, 4.75, 12, 4.75], "texture": "#1"},
				"west": {"uv": [7, 4.75, 14, 4.75], "texture": "#1"},
				"up": {"uv": [4, 7, 12, 14], "texture": "#1"},
				"down": {"uv": [4, 2, 12, 9], "texture": "#1"}
			}
		},
		{
			"from": [4, 11.25, 8],
			"to": [12, 11.25, 15],
			"rotation": {"angle": -22.5, "axis": "x", "origin": [8, 11.25, 11.5]},
			"faces": {
				"north": {"uv": [4, 4.75, 12, 4.75], "texture": "#1"},
				"east": {"uv": [1, 4.75, 8, 4.75], "texture": "#1"},
				"south": {"uv": [4, 4.75, 12, 4.75], "texture": "#1"},
				"west": {"uv": [8, 4.75, 15, 4.75], "texture": "#1"},
				"up": {"uv": [4, 8, 12, 15], "texture": "#1"},
				"down": {"uv": [4, 1, 12, 8], "texture": "#1"}
			}
		},
		{
			"from": [4, 6.5, 9.5],
			"to": [12, 6.5, 13.5],
			"rotation": {"angle": 45, "axis": "x", "origin": [8, 6.5, 13]},
			"faces": {
				"north": {"uv": [4, 9.5, 12, 9.5], "texture": "#1"},
				"east": {"uv": [2.5, 9.5, 6.5, 9.5], "texture": "#1"},
				"south": {"uv": [4, 9.5, 12, 9.5], "texture": "#1"},
				"west": {"uv": [9.5, 9.5, 13.5, 9.5], "texture": "#1"},
				"up": {"uv": [4, 9.5, 12, 13.5], "texture": "#1"},
				"down": {"uv": [4, 2.5, 12, 6.5], "texture": "#1"}
			}
		}
	],
	"display": {
		"thirdperson_righthand": {
			"rotation": [75, 45, 0],
			"translation": [0, 2.5, 0],
			"scale": [0.375, 0.375, 0.375]
		},
		"thirdperson_lefthand": {
			"rotation": [75, 45, 0],
			"translation": [0, 2.5, 0],
			"scale": [0.375, 0.375, 0.375]
		},
		"firstperson_righthand": {
			"rotation": [0, 45, 0],
			"scale": [0.4, 0.4, 0.4]
		},
		"firstperson_lefthand": {
			"rotation": [0, 225, 0],
			"scale": [0.4, 0.4, 0.4]
		},
		"ground": {
			"translation": [0, 3, 0],
			"scale": [0.25, 0.25, 0.25]
		},
		"gui": {
			"rotation": [30, 45, 0],
			"translation": [1.75, -0.25, 0],
			"scale": [0.7, 0.7, 0.7]
		},
		"fixed": {
			"rotation": [0, -180, 0],
			"translation": [0, 0, -14],
			"scale": [2, 2, 2]
		}
	}
}