{
	"textures": {
		"1": "yuushya:block/black_wool",
		"particle": "yuushya:block/black_wool",
		"spyglass": "yuushya:0extra_building_material/preview/binoculars"
	},
	"elements": [
		{
			"from": [2, 1, 4.5],
			"to": [4, 3, 7.5],
			"rotation": {"angle": 45, "axis": "y", "origin": [0, 0, 0]},
			"faces": {
				"north": {"uv": [10, 1, 12, 2], "rotation": 180, "texture": "#spyglass"},
				"east": {"uv": [10, 0, 12, 3], "rotation": 90, "texture": "#spyglass"},
				"south": {"uv": [11, 1, 12, 2], "texture": "#spyglass"},
				"west": {"uv": [10, 0, 12, 3], "rotation": 270, "texture": "#spyglass"},
				"up": {"uv": [10, 0, 12, 3], "texture": "#spyglass"},
				"down": {"uv": [10, 0, 12, 3], "rotation": 180, "texture": "#spyglass"}
			}
		},
		{
			"from": [-3, 1, 4.5],
			"to": [-1, 3, 7.5],
			"rotation": {"angle": 45, "axis": "y", "origin": [0, 0, 0]},
			"faces": {
				"north": {"uv": [10, 1, 12, 2], "rotation": 180, "texture": "#spyglass"},
				"east": {"uv": [10, 0, 12, 3], "rotation": 90, "texture": "#spyglass"},
				"south": {"uv": [11, 1, 12, 2], "texture": "#spyglass"},
				"west": {"uv": [10, 0, 12, 3], "rotation": 270, "texture": "#spyglass"},
				"up": {"uv": [10, 0, 12, 3], "texture": "#spyglass"},
				"down": {"uv": [10, 0, 12, 3], "rotation": 180, "texture": "#spyglass"}
			}
		},
		{
			"from": [1.5, 0.5, 7.5],
			"to": [4.5, 3.5, 15.5],
			"rotation": {"angle": 45, "axis": "y", "origin": [0, 0, 0]},
			"faces": {
				"north": {"uv": [10, 3, 13, 6], "rotation": 180, "texture": "#spyglass"},
				"east": {"uv": [10, 3, 13, 11], "rotation": 90, "texture": "#spyglass"},
				"south": {"uv": [5, 7, 8, 10], "texture": "#spyglass"},
				"west": {"uv": [10, 3, 13, 11], "rotation": 270, "texture": "#spyglass"},
				"up": {"uv": [10, 3, 13, 11], "texture": "#spyglass"},
				"down": {"uv": [10, 3, 13, 11], "rotation": 180, "texture": "#spyglass"}
			}
		},
		{
			"from": [-3.5, 0.5, 7.5],
			"to": [-0.5, 3.5, 15.5],
			"rotation": {"angle": 45, "axis": "y", "origin": [0, 0, 0]},
			"faces": {
				"north": {"uv": [10, 3, 13, 6], "rotation": 180, "texture": "#spyglass"},
				"east": {"uv": [10, 3, 13, 11], "rotation": 90, "texture": "#spyglass"},
				"south": {"uv": [5, 7, 8, 10], "texture": "#spyglass"},
				"west": {"uv": [10, 3, 13, 11], "rotation": 270, "texture": "#spyglass"},
				"up": {"uv": [10, 3, 13, 11], "texture": "#spyglass"},
				"down": {"uv": [10, 3, 13, 11], "rotation": 180, "texture": "#spyglass"}
			}
		},
		{
			"from": [1, 3, 15],
			"to": [5, 4, 17],
			"rotation": {"angle": 45, "axis": "y", "origin": [0, 0, 0]},
			"faces": {
				"north": {"uv": [10, 11, 14, 12], "rotation": 180, "texture": "#spyglass"},
				"east": {"uv": [10, 11, 11, 13], "rotation": 90, "texture": "#spyglass"},
				"south": {"uv": [10, 12, 14, 13], "rotation": 180, "texture": "#spyglass"},
				"west": {"uv": [13, 11, 14, 13], "rotation": 270, "texture": "#spyglass"},
				"up": {"uv": [10, 11, 14, 13], "texture": "#spyglass"},
				"down": {"uv": [10, 11, 14, 13], "rotation": 180, "texture": "#spyglass"}
			}
		},
		{
			"from": [-4, 3, 15],
			"to": [0, 4, 17],
			"rotation": {"angle": 45, "axis": "y", "origin": [0, 0, 0]},
			"faces": {
				"north": {"uv": [10, 11, 14, 12], "rotation": 180, "texture": "#spyglass"},
				"east": {"uv": [10, 11, 11, 13], "rotation": 90, "texture": "#spyglass"},
				"south": {"uv": [10, 12, 14, 13], "rotation": 180, "texture": "#spyglass"},
				"west": {"uv": [13, 11, 14, 13], "rotation": 270, "texture": "#spyglass"},
				"up": {"uv": [10, 11, 14, 13], "texture": "#spyglass"},
				"down": {"uv": [10, 11, 14, 13], "rotation": 180, "texture": "#spyglass"}
			}
		},
		{
			"from": [1, 0, 15],
			"to": [5, 1, 17],
			"rotation": {"angle": 45, "axis": "y", "origin": [0, 0, 0]},
			"faces": {
				"north": {"uv": [10, 11, 14, 12], "rotation": 180, "texture": "#spyglass"},
				"east": {"uv": [13, 11, 14, 13], "rotation": 90, "texture": "#spyglass"},
				"south": {"uv": [10, 12, 14, 13], "texture": "#spyglass"},
				"west": {"uv": [10, 11, 11, 13], "rotation": 270, "texture": "#spyglass"},
				"up": {"uv": [10, 11, 14, 13], "texture": "#spyglass"},
				"down": {"uv": [10, 11, 14, 13], "rotation": 180, "texture": "#spyglass"}
			}
		},
		{
			"from": [-4, 0, 15],
			"to": [0, 1, 17],
			"rotation": {"angle": 45, "axis": "y", "origin": [0, 0, 0]},
			"faces": {
				"north": {"uv": [10, 11, 14, 12], "rotation": 180, "texture": "#spyglass"},
				"east": {"uv": [13, 11, 14, 13], "rotation": 90, "texture": "#spyglass"},
				"south": {"uv": [10, 12, 14, 13], "texture": "#spyglass"},
				"west": {"uv": [10, 11, 11, 13], "rotation": 270, "texture": "#spyglass"},
				"up": {"uv": [10, 11, 14, 13], "texture": "#spyglass"},
				"down": {"uv": [10, 11, 14, 13], "rotation": 180, "texture": "#spyglass"}
			}
		},
		{
			"from": [1, 1, 15],
			"to": [2, 3, 17],
			"rotation": {"angle": 45, "axis": "y", "origin": [0, 0, 0]},
			"faces": {
				"north": {"uv": [11, 11, 13, 12], "rotation": 270, "texture": "#spyglass"},
				"east": {"uv": [11, 11, 13, 13], "rotation": 90, "texture": "#spyglass"},
				"south": {"uv": [13, 12, 11, 13], "rotation": 90, "texture": "#spyglass"},
				"west": {"uv": [11, 11, 13, 13], "rotation": 270, "texture": "#spyglass"},
				"up": {"uv": [0, 0, 1, 2], "texture": "#missing"},
				"down": {"uv": [0, 0, 1, 2], "rotation": 180, "texture": "#missing"}
			}
		},
		{
			"from": [-4, 1, 15],
			"to": [-3, 3, 17],
			"rotation": {"angle": 45, "axis": "y", "origin": [0, 0, 0]},
			"faces": {
				"north": {"uv": [11, 11, 13, 12], "rotation": 270, "texture": "#spyglass"},
				"east": {"uv": [11, 11, 13, 13], "rotation": 90, "texture": "#spyglass"},
				"south": {"uv": [13, 12, 11, 13], "rotation": 90, "texture": "#spyglass"},
				"west": {"uv": [11, 11, 13, 13], "rotation": 270, "texture": "#spyglass"},
				"up": {"uv": [0, 0, 1, 2], "texture": "#missing"},
				"down": {"uv": [0, 0, 1, 2], "rotation": 180, "texture": "#missing"}
			}
		},
		{
			"from": [4, 1, 15],
			"to": [5, 3, 17],
			"rotation": {"angle": 45, "axis": "y", "origin": [0, 0, 0]},
			"faces": {
				"north": {"uv": [11, 11, 13, 12], "rotation": 270, "texture": "#spyglass"},
				"east": {"uv": [11, 11, 13, 13], "rotation": 90, "texture": "#spyglass"},
				"south": {"uv": [11, 12, 13, 13], "rotation": 90, "texture": "#spyglass"},
				"west": {"uv": [11, 11, 13, 13], "rotation": 270, "texture": "#spyglass"},
				"up": {"uv": [0, 0, 1, 2], "texture": "#missing"},
				"down": {"uv": [0, 0, 1, 2], "rotation": 180, "texture": "#missing"}
			}
		},
		{
			"from": [-1, 1, 15],
			"to": [0, 3, 17],
			"rotation": {"angle": 45, "axis": "y", "origin": [0, 0, 0]},
			"faces": {
				"north": {"uv": [11, 11, 13, 12], "rotation": 270, "texture": "#spyglass"},
				"east": {"uv": [11, 11, 13, 13], "rotation": 90, "texture": "#spyglass"},
				"south": {"uv": [11, 12, 13, 13], "rotation": 90, "texture": "#spyglass"},
				"west": {"uv": [11, 11, 13, 13], "rotation": 270, "texture": "#spyglass"},
				"up": {"uv": [0, 0, 1, 2], "texture": "#missing"},
				"down": {"uv": [0, 0, 1, 2], "rotation": 180, "texture": "#missing"}
			}
		},
		{
			"from": [2, 1, 15],
			"to": [4, 3, 16.5],
			"rotation": {"angle": 45, "axis": "y", "origin": [0, 0, 0]},
			"faces": {
				"north": {"uv": [0, 0, 2, 2], "rotation": 180, "texture": "#missing"},
				"east": {"uv": [0, 0, 2, 1.5], "rotation": 90, "texture": "#missing"},
				"south": {"uv": [0, 13, 2, 15], "texture": "#spyglass"},
				"west": {"uv": [0, 0, 2, 1.5], "rotation": 270, "texture": "#missing"},
				"up": {"uv": [0, 0, 2, 1.5], "texture": "#missing"},
				"down": {"uv": [0, 0, 2, 1.5], "rotation": 180, "texture": "#missing"}
			}
		},
		{
			"from": [-3, 1, 15],
			"to": [-1, 3, 16.5],
			"rotation": {"angle": 45, "axis": "y", "origin": [0, 0, 0]},
			"faces": {
				"north": {"uv": [0, 0, 2, 2], "rotation": 180, "texture": "#missing"},
				"east": {"uv": [0, 0, 2, 1.5], "rotation": 90, "texture": "#missing"},
				"south": {"uv": [0, 13, 2, 15], "texture": "#spyglass"},
				"west": {"uv": [0, 0, 2, 1.5], "rotation": 270, "texture": "#missing"},
				"up": {"uv": [0, 0, 2, 1.5], "texture": "#missing"},
				"down": {"uv": [0, 0, 2, 1.5], "rotation": 180, "texture": "#missing"}
			}
		},
		{
			"from": [-1, 1, 8.5],
			"to": [2, 3, 15.5],
			"rotation": {"angle": 45, "axis": "y", "origin": [0, 0, 0]},
			"faces": {
				"north": {"uv": [12, 3, 15, 5], "rotation": 180, "texture": "#1"},
				"east": {"uv": [0, 0, 2, 7], "rotation": 90, "texture": "#missing"},
				"south": {"uv": [12, 3, 15, 5], "texture": "#1"},
				"west": {"uv": [0, 0, 2, 7], "rotation": 270, "texture": "#missing"},
				"up": {"uv": [8, 8, 11, 15], "texture": "#1"},
				"down": {"uv": [8, 8, 11, 15], "rotation": 180, "texture": "#1"}
			}
		}
	],
	"gui_light": "front",
	"display": {
		"thirdperson_righthand": {
			"rotation": [75, 45, 0],
			"translation": [0, 2.5, 0],
			"scale": [0.375, 0.375, 0.375]
		},
		"thirdperson_lefthand": {
			"rotation": [75, 45, 0],
			"translation": [0, 2.5, 0],
			"scale": [0.375, 0.375, 0.375]
		},
		"firstperson_righthand": {
			"rotation": [0, 45, 0],
			"scale": [0.4, 0.4, 0.4]
		},
		"firstperson_lefthand": {
			"rotation": [0, 225, 0],
			"scale": [0.4, 0.4, 0.4]
		},
		"ground": {
			"translation": [0, 3, 0],
			"scale": [0.25, 0.25, 0.25]
		},
		"gui": {
			"rotation": [30, 0, 0],
			"translation": [0, 3, 0]
		},
		"head": {
			"rotation": [90, 0, 0],
			"translation": [4, -3, -16],
			"scale": [1.6, 1.6, 1.6]
		},
		"fixed": {
			"rotation": [-90, 0, 0],
			"translation": [0, 0, -14],
			"scale": [2, 2, 2]
		}
	}
}