{
    "variants": {
      "facing=east": [
		{ "model":"yuushya:extra_building_material/randomized/clothes_showcase/1", "y": 90 },  
		{ "model":"yuushya:extra_building_material/randomized/clothes_showcase/2", "y": 90 }, 
		{ "model":"yuushya:extra_building_material/randomized/clothes_showcase/3", "y": 90 }, 
		{ "model":"yuushya:extra_building_material/randomized/clothes_showcase/4", "y": 90 }, 
		{ "model":"yuushya:extra_building_material/randomized/clothes_showcase/5", "y": 90 },
		{ "model":"yuushya:extra_building_material/randomized/clothes_showcase/6", "y": 90 },
		{ "model":"yuushya:extra_building_material/randomized/clothes_showcase/7", "y": 90 },  
		{ "model":"yuushya:extra_building_material/randomized/clothes_showcase/8", "y": 90 }, 
		{ "model":"yuushya:extra_building_material/randomized/clothes_showcase/9", "y": 90 }, 
		{ "model":"yuushya:extra_building_material/randomized/clothes_showcase/10", "y": 90 }, 
		{ "model":"yuushya:extra_building_material/randomized/clothes_showcase/11", "y": 90 },
		{ "model":"yuushya:extra_building_material/randomized/clothes_showcase/12", "y": 90 },
		{ "model":"yuushya:extra_building_material/randomized/clothes_showcase/13", "y": 90 },  
		{ "model":"yuushya:extra_building_material/randomized/clothes_showcase/14", "y": 90 }, 
		{ "model":"yuushya:extra_building_material/randomized/clothes_showcase/15", "y": 90 }, 
		{ "model":"yuushya:extra_building_material/randomized/clothes_showcase/16", "y": 90 }, 
		{ "model":"yuushya:extra_building_material/randomized/clothes_showcase/17", "y": 90 }
      ],
      "facing=north": [
		{ "model":"yuushya:extra_building_material/randomized/clothes_showcase/1", "y": 0 },  
		{ "model":"yuushya:extra_building_material/randomized/clothes_showcase/2", "y": 0 }, 
		{ "model":"yuushya:extra_building_material/randomized/clothes_showcase/3", "y": 0 }, 
		{ "model":"yuushya:extra_building_material/randomized/clothes_showcase/4", "y": 0 }, 
		{ "model":"yuushya:extra_building_material/randomized/clothes_showcase/5", "y": 0 },
		{ "model":"yuushya:extra_building_material/randomized/clothes_showcase/6", "y": 0 },
		{ "model":"yuushya:extra_building_material/randomized/clothes_showcase/7", "y": 0 },  
		{ "model":"yuushya:extra_building_material/randomized/clothes_showcase/8", "y": 0 }, 
		{ "model":"yuushya:extra_building_material/randomized/clothes_showcase/9", "y": 0 }, 
		{ "model":"yuushya:extra_building_material/randomized/clothes_showcase/10", "y": 0 }, 
		{ "model":"yuushya:extra_building_material/randomized/clothes_showcase/11", "y": 0 },
		{ "model":"yuushya:extra_building_material/randomized/clothes_showcase/12", "y": 0 },
		{ "model":"yuushya:extra_building_material/randomized/clothes_showcase/13", "y": 0 },  
		{ "model":"yuushya:extra_building_material/randomized/clothes_showcase/14", "y": 0 }, 
		{ "model":"yuushya:extra_building_material/randomized/clothes_showcase/15", "y": 0 }, 
		{ "model":"yuushya:extra_building_material/randomized/clothes_showcase/16", "y": 0 }, 
		{ "model":"yuushya:extra_building_material/randomized/clothes_showcase/17", "y": 0 }
      ],
      "facing=south": [
		{ "model":"yuushya:extra_building_material/randomized/clothes_showcase/1", "y": 180 },  
		{ "model":"yuushya:extra_building_material/randomized/clothes_showcase/2", "y": 180 }, 
		{ "model":"yuushya:extra_building_material/randomized/clothes_showcase/3", "y": 180 }, 
		{ "model":"yuushya:extra_building_material/randomized/clothes_showcase/4", "y": 180 }, 
		{ "model":"yuushya:extra_building_material/randomized/clothes_showcase/5", "y": 180 },
		{ "model":"yuushya:extra_building_material/randomized/clothes_showcase/6", "y": 180 },
		{ "model":"yuushya:extra_building_material/randomized/clothes_showcase/7", "y": 180 },  
		{ "model":"yuushya:extra_building_material/randomized/clothes_showcase/8", "y": 180 }, 
		{ "model":"yuushya:extra_building_material/randomized/clothes_showcase/9", "y": 180 }, 
		{ "model":"yuushya:extra_building_material/randomized/clothes_showcase/10", "y": 180 }, 
		{ "model":"yuushya:extra_building_material/randomized/clothes_showcase/11", "y": 180 },
		{ "model":"yuushya:extra_building_material/randomized/clothes_showcase/12", "y": 180 },
		{ "model":"yuushya:extra_building_material/randomized/clothes_showcase/13", "y": 180 },  
		{ "model":"yuushya:extra_building_material/randomized/clothes_showcase/14", "y": 180 }, 
		{ "model":"yuushya:extra_building_material/randomized/clothes_showcase/15", "y": 180 }, 
		{ "model":"yuushya:extra_building_material/randomized/clothes_showcase/16", "y": 180 }, 
		{ "model":"yuushya:extra_building_material/randomized/clothes_showcase/17", "y": 180 }
      ],
      "facing=west": [
		{ "model":"yuushya:extra_building_material/randomized/clothes_showcase/1", "y": 270 },  
		{ "model":"yuushya:extra_building_material/randomized/clothes_showcase/2", "y": 270 }, 
		{ "model":"yuushya:extra_building_material/randomized/clothes_showcase/3", "y": 270 }, 
		{ "model":"yuushya:extra_building_material/randomized/clothes_showcase/4", "y": 270 }, 
		{ "model":"yuushya:extra_building_material/randomized/clothes_showcase/5", "y": 270 },
		{ "model":"yuushya:extra_building_material/randomized/clothes_showcase/6", "y": 270 },
		{ "model":"yuushya:extra_building_material/randomized/clothes_showcase/7", "y": 270 },  
		{ "model":"yuushya:extra_building_material/randomized/clothes_showcase/8", "y": 270 }, 
		{ "model":"yuushya:extra_building_material/randomized/clothes_showcase/9", "y": 270 }, 
		{ "model":"yuushya:extra_building_material/randomized/clothes_showcase/10", "y": 270 }, 
		{ "model":"yuushya:extra_building_material/randomized/clothes_showcase/11", "y": 270 },
		{ "model":"yuushya:extra_building_material/randomized/clothes_showcase/12", "y": 270 },
		{ "model":"yuushya:extra_building_material/randomized/clothes_showcase/13", "y": 270 },  
		{ "model":"yuushya:extra_building_material/randomized/clothes_showcase/14", "y": 270 }, 
		{ "model":"yuushya:extra_building_material/randomized/clothes_showcase/15", "y": 270 }, 
		{ "model":"yuushya:extra_building_material/randomized/clothes_showcase/16", "y": 270 }, 
		{ "model":"yuushya:extra_building_material/randomized/clothes_showcase/17", "y": 270 }
      ]
    }
}
