{
    "variants": {
	  "xpos=none,zpos=none": 
      { "model": "yuushya:extra_building_material/fishtank/fishtank_centre_none", "uvlock": false, "y": 0 },	  
	  "xpos=none,zpos=south": 
      { "model": "yuushya:extra_building_material/fishtank/fishtank_centre_south_none", "uvlock": false, "y": 0 },	  
	  "xpos=none,zpos=north": 
      { "model": "yuushya:extra_building_material/fishtank/fishtank_centre_south_none", "uvlock": false, "y": 180 },	  
	  "xpos=west,zpos=none": 
      { "model": "yuushya:extra_building_material/fishtank/fishtank_centre_south_none", "uvlock": false, "y": 90 },	  
	  "xpos=east,zpos=none": 
      { "model": "yuushya:extra_building_material/fishtank/fishtank_centre_south_none", "uvlock": false, "y": 270 },
	  "xpos=middle,zpos=middle": 
      { "model": "yuushya:extra_building_material/fishtank/blank", "uvlock": false, "y": 0 },
	  "xpos=middle,zpos=none": 
      { "model": "yuushya:extra_building_material/fishtank/fishtank_centre_middle", "uvlock": false, "y": 0 },	  
	  "xpos=none,zpos=middle": 
      { "model": "yuushya:extra_building_material/fishtank/fishtank_centre_middle", "uvlock": false, "y": 0 },	  
	  "xpos=middle,zpos=north": 
      { "model": "yuushya:extra_building_material/fishtank/fishtank_centre_middle", "uvlock": false, "y": 180 },	
	  "xpos=middle,zpos=south": 
      { "model": "yuushya:extra_building_material/fishtank/fishtank_centre_middle", "uvlock": false, "y": 0 },	  
	  "zpos=middle,xpos=west": 
      { "model": "yuushya:extra_building_material/fishtank/fishtank_centre_middle", "uvlock": false, "y": 90 },	  
	  "zpos=middle,xpos=east": 
      { "model": "yuushya:extra_building_material/fishtank/fishtank_centre_middle", "uvlock": false, "y": 270 },	  
	  "xpos=west,zpos=south": 
      { "model": "yuushya:extra_building_material/fishtank/fishtank_centre_single_es", "uvlock": false, "y": 0 },		  
	  "xpos=west,zpos=north": 
      { "model": "yuushya:extra_building_material/fishtank/fishtank_centre_single_es", "uvlock": false, "y": 90 },	  
	  "xpos=east,zpos=north": 
      { "model": "yuushya:extra_building_material/fishtank/fishtank_centre_single_es", "uvlock": false, "y": 180 },	  
	  "xpos=east,zpos=south": 
      { "model": "yuushya:extra_building_material/fishtank/fishtank_centre_single_es", "uvlock": false, "y": 270 }
    }
}
