{
    "variants": {
      "facing=east": [
		{ "model":"yuushya:extra_building_material/randomized/hanged_cloth/1", "y": 90 },  
		{ "model":"yuushya:extra_building_material/randomized/hanged_cloth/2", "y": 90 }, 
		{ "model":"yuushya:extra_building_material/randomized/hanged_cloth/3", "y": 90 }, 
		{ "model":"yuushya:extra_building_material/randomized/hanged_cloth/4", "y": 90 }, 
		{ "model":"yuushya:extra_building_material/randomized/hanged_cloth/5", "y": 90 },
		{ "model":"yuushya:extra_building_material/randomized/hanged_cloth/6", "y": 90 },  
		{ "model":"yuushya:extra_building_material/randomized/hanged_cloth/7", "y": 90 }, 
		{ "model":"yuushya:extra_building_material/randomized/hanged_cloth/8", "y": 90 }, 
		{ "model":"yuushya:extra_building_material/randomized/hanged_cloth/9", "y": 90 }, 
		{ "model":"yuushya:extra_building_material/randomized/hanged_cloth/10", "y": 90 },
		{ "model":"yuushya:extra_building_material/randomized/hanged_cloth/11", "y": 90 }
      ],
      "facing=north": [
		{ "model":"yuushya:extra_building_material/randomized/hanged_cloth/1", "y": 0 },  
		{ "model":"yuushya:extra_building_material/randomized/hanged_cloth/2", "y": 0 }, 
		{ "model":"yuushya:extra_building_material/randomized/hanged_cloth/3", "y": 0 }, 
		{ "model":"yuushya:extra_building_material/randomized/hanged_cloth/4", "y": 0 }, 
		{ "model":"yuushya:extra_building_material/randomized/hanged_cloth/5", "y": 0 },
		{ "model":"yuushya:extra_building_material/randomized/hanged_cloth/6", "y": 0 },  
		{ "model":"yuushya:extra_building_material/randomized/hanged_cloth/7", "y": 0 }, 
		{ "model":"yuushya:extra_building_material/randomized/hanged_cloth/8", "y": 0 }, 
		{ "model":"yuushya:extra_building_material/randomized/hanged_cloth/9", "y": 0 }, 
		{ "model":"yuushya:extra_building_material/randomized/hanged_cloth/10", "y": 0 },
		{ "model":"yuushya:extra_building_material/randomized/hanged_cloth/11", "y": 0 }
      ],
      "facing=south": [
		{ "model":"yuushya:extra_building_material/randomized/hanged_cloth/1", "y": 180 },  
		{ "model":"yuushya:extra_building_material/randomized/hanged_cloth/2", "y": 180 }, 
		{ "model":"yuushya:extra_building_material/randomized/hanged_cloth/3", "y": 180 }, 
		{ "model":"yuushya:extra_building_material/randomized/hanged_cloth/4", "y": 180 }, 
		{ "model":"yuushya:extra_building_material/randomized/hanged_cloth/5", "y": 180 },
		{ "model":"yuushya:extra_building_material/randomized/hanged_cloth/6", "y": 180 },  
		{ "model":"yuushya:extra_building_material/randomized/hanged_cloth/7", "y": 180 }, 
		{ "model":"yuushya:extra_building_material/randomized/hanged_cloth/8", "y": 180 }, 
		{ "model":"yuushya:extra_building_material/randomized/hanged_cloth/9", "y": 180 }, 
		{ "model":"yuushya:extra_building_material/randomized/hanged_cloth/10", "y": 180 },
		{ "model":"yuushya:extra_building_material/randomized/hanged_cloth/11", "y": 180 }
      ],
      "facing=west": [
		{ "model":"yuushya:extra_building_material/randomized/hanged_cloth/1", "y": 270 },  
		{ "model":"yuushya:extra_building_material/randomized/hanged_cloth/2", "y": 270 }, 
		{ "model":"yuushya:extra_building_material/randomized/hanged_cloth/3", "y": 270 }, 
		{ "model":"yuushya:extra_building_material/randomized/hanged_cloth/4", "y": 270 }, 
		{ "model":"yuushya:extra_building_material/randomized/hanged_cloth/5", "y": 270 },
		{ "model":"yuushya:extra_building_material/randomized/hanged_cloth/6", "y": 270 },  
		{ "model":"yuushya:extra_building_material/randomized/hanged_cloth/7", "y": 270 }, 
		{ "model":"yuushya:extra_building_material/randomized/hanged_cloth/8", "y": 270 }, 
		{ "model":"yuushya:extra_building_material/randomized/hanged_cloth/9", "y": 270 }, 
		{ "model":"yuushya:extra_building_material/randomized/hanged_cloth/10", "y": 270 },
		{ "model":"yuushya:extra_building_material/randomized/hanged_cloth/11", "y": 270 }
      ]
    }
}
