{
    "variants": {
      "facing=east": [
		{ "model":"yuushya:extra_building_material/randomized/hanged_clothes/1", "y": 90 },  
		{ "model":"yuushya:extra_building_material/randomized/hanged_clothes/2", "y": 90 }, 
		{ "model":"yuushya:extra_building_material/randomized/hanged_clothes/3", "y": 90 }, 
		{ "model":"yuushya:extra_building_material/randomized/hanged_clothes/4", "y": 90 }, 
		{ "model":"yuushya:extra_building_material/randomized/hanged_clothes/5", "y": 90 },
		{ "model":"yuushya:extra_building_material/randomized/hanged_clothes/6", "y": 90 },
		{ "model":"yuushya:extra_building_material/randomized/hanged_clothes/7", "y": 90 },  
		{ "model":"yuushya:extra_building_material/randomized/hanged_clothes/8", "y": 90 }, 
		{ "model":"yuushya:extra_building_material/randomized/hanged_clothes/9", "y": 90 }, 
		{ "model":"yuushya:extra_building_material/randomized/hanged_clothes/10", "y": 90 }, 
		{ "model":"yuushya:extra_building_material/randomized/hanged_clothes/11", "y": 90 },
		{ "model":"yuushya:extra_building_material/randomized/hanged_clothes/12", "y": 90 },
		{ "model":"yuushya:extra_building_material/randomized/hanged_clothes/13", "y": 90 },  
		{ "model":"yuushya:extra_building_material/randomized/hanged_clothes/14", "y": 90 }, 
		{ "model":"yuushya:extra_building_material/randomized/hanged_clothes/15", "y": 90 }, 
		{ "model":"yuushya:extra_building_material/randomized/hanged_clothes/16", "y": 90 }, 
		{ "model":"yuushya:extra_building_material/randomized/hanged_clothes/17", "y": 90 }
      ],
      "facing=north": [
		{ "model":"yuushya:extra_building_material/randomized/hanged_clothes/1", "y": 0 },  
		{ "model":"yuushya:extra_building_material/randomized/hanged_clothes/2", "y": 0 }, 
		{ "model":"yuushya:extra_building_material/randomized/hanged_clothes/3", "y": 0 }, 
		{ "model":"yuushya:extra_building_material/randomized/hanged_clothes/4", "y": 0 }, 
		{ "model":"yuushya:extra_building_material/randomized/hanged_clothes/5", "y": 0 },
		{ "model":"yuushya:extra_building_material/randomized/hanged_clothes/6", "y": 0 },
		{ "model":"yuushya:extra_building_material/randomized/hanged_clothes/7", "y": 0 },  
		{ "model":"yuushya:extra_building_material/randomized/hanged_clothes/8", "y": 0 }, 
		{ "model":"yuushya:extra_building_material/randomized/hanged_clothes/9", "y": 0 }, 
		{ "model":"yuushya:extra_building_material/randomized/hanged_clothes/10", "y": 0 }, 
		{ "model":"yuushya:extra_building_material/randomized/hanged_clothes/11", "y": 0 },
		{ "model":"yuushya:extra_building_material/randomized/hanged_clothes/12", "y": 0 },
		{ "model":"yuushya:extra_building_material/randomized/hanged_clothes/13", "y": 0 },  
		{ "model":"yuushya:extra_building_material/randomized/hanged_clothes/14", "y": 0 }, 
		{ "model":"yuushya:extra_building_material/randomized/hanged_clothes/15", "y": 0 }, 
		{ "model":"yuushya:extra_building_material/randomized/hanged_clothes/16", "y": 0 }, 
		{ "model":"yuushya:extra_building_material/randomized/hanged_clothes/17", "y": 0 }
      ],
      "facing=south": [
		{ "model":"yuushya:extra_building_material/randomized/hanged_clothes/1", "y": 180 },  
		{ "model":"yuushya:extra_building_material/randomized/hanged_clothes/2", "y": 180 }, 
		{ "model":"yuushya:extra_building_material/randomized/hanged_clothes/3", "y": 180 }, 
		{ "model":"yuushya:extra_building_material/randomized/hanged_clothes/4", "y": 180 }, 
		{ "model":"yuushya:extra_building_material/randomized/hanged_clothes/5", "y": 180 },
		{ "model":"yuushya:extra_building_material/randomized/hanged_clothes/6", "y": 180 },
		{ "model":"yuushya:extra_building_material/randomized/hanged_clothes/7", "y": 180 },  
		{ "model":"yuushya:extra_building_material/randomized/hanged_clothes/8", "y": 180 }, 
		{ "model":"yuushya:extra_building_material/randomized/hanged_clothes/9", "y": 180 }, 
		{ "model":"yuushya:extra_building_material/randomized/hanged_clothes/10", "y": 180 }, 
		{ "model":"yuushya:extra_building_material/randomized/hanged_clothes/11", "y": 180 },
		{ "model":"yuushya:extra_building_material/randomized/hanged_clothes/12", "y": 180 },
		{ "model":"yuushya:extra_building_material/randomized/hanged_clothes/13", "y": 180 },  
		{ "model":"yuushya:extra_building_material/randomized/hanged_clothes/14", "y": 180 }, 
		{ "model":"yuushya:extra_building_material/randomized/hanged_clothes/15", "y": 180 }, 
		{ "model":"yuushya:extra_building_material/randomized/hanged_clothes/16", "y": 180 }, 
		{ "model":"yuushya:extra_building_material/randomized/hanged_clothes/17", "y": 180 }
      ],
      "facing=west": [
		{ "model":"yuushya:extra_building_material/randomized/hanged_clothes/1", "y": 270 },  
		{ "model":"yuushya:extra_building_material/randomized/hanged_clothes/2", "y": 270 }, 
		{ "model":"yuushya:extra_building_material/randomized/hanged_clothes/3", "y": 270 }, 
		{ "model":"yuushya:extra_building_material/randomized/hanged_clothes/4", "y": 270 }, 
		{ "model":"yuushya:extra_building_material/randomized/hanged_clothes/5", "y": 270 },
		{ "model":"yuushya:extra_building_material/randomized/hanged_clothes/6", "y": 270 },
		{ "model":"yuushya:extra_building_material/randomized/hanged_clothes/7", "y": 270 },  
		{ "model":"yuushya:extra_building_material/randomized/hanged_clothes/8", "y": 270 }, 
		{ "model":"yuushya:extra_building_material/randomized/hanged_clothes/9", "y": 270 }, 
		{ "model":"yuushya:extra_building_material/randomized/hanged_clothes/10", "y": 270 }, 
		{ "model":"yuushya:extra_building_material/randomized/hanged_clothes/11", "y": 270 },
		{ "model":"yuushya:extra_building_material/randomized/hanged_clothes/12", "y": 270 },
		{ "model":"yuushya:extra_building_material/randomized/hanged_clothes/13", "y": 270 },  
		{ "model":"yuushya:extra_building_material/randomized/hanged_clothes/14", "y": 270 }, 
		{ "model":"yuushya:extra_building_material/randomized/hanged_clothes/15", "y": 270 }, 
		{ "model":"yuushya:extra_building_material/randomized/hanged_clothes/16", "y": 270 }, 
		{ "model":"yuushya:extra_building_material/randomized/hanged_clothes/17", "y": 270 }
      ]
    }
}
