{
    "variants": {
      "facing=east": [
		{ "model":"yuushya:extra_building_material/randomized/sign_28/1", "y": 90 },  
		{ "model":"yuushya:extra_building_material/randomized/sign_28/2", "y": 90 }, 
		{ "model":"yuushya:extra_building_material/randomized/sign_28/3", "y": 90 }, 
		{ "model":"yuushya:extra_building_material/randomized/sign_28/4", "y": 90 }, 
		{ "model":"yuushya:extra_building_material/randomized/sign_28/5", "y": 90 },
		{ "model":"yuushya:extra_building_material/randomized/sign_28/6", "y": 90 },  
		{ "model":"yuushya:extra_building_material/randomized/sign_28/7", "y": 90 }, 
		{ "model":"yuushya:extra_building_material/randomized/sign_28/8", "y": 90 }, 
		{ "model":"yuushya:extra_building_material/randomized/sign_28/9", "y": 90 }, 
		{ "model":"yuushya:extra_building_material/randomized/sign_28/10", "y": 90 },
		{ "model":"yuushya:extra_building_material/randomized/sign_28/11", "y": 90 }
      ],
      "facing=north": [
		{ "model":"yuushya:extra_building_material/randomized/sign_28/1", "y": 0 },  
		{ "model":"yuushya:extra_building_material/randomized/sign_28/2", "y": 0 }, 
		{ "model":"yuushya:extra_building_material/randomized/sign_28/3", "y": 0 }, 
		{ "model":"yuushya:extra_building_material/randomized/sign_28/4", "y": 0 }, 
		{ "model":"yuushya:extra_building_material/randomized/sign_28/5", "y": 0 },
		{ "model":"yuushya:extra_building_material/randomized/sign_28/6", "y": 0 },  
		{ "model":"yuushya:extra_building_material/randomized/sign_28/7", "y": 0 }, 
		{ "model":"yuushya:extra_building_material/randomized/sign_28/8", "y": 0 }, 
		{ "model":"yuushya:extra_building_material/randomized/sign_28/9", "y": 0 }, 
		{ "model":"yuushya:extra_building_material/randomized/sign_28/10", "y": 0 },
		{ "model":"yuushya:extra_building_material/randomized/sign_28/11", "y": 0 }
      ],
      "facing=south": [
		{ "model":"yuushya:extra_building_material/randomized/sign_28/1", "y": 180 },  
		{ "model":"yuushya:extra_building_material/randomized/sign_28/2", "y": 180 }, 
		{ "model":"yuushya:extra_building_material/randomized/sign_28/3", "y": 180 }, 
		{ "model":"yuushya:extra_building_material/randomized/sign_28/4", "y": 180 }, 
		{ "model":"yuushya:extra_building_material/randomized/sign_28/5", "y": 180 },
		{ "model":"yuushya:extra_building_material/randomized/sign_28/6", "y": 180 },  
		{ "model":"yuushya:extra_building_material/randomized/sign_28/7", "y": 180 }, 
		{ "model":"yuushya:extra_building_material/randomized/sign_28/8", "y": 180 }, 
		{ "model":"yuushya:extra_building_material/randomized/sign_28/9", "y": 180 }, 
		{ "model":"yuushya:extra_building_material/randomized/sign_28/10", "y": 180 },
		{ "model":"yuushya:extra_building_material/randomized/sign_28/11", "y": 180 }
      ],
      "facing=west": [
		{ "model":"yuushya:extra_building_material/randomized/sign_28/1", "y": 270 },  
		{ "model":"yuushya:extra_building_material/randomized/sign_28/2", "y": 270 }, 
		{ "model":"yuushya:extra_building_material/randomized/sign_28/3", "y": 270 }, 
		{ "model":"yuushya:extra_building_material/randomized/sign_28/4", "y": 270 }, 
		{ "model":"yuushya:extra_building_material/randomized/sign_28/5", "y": 270 },
		{ "model":"yuushya:extra_building_material/randomized/sign_28/6", "y": 270 },  
		{ "model":"yuushya:extra_building_material/randomized/sign_28/7", "y": 270 }, 
		{ "model":"yuushya:extra_building_material/randomized/sign_28/8", "y": 270 }, 
		{ "model":"yuushya:extra_building_material/randomized/sign_28/9", "y": 270 }, 
		{ "model":"yuushya:extra_building_material/randomized/sign_28/10", "y": 270 },
		{ "model":"yuushya:extra_building_material/randomized/sign_28/11", "y": 270 }
      ]
    }
}
