{
    "variants": {
      "facing=east": [
		{ "model":"yuushya:extra_building_material/randomized/sign_11/1", "y": 90 },  
		{ "model":"yuushya:extra_building_material/randomized/sign_11/2", "y": 90 }, 
		{ "model":"yuushya:extra_building_material/randomized/sign_11/3", "y": 90 }, 
		{ "model":"yuushya:extra_building_material/randomized/sign_11/4", "y": 90 }, 
		{ "model":"yuushya:extra_building_material/randomized/sign_11/5", "y": 90 },
		{ "model":"yuushya:extra_building_material/randomized/sign_11/6", "y": 90 },
		{ "model":"yuushya:extra_building_material/randomized/sign_11/7", "y": 90 }
      ],
      "facing=north": [
		{ "model":"yuushya:extra_building_material/randomized/sign_11/1", "y": 0 },  
		{ "model":"yuushya:extra_building_material/randomized/sign_11/2", "y": 0 }, 
		{ "model":"yuushya:extra_building_material/randomized/sign_11/3", "y": 0 }, 
		{ "model":"yuushya:extra_building_material/randomized/sign_11/4", "y": 0 }, 
		{ "model":"yuushya:extra_building_material/randomized/sign_11/5", "y": 0 },
		{ "model":"yuushya:extra_building_material/randomized/sign_11/6", "y": 0 },
		{ "model":"yuushya:extra_building_material/randomized/sign_11/7", "y": 0 }
      ],
      "facing=south": [
		{ "model":"yuushya:extra_building_material/randomized/sign_11/1", "y": 180 },  
		{ "model":"yuushya:extra_building_material/randomized/sign_11/2", "y": 180 }, 
		{ "model":"yuushya:extra_building_material/randomized/sign_11/3", "y": 180 }, 
		{ "model":"yuushya:extra_building_material/randomized/sign_11/4", "y": 180 }, 
		{ "model":"yuushya:extra_building_material/randomized/sign_11/5", "y": 180 }, 
		{ "model":"yuushya:extra_building_material/randomized/sign_11/6", "y": 180 }, 
		{ "model":"yuushya:extra_building_material/randomized/sign_11/7", "y": 180 }
      ],
      "facing=west": [
		{ "model":"yuushya:extra_building_material/randomized/sign_11/1", "y": 270 },  
		{ "model":"yuushya:extra_building_material/randomized/sign_11/2", "y": 270 }, 
		{ "model":"yuushya:extra_building_material/randomized/sign_11/3", "y": 270 }, 
		{ "model":"yuushya:extra_building_material/randomized/sign_11/4", "y": 270 }, 
		{ "model":"yuushya:extra_building_material/randomized/sign_11/6", "y": 270 }, 
		{ "model":"yuushya:extra_building_material/randomized/sign_11/6", "y": 270 }, 
		{ "model":"yuushya:extra_building_material/randomized/sign_11/7", "y": 270 }
      ]
    }
}
