{
    "variants": {
      "facing=east": [
		{ "model":"yuushya:extra_building_material/sticky_note_1", "y": 90 },  
		{ "model":"yuushya:extra_building_material/sticky_note_2", "y": 90 }, 
		{ "model":"yuushya:extra_building_material/sticky_note_3", "y": 90 }, 
		{ "model":"yuushya:extra_building_material/sticky_note_4", "y": 90 }, 
		{ "model":"yuushya:extra_building_material/sticky_note_5", "y": 90 }
      ],
      "facing=north": [
		{ "model":"yuushya:extra_building_material/sticky_note_1", "y": 0 },  
		{ "model":"yuushya:extra_building_material/sticky_note_2", "y": 0 }, 
		{ "model":"yuushya:extra_building_material/sticky_note_3", "y": 0 }, 
		{ "model":"yuushya:extra_building_material/sticky_note_4", "y": 0 }, 
		{ "model":"yuushya:extra_building_material/sticky_note_5", "y": 0 }
      ],
      "facing=south": [
		{ "model":"yuushya:extra_building_material/sticky_note_1", "y": 180 },  
		{ "model":"yuushya:extra_building_material/sticky_note_2", "y": 180 }, 
		{ "model":"yuushya:extra_building_material/sticky_note_3", "y": 180 }, 
		{ "model":"yuushya:extra_building_material/sticky_note_4", "y": 180 }, 
		{ "model":"yuushya:extra_building_material/sticky_note_5", "y": 180 }
      ],
      "facing=west": [
		{ "model":"yuushya:extra_building_material/sticky_note_1", "y": 270 },  
		{ "model":"yuushya:extra_building_material/sticky_note_2", "y": 270 }, 
		{ "model":"yuushya:extra_building_material/sticky_note_3", "y": 270 }, 
		{ "model":"yuushya:extra_building_material/sticky_note_4", "y": 270 }, 
		{ "model":"yuushya:extra_building_material/sticky_note_5", "y": 270 }
      ]
    }
}
