{
    "variants": {
	  "pos=none,ypos=none,facing=north": { "model": "yuushya:extra_building_material/windows_frame_model/white_windows_nesw", "uvlock": false, "y": 0 },
    "pos=left,ypos=none,facing=north": { "model": "yuushya:extra_building_material/windows_frame_model/white_windows_nsw", "uvlock": false, "y": 0 },
    "pos=middle,ypos=none,facing=north": { "model": "yuushya:extra_building_material/windows_frame_model/white_windows_ns", "uvlock": false, "y": 0 },
    "pos=right,ypos=none,facing=north": { "model": "yuushya:extra_building_material/windows_frame_model/white_windows_nes", "uvlock": false, "y": 0 },
    "pos=none,ypos=bottom,facing=north": { "model": "yuushya:extra_building_material/windows_frame_model/white_windows_esw", "uvlock": false, "y": 0 },
    "pos=none,ypos=middle,facing=north": { "model": "yuushya:extra_building_material/windows_frame_model/white_windows_ew", "uvlock": false, "y": 0 },
    "pos=none,ypos=top,facing=north": { "model": "yuushya:extra_building_material/windows_frame_model/white_windows_new", "uvlock": false, "y": 0 },
    "pos=left,ypos=bottom,facing=north": { "model": "yuushya:extra_building_material/windows_frame_model/white_windows_sw", "uvlock": false, "y": 0 },
    "pos=left,ypos=middle,facing=north": { "model": "yuushya:extra_building_material/windows_frame_model/white_windows_w", "uvlock": false, "y": 0 },
    "pos=left,ypos=top,facing=north": { "model": "yuushya:extra_building_material/windows_frame_model/white_windows_nw", "uvlock": false, "y": 0 },
    "pos=middle,ypos=bottom,facing=north": { "model": "yuushya:extra_building_material/windows_frame_model/white_windows_s", "uvlock": false, "y": 0 },
    "pos=middle,ypos=middle,facing=north": { "model": "yuushya:extra_building_material/windows_frame_model/white_windows_none", "uvlock": false, "y": 0 },
    "pos=middle,ypos=top,facing=north": { "model": "yuushya:extra_building_material/windows_frame_model/white_windows_n", "uvlock": false, "y": 0 },
    "pos=right,ypos=bottom,facing=north": { "model": "yuushya:extra_building_material/windows_frame_model/white_windows_es", "uvlock": false, "y": 0 },
    "pos=right,ypos=middle,facing=north": { "model": "yuushya:extra_building_material/windows_frame_model/white_windows_e", "uvlock": false, "y": 0 },
    "pos=right,ypos=top,facing=north": { "model": "yuushya:extra_building_material/windows_frame_model/white_windows_ne", "uvlock": false, "y": 0 },
    "pos=none,ypos=none,facing=east": { "model": "yuushya:extra_building_material/windows_frame_model/white_windows_nesw", "uvlock": false, "y": 90 },
    "pos=left,ypos=none,facing=east": { "model": "yuushya:extra_building_material/windows_frame_model/white_windows_nsw", "uvlock": false, "y": 90 },
    "pos=middle,ypos=none,facing=east": { "model": "yuushya:extra_building_material/windows_frame_model/white_windows_ns", "uvlock": false, "y": 90 },
    "pos=right,ypos=none,facing=east": { "model": "yuushya:extra_building_material/windows_frame_model/white_windows_nes", "uvlock": false, "y": 90 },
    "pos=none,ypos=bottom,facing=east": { "model": "yuushya:extra_building_material/windows_frame_model/white_windows_esw", "uvlock": false, "y": 90 },
    "pos=none,ypos=middle,facing=east": { "model": "yuushya:extra_building_material/windows_frame_model/white_windows_ew", "uvlock": false, "y": 90 },
    "pos=none,ypos=top,facing=east": { "model": "yuushya:extra_building_material/windows_frame_model/white_windows_new", "uvlock": false, "y": 90 },
    "pos=left,ypos=bottom,facing=east": { "model": "yuushya:extra_building_material/windows_frame_model/white_windows_sw", "uvlock": false, "y": 90 },
    "pos=left,ypos=middle,facing=east": { "model": "yuushya:extra_building_material/windows_frame_model/white_windows_w", "uvlock": false, "y": 90 },
    "pos=left,ypos=top,facing=east": { "model": "yuushya:extra_building_material/windows_frame_model/white_windows_nw", "uvlock": false, "y": 90 },
    "pos=middle,ypos=bottom,facing=east": { "model": "yuushya:extra_building_material/windows_frame_model/white_windows_s", "uvlock": false, "y": 90 },
    "pos=middle,ypos=middle,facing=east": { "model": "yuushya:extra_building_material/windows_frame_model/white_windows_none", "uvlock": false, "y": 90 },
    "pos=middle,ypos=top,facing=east": { "model": "yuushya:extra_building_material/windows_frame_model/white_windows_n", "uvlock": false, "y": 90 },
    "pos=right,ypos=bottom,facing=east": { "model": "yuushya:extra_building_material/windows_frame_model/white_windows_es", "uvlock": false, "y": 90 },
    "pos=right,ypos=middle,facing=east": { "model": "yuushya:extra_building_material/windows_frame_model/white_windows_e", "uvlock": false, "y": 90 },
    "pos=right,ypos=top,facing=east": { "model": "yuushya:extra_building_material/windows_frame_model/white_windows_ne", "uvlock": false, "y": 90 },
    "pos=none,ypos=none,facing=south": { "model": "yuushya:extra_building_material/windows_frame_model/white_windows_nesw", "uvlock": false, "y": 180 },
    "pos=left,ypos=none,facing=south": { "model": "yuushya:extra_building_material/windows_frame_model/white_windows_nsw", "uvlock": false, "y": 180 },
    "pos=middle,ypos=none,facing=south": { "model": "yuushya:extra_building_material/windows_frame_model/white_windows_ns", "uvlock": false, "y": 180 },
    "pos=right,ypos=none,facing=south": { "model": "yuushya:extra_building_material/windows_frame_model/white_windows_nes", "uvlock": false, "y": 180 },
    "pos=none,ypos=bottom,facing=south": { "model": "yuushya:extra_building_material/windows_frame_model/white_windows_esw", "uvlock": false, "y": 180 },
    "pos=none,ypos=middle,facing=south": { "model": "yuushya:extra_building_material/windows_frame_model/white_windows_ew", "uvlock": false, "y": 180 },
    "pos=none,ypos=top,facing=south": { "model": "yuushya:extra_building_material/windows_frame_model/white_windows_new", "uvlock": false, "y": 180 },
    "pos=left,ypos=bottom,facing=south": { "model": "yuushya:extra_building_material/windows_frame_model/white_windows_sw", "uvlock": false, "y": 180 },
    "pos=left,ypos=middle,facing=south": { "model": "yuushya:extra_building_material/windows_frame_model/white_windows_w", "uvlock": false, "y": 180 },
    "pos=left,ypos=top,facing=south": { "model": "yuushya:extra_building_material/windows_frame_model/white_windows_nw", "uvlock": false, "y": 180 },
    "pos=middle,ypos=bottom,facing=south": { "model": "yuushya:extra_building_material/windows_frame_model/white_windows_s", "uvlock": false, "y": 180 },
    "pos=middle,ypos=middle,facing=south": { "model": "yuushya:extra_building_material/windows_frame_model/white_windows_none", "uvlock": false, "y": 180 },
    "pos=middle,ypos=top,facing=south": { "model": "yuushya:extra_building_material/windows_frame_model/white_windows_n", "uvlock": false, "y": 180 },
    "pos=right,ypos=bottom,facing=south": { "model": "yuushya:extra_building_material/windows_frame_model/white_windows_es", "uvlock": false, "y": 180 },
    "pos=right,ypos=middle,facing=south": { "model": "yuushya:extra_building_material/windows_frame_model/white_windows_e", "uvlock": false, "y": 180 },
    "pos=right,ypos=top,facing=south": { "model": "yuushya:extra_building_material/windows_frame_model/white_windows_ne", "uvlock": false, "y": 180 },
    "pos=none,ypos=none,facing=west": { "model": "yuushya:extra_building_material/windows_frame_model/white_windows_nesw", "uvlock": false, "y": 270 },
    "pos=left,ypos=none,facing=west": { "model": "yuushya:extra_building_material/windows_frame_model/white_windows_nsw", "uvlock": false, "y": 270 },
    "pos=middle,ypos=none,facing=west": { "model": "yuushya:extra_building_material/windows_frame_model/white_windows_ns", "uvlock": false, "y": 270 },
    "pos=right,ypos=none,facing=west": { "model": "yuushya:extra_building_material/windows_frame_model/white_windows_nes", "uvlock": false, "y": 270 },
    "pos=none,ypos=bottom,facing=west": { "model": "yuushya:extra_building_material/windows_frame_model/white_windows_esw", "uvlock": false, "y": 270 },
    "pos=none,ypos=middle,facing=west": { "model": "yuushya:extra_building_material/windows_frame_model/white_windows_ew", "uvlock": false, "y": 270 },
    "pos=none,ypos=top,facing=west": { "model": "yuushya:extra_building_material/windows_frame_model/white_windows_new", "uvlock": false, "y": 270 },
    "pos=left,ypos=bottom,facing=west": { "model": "yuushya:extra_building_material/windows_frame_model/white_windows_sw", "uvlock": false, "y": 270 },
    "pos=left,ypos=middle,facing=west": { "model": "yuushya:extra_building_material/windows_frame_model/white_windows_w", "uvlock": false, "y": 270 },
    "pos=left,ypos=top,facing=west": { "model": "yuushya:extra_building_material/windows_frame_model/white_windows_nw", "uvlock": false, "y": 270 },
    "pos=middle,ypos=bottom,facing=west": { "model": "yuushya:extra_building_material/windows_frame_model/white_windows_s", "uvlock": false, "y": 270 },
    "pos=middle,ypos=middle,facing=west": { "model": "yuushya:extra_building_material/windows_frame_model/white_windows_none", "uvlock": false, "y": 270 },
    "pos=middle,ypos=top,facing=west": { "model": "yuushya:extra_building_material/windows_frame_model/white_windows_n", "uvlock": false, "y": 270 },
    "pos=right,ypos=bottom,facing=west": { "model": "yuushya:extra_building_material/windows_frame_model/white_windows_es", "uvlock": false, "y": 270 },
    "pos=right,ypos=middle,facing=west": { "model": "yuushya:extra_building_material/windows_frame_model/white_windows_e", "uvlock": false, "y": 270 },
    "pos=right,ypos=top,facing=west": { "model": "yuushya:extra_building_material/windows_frame_model/white_windows_ne", "uvlock": false, "y": 270 }
    }
}
