{"variants":{"facing=east,form=0":{"model":"yuushya:extra_building_material/wire/0","y":90},"facing=east,form=1":{"model":"yuushya:extra_building_material/wire/0","y":90},"facing=east,form=2":{"model":"yuushya:extra_building_material/wire/0","y":90},"facing=east,form=3":{"model":"yuushya:extra_building_material/wire/0","y":90},"facing=east,form=4":{"model":"yuushya:extra_building_material/wire/0","y":90},"facing=east,form=5":{"model":"yuushya:extra_building_material/wire/0","y":90},"facing=east,form=6":{"model":"yuushya:extra_building_material/wire/0","y":90},"facing=east,form=7":{"model":"yuushya:extra_building_material/wire/0","y":90},"facing=north,form=0":{"model":"yuushya:extra_building_material/wire/0"},"facing=north,form=1":{"model":"yuushya:extra_building_material/wire/0"},"facing=north,form=2":{"model":"yuushya:extra_building_material/wire/0"},"facing=north,form=3":{"model":"yuushya:extra_building_material/wire/0"},"facing=north,form=4":{"model":"yuushya:extra_building_material/wire/0"},"facing=north,form=5":{"model":"yuushya:extra_building_material/wire/0"},"facing=north,form=6":{"model":"yuushya:extra_building_material/wire/0"},"facing=north,form=7":{"model":"yuushya:extra_building_material/wire/0"},"facing=south,form=0":{"model":"yuushya:extra_building_material/wire/0","y":180},"facing=south,form=1":{"model":"yuushya:extra_building_material/wire/0","y":180},"facing=south,form=2":{"model":"yuushya:extra_building_material/wire/0","y":180},"facing=south,form=3":{"model":"yuushya:extra_building_material/wire/0","y":180},"facing=south,form=4":{"model":"yuushya:extra_building_material/wire/0","y":180},"facing=south,form=5":{"model":"yuushya:extra_building_material/wire/0","y":180},"facing=south,form=6":{"model":"yuushya:extra_building_material/wire/0","y":180},"facing=south,form=7":{"model":"yuushya:extra_building_material/wire/0","y":180},"facing=west,form=0":{"model":"yuushya:extra_building_material/wire/0","y":270},"facing=west,form=1":{"model":"yuushya:extra_building_material/wire/0","y":270},"facing=west,form=2":{"model":"yuushya:extra_building_material/wire/0","y":270},"facing=west,form=3":{"model":"yuushya:extra_building_material/wire/0","y":270},"facing=west,form=4":{"model":"yuushya:extra_building_material/wire/0","y":270},"facing=west,form=5":{"model":"yuushya:extra_building_material/wire/0","y":270},"facing=west,form=6":{"model":"yuushya:extra_building_material/wire/0","y":270},"facing=west,form=7":{"model":"yuushya:extra_building_material/wire/0","y":270}}}