{
	"credit": "Yuushya",
	"elements": [
		{
			"from": [1.5, 10, 7],
			"to": [14.5, 11.25, 14],
			"rotation": {"angle": 0, "axis": "y", "origin": [8.5, 10.625, 10]},
			"color": 5,
			"faces": {
				"north": {"uv": [14, 1, 2, 2], "texture": "#missing"},
				"east": {"uv": [13, 0, 0, 1], "texture": "#missing"},
				"south": {"uv": [14, 1, 2, 2], "texture": "#missing"},
				"west": {"uv": [13, 0, 0, 1], "texture": "#missing"},
				"up": {"uv": [2, 14, 14, 1], "texture": "#missing"},
				"down": {"uv": [2, 14, 14, 1], "texture": "#missing"}
			}
		},
		{
			"from": [12.25, 12, 12],
			"to": [13.25, 21.25, 13],
			"rotation": {"angle": 22.5, "axis": "x", "origin": [10.25, 12.625, 9]},
			"color": 5,
			"faces": {
				"north": {"uv": [14, 1, 2, 2], "texture": "#missing"},
				"east": {"uv": [13, 0, 0, 1], "texture": "#missing"},
				"south": {"uv": [14, 1, 2, 2], "texture": "#missing"},
				"west": {"uv": [13, 0, 0, 1], "texture": "#missing"},
				"up": {"uv": [2, 14, 14, 1], "texture": "#missing"},
				"down": {"uv": [2, 14, 14, 1], "texture": "#missing"}
			}
		},
		{
			"from": [2.75, 12, 12],
			"to": [3.75, 21.25, 13],
			"rotation": {"angle": 22.5, "axis": "x", "origin": [0.75, 12.625, 9]},
			"color": 5,
			"faces": {
				"north": {"uv": [14, 1, 2, 2], "texture": "#missing"},
				"east": {"uv": [13, 0, 0, 1], "texture": "#missing"},
				"south": {"uv": [14, 1, 2, 2], "texture": "#missing"},
				"west": {"uv": [13, 0, 0, 1], "texture": "#missing"},
				"up": {"uv": [2, 14, 14, 1], "texture": "#missing"},
				"down": {"uv": [2, 14, 14, 1], "texture": "#missing"}
			}
		},
		{
			"from": [2, 10, 4],
			"to": [14, 11.25, 7],
			"rotation": {"angle": 0, "axis": "y", "origin": [8.5, 10.625, 4]},
			"color": 5,
			"faces": {
				"north": {"uv": [14, 1, 2, 2], "texture": "#missing"},
				"east": {"uv": [13, 0, 0, 1], "texture": "#missing"},
				"south": {"uv": [14, 1, 2, 2], "texture": "#missing"},
				"west": {"uv": [13, 0, 0, 1], "texture": "#missing"},
				"up": {"uv": [2, 14, 14, 1], "texture": "#missing"},
				"down": {"uv": [2, 14, 14, 1], "texture": "#missing"}
			}
		},
		{
			"from": [3, 10, 2],
			"to": [13, 11.25, 4],
			"rotation": {"angle": 0, "axis": "y", "origin": [8.5, 10.625, 1]},
			"color": 5,
			"faces": {
				"north": {"uv": [14, 1, 2, 2], "texture": "#missing"},
				"east": {"uv": [13, 0, 0, 1], "texture": "#missing"},
				"south": {"uv": [14, 1, 2, 2], "texture": "#missing"},
				"west": {"uv": [13, 0, 0, 1], "texture": "#missing"},
				"up": {"uv": [2, 14, 14, 1], "texture": "#missing"},
				"down": {"uv": [2, 14, 14, 1], "texture": "#missing"}
			}
		},
		{
			"from": [7, 0, 8],
			"to": [9, 10, 10],
			"rotation": {"angle": 0, "axis": "y", "origin": [7.75, 5, 8.75]},
			"color": 1,
			"faces": {
				"north": {"uv": [1.5, 0, 3, 16], "texture": "#missing"},
				"east": {"uv": [1.5, 0, 3, 16], "texture": "#missing"},
				"south": {"uv": [1.5, 0, 3, 16], "texture": "#missing"},
				"west": {"uv": [1.5, 0, 3, 16], "texture": "#missing"},
				"up": {"uv": [1.5, 0, 3, 1.5], "texture": "#missing"},
				"down": {"uv": [1.5, 0, 3, 1.5], "texture": "#missing"}
			}
		},
		{
			"from": [2, 19, 15],
			"to": [14, 24, 16],
			"rotation": {"angle": 0, "axis": "y", "origin": [15, 27, 23]},
			"color": 7,
			"faces": {
				"north": {"uv": [0, 0, 12, 5], "texture": "#missing"},
				"east": {"uv": [0, 0, 1, 5], "texture": "#missing"},
				"south": {"uv": [0, 0, 12, 5], "texture": "#missing"},
				"west": {"uv": [0, 0, 1, 5], "texture": "#missing"},
				"up": {"uv": [0, 0, 12, 1], "texture": "#missing"},
				"down": {"uv": [0, 0, 12, 1], "texture": "#missing"}
			}
		},
		{
			"from": [3, 24, 15],
			"to": [13, 25, 16],
			"rotation": {"angle": 0, "axis": "y", "origin": [15, 28, 23]},
			"color": 7,
			"faces": {
				"north": {"uv": [0, 0, 10, 1], "texture": "#missing"},
				"east": {"uv": [0, 0, 1, 1], "texture": "#missing"},
				"south": {"uv": [0, 0, 10, 1], "texture": "#missing"},
				"west": {"uv": [0, 0, 1, 1], "texture": "#missing"},
				"up": {"uv": [0, 0, 10, 1], "texture": "#missing"},
				"down": {"uv": [0, 0, 10, 1], "texture": "#missing"}
			}
		}
	],
	"gui_light": "front",
	"display": {
		"thirdperson_righthand": {
			"scale": [0.5, 0.5, 0.5]
		},
		"thirdperson_lefthand": {
			"scale": [0.5, 0.5, 0.5]
		},
		"firstperson_righthand": {
			"rotation": [0, 45, 0],
			"scale": [0.5, 0.5, 0.5]
		},
		"firstperson_lefthand": {
			"rotation": [0, 45, 0],
			"translation": [4, 0, 0],
			"scale": [0.5, 0.5, 0.5]
		},
		"ground": {
			"scale": [0.4, 0.4, 0.4]
		},
		"gui": {
			"rotation": [22.5, 45, 0],
			"translation": [2, -0.25, 0],
			"scale": [0.7, 0.7, 0.7]
		},
		"fixed": {
			"scale": [0.5, 0.5, 0.5]
		}
	}
}