{
	"credit": "Yuushya",
	"texture_size": [32, 32],
	"textures": {
		"0": "yuushya:0extra_building_material/preview/lays",
		"particle": "yuushya:0extra_building_material/preview/lays"
	},
	"elements": [
		{
			"from": [9.025, 6.16271, 6.41412],
			"to": [15.9875, 9.16271, 9.41412],
			"rotation": {"angle": 22.5, "axis": "x", "origin": [12.50313, 6.8074, 8.77097]},
			"faces": {
				"north": {"uv": [0, 0.5, 3.5, 2], "texture": "#0"},
				"east": {"uv": [3.5, 0.5, 5, 2], "rotation": 90, "texture": "#0"},
				"west": {"uv": [3.5, 0.5, 5, 2], "texture": "#0"},
				"up": {"uv": [0, 0, 3.5, 1.5], "texture": "#0"}
			}
		},
		{
			"from": [9, 3.18905, 6.67071],
			"to": [16, 8.01405, 10.89571],
			"rotation": {"angle": -22.5, "axis": "x", "origin": [12.50313, 6.8074, 8.77097]},
			"faces": {
				"north": {"uv": [0, 2, 3.5, 4.5], "texture": "#0"},
				"east": {"uv": [3, 2, 5, 4.5], "texture": "#0"},
				"south": {"uv": [0, 1.5, 3.5, 4], "texture": "#0"},
				"west": {"uv": [3, 2, 5, 4.5], "texture": "#0"}
			}
		},
		{
			"from": [9.025, 2.75234, 9.82204],
			"to": [15.9875, 5.75234, 12.82204],
			"rotation": {"angle": 22.5, "axis": "x", "origin": [12.50313, 6.8074, 8.77097]},
			"faces": {
				"east": {"uv": [3.5, 4, 5, 5.5], "rotation": 180, "texture": "#0"},
				"south": {"uv": [0, 4, 3.5, 5.5], "texture": "#0"},
				"west": {"uv": [3.5, 4, 5, 5.5], "rotation": 90, "texture": "#0"},
				"up": {"uv": [7, 0, 13.9625, 2], "rotation": 180, "texture": "#0"},
				"down": {"uv": [0, 4, 3.5, 5.5], "rotation": 180, "texture": "#0"}
			}
		},
		{
			"from": [9, 9.78815, 8.76263],
			"to": [16, 11.03815, 8.76263],
			"rotation": {"angle": -22.5, "axis": "x", "origin": [12.50313, 6.8074, 8.77097]},
			"faces": {
				"north": {"uv": [0, 0, 3.5, 0.625], "texture": "#0"},
				"east": {"uv": [0, 0, 0, 1.25], "texture": "#0"},
				"south": {"uv": [0, 0, 3.5, 0.625], "texture": "#0"},
				"west": {"uv": [0, 0, 0, 1.25], "texture": "#0"},
				"up": {"uv": [0, 0, 7, 0], "texture": "#0"},
				"down": {"uv": [0, 0, 7, 0], "texture": "#0"}
			}
		}
	],
	"groups": [
		{
			"name": "group",
			"origin": [3.5, 6, 9.325],
			"children": [0, 1, 2, 3]
		}
	]
}