{
	"credit": "Yuushya",
	"ambientocclusion": false,
	"textures": {
		"0": "yuushya:0extra_building_block/wool/black_wool",
		"particle": "yuushya:0extra_building_material/preview/carpet/black_carpet",
		"fan": "yuushya:0extra_building_material/preview/carpet/black_carpet"
	},
	"elements": [
		{
			"from": [0, 0, 0],
			"to": [16, 16.1, 16],
			"faces": {
				"north": {"uv": [0, 0, 16, 16], "texture": "#0"},
				"east": {"uv": [0, 0, 16, 16], "texture": "#0"},
				"south": {"uv": [0, 0, 16, 16], "texture": "#0"},
				"west": {"uv": [0, 0, 16, 16], "texture": "#0"},
				"up": {"uv": [0, 0, 16, 16], "texture": "#0"},
				"down": {"uv": [0, 0, 16, 16], "texture": "#0"}
			}
		},
		{
			"from": [8, 16.03, 0],
			"to": [24, 16.03, 16],
			"shade": false,
			"rotation": {"angle": 0, "axis": "z", "origin": [8, 16.1, 0]},
			"faces": {
				"up": {"uv": [0, 0, 16, 16], "rotation": 90, "texture": "#fan"},
				"down": {"uv": [0, 16, 16, 0], "rotation": 270, "texture": "#fan"}
			}
		},
		{
			"from": [-8, 16.03, 0],
			"to": [8, 16.03, 16],
			"shade": false,
			"rotation": {"angle": 0, "axis": "z", "origin": [8, 16.3, 0]},
			"faces": {
				"up": {"uv": [0, 0, 16, 16], "rotation": 270, "texture": "#fan"},
				"down": {"uv": [0, 16, 16, 0], "rotation": 90, "texture": "#fan"}
			}
		},
		{
			"from": [0, 16.03, 8],
			"to": [16, 16.03, 24],
			"shade": false,
			"rotation": {"angle": 0, "axis": "x", "origin": [0, 16.2, 8]},
			"faces": {
				"up": {"uv": [16, 16, 0, 0], "texture": "#fan"},
				"down": {"uv": [16, 0, 0, 16], "texture": "#fan"}
			}
		},
		{
			"from": [0, 16.03, -8],
			"to": [16, 16.03, 8],
			"shade": false,
			"rotation": {"angle": 0, "axis": "x", "origin": [0, 16.1, 8]},
			"faces": {
				"up": {"uv": [16, 0, 0, 16], "texture": "#fan"},
				"down": {"uv": [0, 16, 16, 0], "texture": "#fan"}
			}
		}
	],
	"display": {
		"thirdperson_righthand": {
			"rotation": [75, 45, 0],
			"translation": [0, 2.5, 0],
			"scale": [0.375, 0.375, 0.375]
		},
		"thirdperson_lefthand": {
			"rotation": [75, 45, 0],
			"translation": [0, 2.5, 0],
			"scale": [0.375, 0.375, 0.375]
		},
		"firstperson_righthand": {
			"rotation": [0, 45, 0],
			"scale": [0.4, 0.4, 0.4]
		},
		"firstperson_lefthand": {
			"rotation": [0, 225, 0],
			"scale": [0.4, 0.4, 0.4]
		},
		"ground": {
			"translation": [0, 3, 0],
			"scale": [0.25, 0.25, 0.25]
		},
		"gui": {
			"rotation": [30, 225, 0],
			"scale": [0.625, 0.625, 0.625]
		},
		"fixed": {
			"scale": [0.5, 0.5, 0.5]
		}
	},
	"groups": [0,
		{
			"name": "coral_fan",
			"origin": [8, 8, 8],
			"children": [1, 2, 3, 4]
		}
	]
}