{
	"credit": "Yuushya",
	"parent": "block/block",
	"texture_size": [48, 48],
	"textures": {
		"0": "block/dark_concrete",
		"3": "block/black_wool",
		"4": "yuushya:0extra_building_material/preview/board/1xcad/template",
		"particle": "block/dark_concrete"
	},
	"elements": [
		{
			"from": [-13, -1, 4],
			"to": [27, 14, 11],
			"rotation": {"angle": 0, "axis": "y", "origin": [7, 8, 8]},
			"faces": {
				"north": {"uv": [0, 0, 13.33333, 5], "texture": "#4"},
				"east": {"uv": [0, 10.66667, 2.33333, 15.66667], "texture": "#4"},
				"south": {"uv": [0, 0, 13.33333, 5], "texture": "#4"},
				"west": {"uv": [0, 10.66667, 2.33333, 15.66667], "texture": "#4"},
				"up": {"uv": [0, 4.66667, 13.33333, 5], "texture": "#4"},
				"down": {"uv": [0, 4.66667, 13.33333, 5], "rotation": 180, "texture": "#4"}
			}
		},
		{
			"from": [3.1, 13, 5],
			"to": [11.1, 16, 7],
			"rotation": {"angle": 0, "axis": "y", "origin": [7, 8, 8]},
			"faces": {
				"north": {"uv": [0, 0, 8, 3], "rotation": 180, "texture": "#3"},
				"east": {"uv": [0, 0, 2, 3], "rotation": 180, "texture": "#3"},
				"south": {"uv": [0, 0, 8, 3], "rotation": 180, "texture": "#3"},
				"west": {"uv": [0, 0, 2, 3], "rotation": 180, "texture": "#0"},
				"up": {"uv": [0, 0, 2, 8], "rotation": 270, "texture": "#3"},
				"down": {"uv": [0, 0, 2, 8], "rotation": 90, "texture": "#3"}
			}
		},
		{
			"from": [3.1, 13, 8],
			"to": [11.1, 16, 10],
			"rotation": {"angle": 0, "axis": "y", "origin": [7, 8, 8]},
			"faces": {
				"north": {"uv": [0, 0, 8, 3], "rotation": 180, "texture": "#3"},
				"east": {"uv": [0, 0, 2, 3], "rotation": 180, "texture": "#3"},
				"south": {"uv": [0, 0, 8, 3], "rotation": 180, "texture": "#3"},
				"west": {"uv": [0, 0, 2, 3], "rotation": 180, "texture": "#0"},
				"up": {"uv": [0, 0, 2, 8], "rotation": 270, "texture": "#3"},
				"down": {"uv": [0, 0, 2, 8], "rotation": 90, "texture": "#3"}
			}
		},
		{
			"from": [12, 14, 5],
			"to": [13, 16, 7],
			"rotation": {"angle": 0, "axis": "y", "origin": [7, 8, 8]},
			"faces": {
				"north": {"uv": [0, 0, 1, 2], "rotation": 180, "texture": "#3"},
				"east": {"uv": [0, 0, 2, 2], "rotation": 180, "texture": "#3"},
				"south": {"uv": [0, 0, 1, 2], "rotation": 180, "texture": "#3"},
				"west": {"uv": [0, 0, 2, 2], "rotation": 180, "texture": "#3"},
				"up": {"uv": [0, 0, 2, 1], "rotation": 270, "texture": "#3"},
				"down": {"uv": [0, 0, 2, 1], "rotation": 90, "texture": "#3"}
			}
		},
		{
			"from": [12, 14, 8],
			"to": [13, 16, 10],
			"rotation": {"angle": 0, "axis": "y", "origin": [7, 8, 8]},
			"faces": {
				"north": {"uv": [0, 0, 1, 2], "rotation": 180, "texture": "#3"},
				"east": {"uv": [0, 0, 2, 2], "rotation": 180, "texture": "#3"},
				"south": {"uv": [0, 0, 1, 2], "rotation": 180, "texture": "#3"},
				"west": {"uv": [0, 0, 2, 2], "rotation": 180, "texture": "#3"},
				"up": {"uv": [0, 0, 2, 1], "rotation": 270, "texture": "#3"},
				"down": {"uv": [0, 0, 2, 1], "rotation": 90, "texture": "#3"}
			}
		},
		{
			"from": [1, 14, 5],
			"to": [2, 16, 7],
			"rotation": {"angle": 0, "axis": "y", "origin": [7, 8, 8]},
			"faces": {
				"north": {"uv": [0, 0, 1, 2], "rotation": 180, "texture": "#3"},
				"east": {"uv": [0, 0, 2, 2], "rotation": 180, "texture": "#3"},
				"south": {"uv": [0, 0, 1, 2], "rotation": 180, "texture": "#3"},
				"west": {"uv": [0, 0, 2, 2], "rotation": 180, "texture": "#3"},
				"up": {"uv": [0, 0, 2, 1], "rotation": 270, "texture": "#3"},
				"down": {"uv": [0, 0, 2, 1], "rotation": 90, "texture": "#3"}
			}
		},
		{
			"from": [1, 14, 8],
			"to": [2, 16, 10],
			"rotation": {"angle": 0, "axis": "y", "origin": [7, 8, 8]},
			"faces": {
				"north": {"uv": [0, 0, 1, 2], "rotation": 180, "texture": "#3"},
				"east": {"uv": [0, 0, 2, 2], "rotation": 180, "texture": "#3"},
				"south": {"uv": [0, 0, 1, 2], "rotation": 180, "texture": "#3"},
				"west": {"uv": [0, 0, 2, 2], "rotation": 180, "texture": "#3"},
				"up": {"uv": [0, 0, 2, 1], "rotation": 270, "texture": "#3"},
				"down": {"uv": [0, 0, 2, 1], "rotation": 90, "texture": "#3"}
			}
		}
	],
	"display": {
		"thirdperson_righthand": {
			"rotation": [75, 45, 0],
			"translation": [0, 2.5, 0],
			"scale": [0.375, 0.375, 0.375]
		},
		"thirdperson_lefthand": {
			"rotation": [75, 45, 0],
			"translation": [0, 2.5, 0],
			"scale": [0.375, 0.375, 0.375]
		},
		"firstperson_righthand": {
			"rotation": [-94.75, 45, 0],
			"translation": [1.5, 0, 0.25],
			"scale": [0.4, 0.4, 0.4]
		},
		"firstperson_lefthand": {
			"rotation": [-94.75, 45, 0],
			"translation": [1.5, 0, 0.25],
			"scale": [0.4, 0.4, 0.4]
		},
		"ground": {
			"translation": [0, 3, 0],
			"scale": [0.25, 0.25, 0.25]
		},
		"gui": {
			"rotation": [30, 225, 0],
			"translation": [-0.5, 0, 0],
			"scale": [0.5, 0.5, 0.5]
		},
		"fixed": {
			"rotation": [-90, 0, 0],
			"translation": [0, 0, -14],
			"scale": [2, 2, 2]
		}
	}
}