{
	"credit": "Yuushya",
	"texture_size": [48, 48],
	"textures": {
		"0": "block/dark_concrete",
		"3": "block/black_wool",
		"4": "yuushya:0extra_building_material/preview/board/vad/5",
		"particle": "block/dark_concrete"
	},
	"elements": [
		{
			"from": [4, -12, 2],
			"to": [7, 16, 17],
			"rotation": {"angle": 0, "axis": "y", "origin": [8, 2, 8]},
			"faces": {
				"north": {"uv": [6.33333, 0, 7.33333, 9.33333], "texture": "#4"},
				"east": {"uv": [0, 0, 5, 9.33333], "rotation": 180, "texture": "#4"},
				"south": {"uv": [6.33333, 0, 7.33333, 9.33333], "rotation": 180, "texture": "#4"},
				"west": {"uv": [0, 0, 5, 9.33333], "texture": "#4"},
				"up": {"uv": [6.33333, 0.33333, 7.33333, 5.33333], "rotation": 180, "texture": "#4"},
				"down": {"uv": [6.33333, 0.33333, 7.33333, 5.33333], "texture": "#4"}
			}
		},
		{
			"from": [9, -12, 2],
			"to": [12, 16, 17],
			"rotation": {"angle": 0, "axis": "y", "origin": [8, 2, 8]},
			"faces": {
				"north": {"uv": [6.33333, 0, 7.33333, 9.33333], "texture": "#4"},
				"east": {"uv": [0, 0, 5, 9.33333], "texture": "#4"},
				"south": {"uv": [6.33333, 0, 7.33333, 9.33333], "rotation": 180, "texture": "#4"},
				"west": {"uv": [0, 0, 5, 9.33333], "texture": "#4"},
				"up": {"uv": [6.33333, 0.33333, 7.33333, 5.33333], "rotation": 180, "texture": "#4"},
				"down": {"uv": [6.33333, 0.33333, 7.33333, 5.33333], "texture": "#4"}
			}
		},
		{
			"from": [7, 0, 2],
			"to": [9, 16, 17],
			"rotation": {"angle": 0, "axis": "y", "origin": [8, 2, 8]},
			"faces": {
				"north": {"uv": [0, 0, 16, 2], "rotation": 90, "texture": "#0"},
				"east": {"uv": [14, 16, 0, 0], "rotation": 180, "texture": "#0"},
				"south": {"uv": [0, 0, 16, 2], "rotation": 270, "texture": "#0"},
				"west": {"uv": [0, 0, 14, 16], "texture": "#0"},
				"up": {"uv": [0, 0, 14, 2], "rotation": 270, "texture": "#0"},
				"down": {"uv": [0, 0, 14, 2], "rotation": 270, "texture": "#0"}
			}
		},
		{
			"from": [7, -12, 2],
			"to": [9, 0, 17],
			"rotation": {"angle": 0, "axis": "y", "origin": [8, 2, 8]},
			"faces": {
				"north": {"uv": [0, 0, 12, 2], "rotation": 90, "texture": "#0"},
				"east": {"uv": [14, 12, 0, 0], "rotation": 180, "texture": "#0"},
				"south": {"uv": [0, 0, 12, 2], "rotation": 270, "texture": "#0"},
				"west": {"uv": [0, 0, 14, 12], "texture": "#0"},
				"up": {"uv": [0, 0, 14, 2], "rotation": 270, "texture": "#0"},
				"down": {"uv": [0, 0, 14, 2], "rotation": 270, "texture": "#0"}
			}
		},
		{
			"from": [7, 7.9, 0],
			"to": [9, 16, 2],
			"rotation": {"angle": 0, "axis": "y", "origin": [8, 2, 8]},
			"faces": {
				"north": {"uv": [0, 0, 2, 8], "texture": "#3"},
				"east": {"uv": [0, 0, 8, 2], "rotation": 270, "texture": "#3"},
				"south": {"uv": [0, 0, 2, 8], "rotation": 180, "texture": "#3"},
				"west": {"uv": [0, 0, 8, 2], "rotation": 90, "texture": "#3"},
				"up": {"uv": [0, 0, 2, 2], "rotation": 180, "texture": "#0"},
				"down": {"uv": [0, 0, 2, 2], "texture": "#3"}
			}
		},
		{
			"from": [7, 6, 0],
			"to": [9, 7, 2],
			"rotation": {"angle": 0, "axis": "y", "origin": [8, 2, 8]},
			"faces": {
				"north": {"uv": [0, 0, 2, 1], "texture": "#3"},
				"east": {"uv": [0, 0, 1, 2], "rotation": 270, "texture": "#3"},
				"south": {"uv": [0, 0, 2, 1], "rotation": 180, "texture": "#3"},
				"west": {"uv": [0, 0, 1, 2], "rotation": 90, "texture": "#3"},
				"up": {"uv": [0, 0, 2, 2], "rotation": 180, "texture": "#3"},
				"down": {"uv": [0, 0, 2, 2], "texture": "#3"}
			}
		}
	],
	"display": {
		"thirdperson_righthand": {
			"rotation": [75, 45, 0],
			"translation": [0, 2.5, 0],
			"scale": [0.375, 0.375, 0.375]
		},
		"thirdperson_lefthand": {
			"rotation": [75, 45, 0],
			"translation": [0, 2.5, 0],
			"scale": [0.375, 0.375, 0.375]
		},
		"firstperson_righthand": {
			"rotation": [-94.75, 45, 0],
			"translation": [1.5, 0, 0.25],
			"scale": [0.4, 0.4, 0.4]
		},
		"firstperson_lefthand": {
			"rotation": [-94.75, 45, 0],
			"translation": [1.5, 0, 0.25],
			"scale": [0.4, 0.4, 0.4]
		},
		"ground": {
			"translation": [0, 3, 0],
			"scale": [0.25, 0.25, 0.25]
		},
		"gui": {
			"rotation": [30, 225, 0],
			"translation": [0.5, 2, 0],
			"scale": [0.5, 0.5, 0.5]
		},
		"fixed": {
			"rotation": [-90, 0, 0],
			"translation": [0, 0, -14],
			"scale": [2, 2, 2]
		}
	}
}