{
	"credit": "Yuushya",
	"textures": {
		"0": "block/dark_concrete",
		"3": "block/black_wool",
		"4": "yuushya:0extra_building_material/preview/board/1xwallad/0",
		"particle": "yuushya:0extra_building_material/preview/board/1xwallad/0"
	},
	"elements": [
		{
			"from": [9, 0, 2],
			"to": [12, 16, 18],
			"rotation": {"angle": 0, "axis": "x", "origin": [16, 8, 10]},
			"faces": {
				"north": {"uv": [8, 8, 10, 16], "rotation": 180, "texture": "#4"},
				"east": {"uv": [0, 0, 8, 8], "texture": "#4"},
				"south": {"uv": [8, 8, 10, 16], "texture": "#4"},
				"west": {"uv": [16, 16, 0, 0], "rotation": 180, "texture": "#missing"},
				"up": {"uv": [8, 8, 10, 16], "texture": "#4"},
				"down": {"uv": [8, 8, 10, 16], "rotation": 180, "texture": "#4"}
			}
		},
		{
			"from": [4, 0, 2],
			"to": [7, 16, 18],
			"rotation": {"angle": 0, "axis": "x", "origin": [11, 8, 10]},
			"faces": {
				"north": {"uv": [8, 8, 10, 16], "rotation": 180, "texture": "#4"},
				"east": {"uv": [0, 0, 16, 16], "texture": "#missing"},
				"south": {"uv": [8, 8, 10, 16], "texture": "#4"},
				"west": {"uv": [0, 0, 8, 8], "texture": "#4"},
				"up": {"uv": [8, 8, 10, 16], "texture": "#4"},
				"down": {"uv": [8, 8, 10, 16], "rotation": 180, "texture": "#4"}
			}
		},
		{
			"from": [7, 0, 2],
			"to": [9, 16, 18],
			"rotation": {"angle": 0, "axis": "x", "origin": [13, 8, 10]},
			"faces": {
				"north": {"uv": [0, 0, 16, 2], "rotation": 270, "texture": "#0"},
				"east": {"uv": [0, 0, 16, 16], "texture": "#0"},
				"south": {"uv": [0, 0, 16, 2], "rotation": 90, "texture": "#0"},
				"west": {"uv": [16, 16, 0, 0], "rotation": 180, "texture": "#0"},
				"up": {"uv": [0, 0, 16, 2], "rotation": 90, "texture": "#0"},
				"down": {"uv": [0, 0, 16, 2], "rotation": 90, "texture": "#0"}
			}
		},
		{
			"from": [7, 7.9, 0],
			"to": [9, 15.9, 3],
			"rotation": {"angle": 0, "axis": "x", "origin": [8, 8, -5]},
			"faces": {
				"north": {"uv": [0, 0, 2, 8], "rotation": 180, "texture": "#3"},
				"east": {"uv": [0, 0, 8, 3], "rotation": 90, "texture": "#3"},
				"south": {"uv": [0, 0, 2, 8], "texture": "#3"},
				"west": {"uv": [0, 0, 8, 3], "rotation": 270, "texture": "#3"},
				"up": {"uv": [0, 0, 2, 3], "texture": "#0"},
				"down": {"uv": [0, 0, 2, 3], "rotation": 180, "texture": "#3"}
			}
		},
		{
			"from": [7, 6, 0],
			"to": [9, 7, 2],
			"rotation": {"angle": 0, "axis": "x", "origin": [8, 8, -6]},
			"faces": {
				"north": {"uv": [0, 0, 2, 1], "rotation": 180, "texture": "#3"},
				"east": {"uv": [0, 0, 1, 2], "rotation": 90, "texture": "#3"},
				"south": {"uv": [0, 0, 2, 1], "texture": "#3"},
				"west": {"uv": [0, 0, 1, 2], "rotation": 270, "texture": "#3"},
				"up": {"uv": [0, 0, 2, 2], "texture": "#3"},
				"down": {"uv": [0, 0, 2, 2], "rotation": 180, "texture": "#3"}
			}
		}
	],
	"display": {
		"thirdperson_righthand": {
			"rotation": [75, 45, 0],
			"translation": [0, 2.5, 0],
			"scale": [0.375, 0.375, 0.375]
		},
		"thirdperson_lefthand": {
			"rotation": [75, 45, 0],
			"translation": [0, 2.5, 0],
			"scale": [0.375, 0.375, 0.375]
		},
		"firstperson_righthand": {
			"rotation": [-94.75, 45, 0],
			"translation": [1.5, 0, 0.25],
			"scale": [0.4, 0.4, 0.4]
		},
		"firstperson_lefthand": {
			"rotation": [-94.75, 45, 0],
			"translation": [1.5, 0, 0.25],
			"scale": [0.4, 0.4, 0.4]
		},
		"ground": {
			"translation": [0, 3, 0],
			"scale": [0.25, 0.25, 0.25]
		},
		"gui": {
			"rotation": [30, -45, 0],
			"translation": [1, 0.5, 0],
			"scale": [0.625, 0.625, 0.625]
		},
		"fixed": {
			"rotation": [-90, 0, 0],
			"translation": [0, 0, -14],
			"scale": [2, 2, 2]
		}
	}
}