{
	"credit": "Yuushya",
	"textures": {
		"0": "block/dark_concrete",
		"3": "block/black_wool",
		"4": "yuushya:0extra_building_material/preview/board/1xwallad/4",
		"particle": "yuushya:0extra_building_material/preview/board/1xwallad/4"
	},
	"elements": [
		{
			"from": [9, 2, 1],
			"to": [12, 12, 17],
			"rotation": {"angle": 0, "axis": "x", "origin": [16, 10, 9]},
			"faces": {
				"north": {"uv": [8, 8, 9.5, 13], "rotation": 180, "texture": "#4"},
				"east": {"uv": [0, 0, 8, 5], "texture": "#4"},
				"south": {"uv": [8, 8, 9.5, 13], "texture": "#4"},
				"west": {"uv": [8, 5, 0, 0], "texture": "#missing"},
				"up": {"uv": [8, 8, 9.5, 16], "rotation": 180, "texture": "#4"},
				"down": {"uv": [8, 8, 9.5, 16], "texture": "#4"}
			}
		},
		{
			"from": [4, 2, 1],
			"to": [7, 12, 17],
			"rotation": {"angle": 0, "axis": "x", "origin": [11, 10, 9]},
			"faces": {
				"north": {"uv": [8, 8, 9.5, 13], "rotation": 180, "texture": "#4"},
				"east": {"uv": [0, 0, 8, 5], "rotation": 180, "texture": "#missing"},
				"south": {"uv": [8, 8, 9.5, 13], "texture": "#4"},
				"west": {"uv": [0, 0, 8, 5], "texture": "#4"},
				"up": {"uv": [8, 8, 9.5, 16], "rotation": 180, "texture": "#4"},
				"down": {"uv": [8, 8, 9.5, 16], "texture": "#4"}
			}
		},
		{
			"from": [7, 2, 1],
			"to": [9, 12, 17],
			"rotation": {"angle": 0, "axis": "x", "origin": [13, 10, 9]},
			"faces": {
				"north": {"uv": [0, 0, 16, 2], "rotation": 270, "texture": "#0"},
				"east": {"uv": [0, 0, 16, 16], "rotation": 180, "texture": "#0"},
				"south": {"uv": [0, 0, 16, 2], "rotation": 90, "texture": "#0"},
				"west": {"uv": [16, 16, 0, 0], "texture": "#0"},
				"up": {"uv": [0, 0, 16, 2], "rotation": 90, "texture": "#0"},
				"down": {"uv": [0, 0, 16, 2], "rotation": 90, "texture": "#0"}
			}
		},
		{
			"from": [7, 4, 0],
			"to": [9, 12, 1],
			"rotation": {"angle": 0, "axis": "x", "origin": [8, 10.9, 8]},
			"faces": {
				"north": {"uv": [0, 0, 2, 8], "rotation": 180, "texture": "#3"},
				"east": {"uv": [0, 0, 8, 1], "rotation": 270, "texture": "#3"},
				"south": {"uv": [0, 0, 2, 8], "texture": "#3"},
				"west": {"uv": [0, 0, 8, 1], "rotation": 90, "texture": "#3"},
				"up": {"uv": [0, 0, 2, 1], "rotation": 180, "texture": "#3"},
				"down": {"uv": [0, 0, 2, 1], "texture": "#0"}
			}
		}
	],
	"display": {
		"thirdperson_righthand": {
			"rotation": [75, 45, 0],
			"translation": [0, 2.5, 0],
			"scale": [0.375, 0.375, 0.375]
		},
		"thirdperson_lefthand": {
			"rotation": [75, 45, 0],
			"translation": [0, 2.5, 0],
			"scale": [0.375, 0.375, 0.375]
		},
		"firstperson_righthand": {
			"rotation": [-94.75, 45, 0],
			"translation": [1.5, 0, 0.25],
			"scale": [0.4, 0.4, 0.4]
		},
		"firstperson_lefthand": {
			"rotation": [-94.75, 45, 0],
			"translation": [1.5, 0, 0.25],
			"scale": [0.4, 0.4, 0.4]
		},
		"ground": {
			"translation": [0, 3, 0],
			"scale": [0.25, 0.25, 0.25]
		},
		"gui": {
			"rotation": [30, 225, 0],
			"translation": [0.5, 0, 0],
			"scale": [0.625, 0.625, 0.625]
		},
		"fixed": {
			"rotation": [-90, 0, 0],
			"translation": [0, 0, -14],
			"scale": [2, 2, 2]
		}
	}
}