{
	"credit": "Yuushya",
	"textures": {
		"0": "block/dark_concrete",
		"4": "yuushya:0extra_building_material/preview/board/2xwallad/0",
		"particle": "block/dark_concrete"
	},
	"elements": [
		{
			"from": [4, -16, 0],
			"to": [7, 16, 32],
			"faces": {
				"north": {"uv": [11, 0, 12, 10.66667], "texture": "#4"},
				"east": {"uv": [0, 0, 10.66667, 10.66667], "texture": "#4"},
				"south": {"uv": [11, 0, 12, 10.66667], "rotation": 180, "texture": "#4"},
				"west": {"uv": [0, 0, 10.66667, 10.66667], "texture": "#4"},
				"up": {"uv": [11, 0, 12, 10.66667], "rotation": 180, "texture": "#4"},
				"down": {"uv": [11, 0, 12, 10.66667], "texture": "#4"}
			}
		},
		{
			"from": [9, -16, 0],
			"to": [12, 16, 32],
			"faces": {
				"north": {"uv": [11, 0, 12, 10.66667], "texture": "#4"},
				"east": {"uv": [0, 0, 10.66667, 10.66667], "texture": "#4"},
				"south": {"uv": [11, 0, 12, 10.66667], "rotation": 180, "texture": "#4"},
				"west": {"uv": [0, 0, 10.66667, 10.66667], "texture": "#4"},
				"up": {"uv": [11, 0, 12, 10.66667], "rotation": 180, "texture": "#4"},
				"down": {"uv": [11, 0, 12, 10.66667], "texture": "#4"}
			}
		},
		{
			"from": [7, -15, 0],
			"to": [9, 0, 16],
			"rotation": {"angle": 0, "axis": "y", "origin": [8, -8, 8]},
			"faces": {
				"north": {"uv": [0, 0, 16, 2], "rotation": 90, "texture": "#0"},
				"east": {"uv": [16, 16, 0, 0], "rotation": 180, "texture": "#0"},
				"south": {"uv": [0, 0, 16, 2], "rotation": 270, "texture": "#0"},
				"west": {"uv": [0, 0, 16, 16], "texture": "#0"},
				"up": {"uv": [0, 0, 16, 2], "rotation": 270, "texture": "#0"},
				"down": {"uv": [0, 0, 16, 2], "rotation": 270, "texture": "#0"}
			}
		},
		{
			"from": [7, -15, 16],
			"to": [9, 0, 31],
			"rotation": {"angle": 0, "axis": "y", "origin": [8, -8, 8]},
			"faces": {
				"north": {"uv": [0, 0, 16, 2], "rotation": 90, "texture": "#0"},
				"east": {"uv": [16, 16, 0, 0], "rotation": 180, "texture": "#0"},
				"south": {"uv": [0, 0, 16, 2], "rotation": 270, "texture": "#0"},
				"west": {"uv": [0, 0, 16, 16], "texture": "#0"},
				"up": {"uv": [0, 0, 16, 2], "rotation": 270, "texture": "#0"},
				"down": {"uv": [0, 0, 16, 2], "rotation": 270, "texture": "#0"}
			}
		},
		{
			"from": [7, 0, 0],
			"to": [9, 15, 16],
			"faces": {
				"north": {"uv": [0, 0, 16, 2], "rotation": 90, "texture": "#0"},
				"east": {"uv": [16, 16, 0, 0], "rotation": 180, "texture": "#0"},
				"south": {"uv": [0, 0, 16, 2], "rotation": 270, "texture": "#0"},
				"west": {"uv": [0, 0, 16, 16], "texture": "#0"},
				"up": {"uv": [0, 0, 16, 2], "rotation": 270, "texture": "#0"},
				"down": {"uv": [0, 0, 16, 2], "rotation": 270, "texture": "#0"}
			}
		},
		{
			"from": [7, 0, 16],
			"to": [9, 15, 31],
			"faces": {
				"north": {"uv": [0, 0, 16, 2], "rotation": 90, "texture": "#0"},
				"east": {"uv": [16, 16, 0, 0], "rotation": 180, "texture": "#0"},
				"south": {"uv": [0, 0, 16, 2], "rotation": 270, "texture": "#0"},
				"west": {"uv": [0, 0, 16, 16], "texture": "#0"},
				"up": {"uv": [0, 0, 16, 2], "rotation": 270, "texture": "#0"},
				"down": {"uv": [0, 0, 16, 2], "rotation": 270, "texture": "#0"}
			}
		}
	],
	"gui_light": "front",
	"display": {
		"thirdperson_righthand": {
			"rotation": [75, 45, 0],
			"translation": [0, 2.5, 0],
			"scale": [0.375, 0.375, 0.375]
		},
		"thirdperson_lefthand": {
			"rotation": [75, 45, 0],
			"translation": [0, 2.5, 0],
			"scale": [0.375, 0.375, 0.375]
		},
		"firstperson_righthand": {
			"rotation": [-94.75, 45, 0],
			"translation": [1.5, 0, 0.25],
			"scale": [0.4, 0.4, 0.4]
		},
		"firstperson_lefthand": {
			"rotation": [-94.75, 45, 0],
			"translation": [1.5, 0, 0.25],
			"scale": [0.4, 0.4, 0.4]
		},
		"ground": {
			"translation": [0, 3, 0],
			"scale": [0.25, 0.25, 0.25]
		},
		"gui": {
			"rotation": [30, 225, 0],
			"translation": [2.25, 2.25, 0],
			"scale": [0.4, 0.4, 0.4]
		},
		"fixed": {
			"rotation": [-90, 0, 0],
			"translation": [0, 0, -17],
			"scale": [2, 2, 2]
		}
	}
}