{
	"credit": "Yuushya",
	"parent": "block/block",
	"textures": {
		"0": "block/dark_concrete",
		"1": "block/white_wool",
		"2": "yuushya:0extra_building_material/preview/advertisement",
		"3": "block/black_wool",
		"particle": "block/dark_concrete"
	},
	"elements": [
		{
			"from": [5, 4, -3],
			"to": [11, 20, 13],
			"rotation": {"angle": 0, "axis": "z", "origin": [16, 12, 5]},
			"faces": {
				"north": {"uv": [0, 0, 16, 6], "rotation": 270, "texture": "#0"},
				"east": {"uv": [0, 0, 16, 16], "rotation": 270, "texture": "#2"},
				"south": {"uv": [0, 0, 16, 6], "rotation": 90, "texture": "#0"},
				"west": {"uv": [16, 16, 0, 0], "rotation": 270, "texture": "#2"},
				"up": {"uv": [0, 0, 16, 6], "rotation": 90, "texture": "#0"},
				"down": {"uv": [0, 0, 16, 6], "rotation": 90, "texture": "#0"}
			}
		},
		{
			"from": [4, 5, 12],
			"to": [5, 19, 13],
			"rotation": {"angle": 0, "axis": "z", "origin": [12, 12, 20]},
			"faces": {
				"north": {"uv": [0, 0, 14, 1], "rotation": 270, "texture": "#1"},
				"east": {"uv": [0, 0, 14, 1], "rotation": 90, "texture": "#1"},
				"south": {"uv": [0, 0, 14, 1], "rotation": 90, "texture": "#1"},
				"west": {"uv": [0, 0, 14, 1], "rotation": 90, "texture": "#1"},
				"up": {"uv": [0, 0, 1, 1], "rotation": 90, "texture": "#1"},
				"down": {"uv": [0, 0, 1, 1], "rotation": 90, "texture": "#1"}
			}
		},
		{
			"from": [4, 4, -3],
			"to": [5, 5, 13],
			"rotation": {"angle": 0, "axis": "z", "origin": [12, -3.5, 5.5]},
			"faces": {
				"north": {"uv": [0, 0, 1, 1], "rotation": 270, "texture": "#1"},
				"east": {"uv": [15, 0, 16, 16], "rotation": 90, "texture": "#1"},
				"south": {"uv": [0, 0, 1, 1], "rotation": 90, "texture": "#1"},
				"west": {"uv": [0, 0, 1, 16], "rotation": 90, "texture": "#1"},
				"up": {"uv": [0, 0, 16, 1], "rotation": 90, "texture": "#1"},
				"down": {"uv": [0, 0, 16, 1], "rotation": 90, "texture": "#1"}
			}
		},
		{
			"from": [4, 19, -3],
			"to": [5, 20, 13],
			"rotation": {"angle": 0, "axis": "z", "origin": [12, 12, 5.5]},
			"faces": {
				"north": {"uv": [0, 0, 1, 1], "rotation": 270, "texture": "#1"},
				"east": {"uv": [15, 0, 16, 16], "rotation": 90, "texture": "#1"},
				"south": {"uv": [0, 0, 1, 1], "rotation": 90, "texture": "#1"},
				"west": {"uv": [0, 0, 1, 16], "rotation": 90, "texture": "#1"},
				"up": {"uv": [0, 0, 16, 1], "rotation": 90, "texture": "#1"},
				"down": {"uv": [0, 0, 16, 1], "rotation": 90, "texture": "#1"}
			}
		},
		{
			"from": [4, 5, -3],
			"to": [5, 19, -2],
			"rotation": {"angle": 0, "axis": "z", "origin": [12, 12, 5]},
			"faces": {
				"north": {"uv": [0, 0, 14, 1], "rotation": 270, "texture": "#1"},
				"east": {"uv": [0, 0, 14, 1], "rotation": 90, "texture": "#1"},
				"south": {"uv": [0, 0, 14, 1], "rotation": 90, "texture": "#1"},
				"west": {"uv": [0, 0, 14, 1], "rotation": 90, "texture": "#1"},
				"up": {"uv": [0, 0, 1, 1], "rotation": 90, "texture": "#1"},
				"down": {"uv": [0, 0, 1, 1], "rotation": 90, "texture": "#1"}
			}
		},
		{
			"from": [11, 5, -3],
			"to": [12, 19, -2],
			"rotation": {"angle": 0, "axis": "z", "origin": [19, 12, 5]},
			"faces": {
				"north": {"uv": [0, 0, 14, 1], "rotation": 270, "texture": "#1"},
				"east": {"uv": [0, 0, 14, 1], "rotation": 90, "texture": "#1"},
				"south": {"uv": [0, 0, 14, 1], "rotation": 90, "texture": "#1"},
				"west": {"uv": [0, 0, 14, 1], "rotation": 90, "texture": "#1"},
				"up": {"uv": [0, 0, 1, 1], "rotation": 90, "texture": "#1"},
				"down": {"uv": [0, 0, 1, 1], "rotation": 90, "texture": "#1"}
			}
		},
		{
			"from": [11, 5, 12],
			"to": [12, 19, 13],
			"rotation": {"angle": 0, "axis": "z", "origin": [19, 12, 20]},
			"faces": {
				"north": {"uv": [0, 0, 14, 1], "rotation": 270, "texture": "#1"},
				"east": {"uv": [0, 0, 14, 1], "rotation": 90, "texture": "#1"},
				"south": {"uv": [0, 0, 14, 1], "rotation": 90, "texture": "#1"},
				"west": {"uv": [0, 0, 14, 1], "rotation": 90, "texture": "#1"},
				"up": {"uv": [0, 0, 1, 1], "rotation": 90, "texture": "#1"},
				"down": {"uv": [0, 0, 1, 1], "rotation": 90, "texture": "#1"}
			}
		},
		{
			"from": [11, 19, -3],
			"to": [12, 20, 13],
			"rotation": {"angle": 0, "axis": "z", "origin": [19, 12, 5.5]},
			"faces": {
				"north": {"uv": [0, 0, 1, 1], "rotation": 270, "texture": "#1"},
				"east": {"uv": [15, 0, 16, 16], "rotation": 90, "texture": "#1"},
				"south": {"uv": [0, 0, 1, 1], "rotation": 90, "texture": "#1"},
				"west": {"uv": [0, 0, 1, 16], "rotation": 90, "texture": "#1"},
				"up": {"uv": [0, 0, 16, 1], "rotation": 90, "texture": "#1"},
				"down": {"uv": [0, 0, 16, 1], "rotation": 90, "texture": "#1"}
			}
		},
		{
			"from": [11, 4, -3],
			"to": [12, 5, 13],
			"rotation": {"angle": 0, "axis": "z", "origin": [19, -3.5, 5.5]},
			"faces": {
				"north": {"uv": [0, 0, 1, 1], "rotation": 270, "texture": "#1"},
				"east": {"uv": [15, 0, 16, 16], "rotation": 90, "texture": "#1"},
				"south": {"uv": [0, 0, 1, 1], "rotation": 90, "texture": "#1"},
				"west": {"uv": [0, 0, 1, 16], "rotation": 90, "texture": "#1"},
				"up": {"uv": [0, 0, 16, 1], "rotation": 90, "texture": "#1"},
				"down": {"uv": [0, 0, 16, 1], "rotation": 90, "texture": "#1"}
			}
		},
		{
			"from": [7, 0, 7],
			"to": [9, 3, 16],
			"rotation": {"angle": 0, "axis": "y", "origin": [15, 8, 15.9]},
			"faces": {
				"north": {"uv": [0, 0, 2, 3], "texture": "#3"},
				"east": {"uv": [0, 0, 9, 3], "texture": "#3"},
				"south": {"uv": [0, 0, 2, 3], "texture": "#3"},
				"west": {"uv": [0, 0, 9, 3], "texture": "#3"},
				"up": {"uv": [0, 0, 2, 9], "texture": "#3"},
				"down": {"uv": [0, 0, 2, 9], "texture": "#3"}
			}
		},
		{
			"from": [7, 0, 6],
			"to": [9, 4, 7],
			"rotation": {"angle": 0, "axis": "y", "origin": [15, 8, 14]},
			"faces": {
				"north": {"uv": [5, 12, 7, 16], "texture": "#3"},
				"east": {"uv": [3, 1, 4, 5], "texture": "#3"},
				"south": {"uv": [0, 0, 2, 4], "texture": "#3"},
				"west": {"uv": [3, 1, 4, 5], "texture": "#3"},
				"up": {"uv": [0, 0, 2, 1], "texture": "#3"},
				"down": {"uv": [0, 0, 2, 1], "texture": "#3"}
			}
		},
		{
			"from": [7, 11, 13],
			"to": [9, 13, 15],
			"rotation": {"angle": 0, "axis": "y", "origin": [15, 19, 22]},
			"faces": {
				"north": {"uv": [5, 12, 7, 14], "texture": "#3"},
				"east": {"uv": [3, 1, 5, 3], "texture": "#3"},
				"south": {"uv": [0, 0, 2, 2], "texture": "#3"},
				"west": {"uv": [3, 2, 5, 4], "texture": "#3"},
				"up": {"uv": [0, 0, 2, 2], "texture": "#3"},
				"down": {"uv": [0, 0, 2, 2], "texture": "#3"}
			}
		},
		{
			"from": [7, 3, 15],
			"to": [9, 19, 16],
			"rotation": {"angle": 0, "axis": "y", "origin": [15, 11, 22]},
			"faces": {
				"north": {"uv": [0, 0, 2, 16], "texture": "#3"},
				"east": {"uv": [3, 0, 4, 16], "texture": "#3"},
				"south": {"uv": [0, 0, 2, 16], "texture": "#3"},
				"west": {"uv": [3, 0, 4, 16], "texture": "#3"},
				"up": {"uv": [0, 0, 2, 1], "texture": "#3"},
				"down": {"uv": [0, 0, 2, 1], "texture": "#3"}
			}
		},
		{
			"from": [7, 19, 15],
			"to": [9, 20, 16],
			"rotation": {"angle": 0, "axis": "y", "origin": [15, 12, 22]},
			"faces": {
				"north": {"uv": [2, 2, 3, 3], "texture": "#3"},
				"east": {"uv": [2, 2, 3, 3], "texture": "#3"},
				"south": {"uv": [2, 2, 3, 3], "texture": "#3"},
				"west": {"uv": [2, 2, 3, 3], "texture": "#3"},
				"up": {"uv": [2, 2, 3, 3], "texture": "#3"},
				"down": {"uv": [2, 2, 3, 3], "texture": "#3"}
			}
		}
	],
	"display": {}
}