{
	"credit": "Yuushya",
	"parent": "block/block",
	"ambientocclusion": false,
	"textures": {
		"0": "block/dark_concrete",
		"1": "block/white_wool",
		"2": "yuushya:0extra_building_material/preview/advertisement",
		"particle": "block/dark_concrete"
	},
	"elements": [
		{
			"from": [0, 0.1, -1.1],
			"to": [16, 16.1, 7.9],
			"rotation": {"angle": -22.5, "axis": "x", "origin": [8, 8.1, 10]},
			"faces": {
				"north": {"uv": [0, 0, 16, 16], "rotation": 180, "texture": "#0"},
				"east": {"uv": [0, 0, 16, 9], "rotation": 270, "texture": "#0"},
				"south": {"uv": [0, 0, 16, 16], "rotation": 180, "texture": "#2"},
				"west": {"uv": [0, 0, 16, 9], "rotation": 90, "texture": "#0"},
				"up": {"uv": [0, 0, 16, 9], "rotation": 180, "texture": "#0"},
				"down": {"uv": [0, 0, 16, 9], "texture": "#0"}
			}
		},
		{
			"from": [16, 0.1, -1.1],
			"to": [16.03, 16.1, 7.9],
			"rotation": {"angle": -22.5, "axis": "x", "origin": [8, 8.1, 10]},
			"faces": {
				"north": {"uv": [0, 0, 0.1, 16], "rotation": 180, "texture": "#0"},
				"east": {"uv": [0, 0, 16, 9], "rotation": 270, "texture": "#0"},
				"south": {"uv": [0, 0, 0.1, 16], "texture": "#0"},
				"west": {"uv": [0, 0, 16, 9], "rotation": 90, "texture": "#0"},
				"up": {"uv": [0, 0, 0.1, 9], "rotation": 180, "texture": "#0"},
				"down": {"uv": [0, 0, 0.1, 9], "texture": "#0"}
			}
		},
		{
			"from": [-0.02, 0.1, -1.1],
			"to": [0, 16.1, 7.9],
			"rotation": {"angle": -22.5, "axis": "x", "origin": [-8, 8.1, 10]},
			"faces": {
				"north": {"uv": [0, 0, 0.1, 16], "rotation": 180, "texture": "#0"},
				"east": {"uv": [0, 0, 16, 9], "rotation": 270, "texture": "#0"},
				"south": {"uv": [0, 0, 0.1, 16], "texture": "#0"},
				"west": {"uv": [0, 0, 16, 9], "rotation": 90, "texture": "#0"},
				"up": {"uv": [0, 0, 0.1, 9], "rotation": 180, "texture": "#0"},
				"down": {"uv": [0, 0, 0.1, 9], "texture": "#0"}
			}
		},
		{
			"from": [1, 15.1, 7.9],
			"to": [15, 16.1, 8.9],
			"rotation": {"angle": -22.5, "axis": "x", "origin": [8, 8.1, 10]},
			"faces": {
				"north": {"uv": [0, 0, 14, 1], "rotation": 180, "texture": "#1"},
				"east": {"uv": [0, 0, 1, 1], "rotation": 270, "texture": "#1"},
				"south": {"uv": [0, 0, 14, 1], "texture": "#1"},
				"west": {"uv": [0, 0, 1, 1], "rotation": 90, "texture": "#1"},
				"up": {"uv": [0, 0, 14, 1], "rotation": 180, "texture": "#1"},
				"down": {"uv": [0, 0, 14, 1], "texture": "#1"}
			}
		},
		{
			"from": [1, 0.1, 7.9],
			"to": [15, 1.1, 8.9],
			"rotation": {"angle": -22.5, "axis": "x", "origin": [8, 8.1, 10]},
			"faces": {
				"north": {"uv": [0, 0, 14, 1], "rotation": 180, "texture": "#1"},
				"east": {"uv": [0, 0, 1, 1], "rotation": 270, "texture": "#1"},
				"south": {"uv": [0, 0, 14, 1], "texture": "#1"},
				"west": {"uv": [0, 0, 1, 1], "rotation": 90, "texture": "#1"},
				"up": {"uv": [0, 0, 14, 1], "rotation": 180, "texture": "#1"},
				"down": {"uv": [0, 0, 14, 1], "texture": "#1"}
			}
		},
		{
			"from": [15, 0.1, 7.9],
			"to": [16, 16.1, 8.9],
			"rotation": {"angle": -22.5, "axis": "x", "origin": [8, 8.1, 10]},
			"faces": {
				"north": {"uv": [0, 0, 1, 16], "rotation": 180, "texture": "#1"},
				"east": {"uv": [0.5, 0, 16.5, 1], "rotation": 270, "texture": "#1"},
				"south": {"uv": [15, 0, 16, 16], "texture": "#1"},
				"west": {"uv": [0.5, 0, 16.5, 1], "rotation": 90, "texture": "#1"},
				"up": {"uv": [0, 0, 1, 1], "rotation": 180, "texture": "#1"},
				"down": {"uv": [0, 0, 1, 1], "texture": "#1"}
			}
		},
		{
			"from": [0, 0.1, 7.9],
			"to": [1, 16.1, 8.9],
			"rotation": {"angle": -22.5, "axis": "x", "origin": [8, 8.1, 10]},
			"faces": {
				"north": {"uv": [0, 0, 1, 16], "rotation": 180, "texture": "#1"},
				"east": {"uv": [0.5, 0, 16.5, 1], "rotation": 270, "texture": "#1"},
				"south": {"uv": [15, 0, 16, 16], "texture": "#1"},
				"west": {"uv": [0.5, 0, 16.5, 1], "rotation": 90, "texture": "#1"},
				"up": {"uv": [0, 0, 1, 1], "rotation": 180, "texture": "#1"},
				"down": {"uv": [0, 0, 1, 1], "texture": "#1"}
			}
		}
	]
}