{
	"credit": "Yuushya",
	"textures": {
		"2": "yuushya:0extra_building_material/preview/note1/album1",
		"3": "yuushya:0extra_building_material/preview/note1/album3/1",
		"4": "yuushya:0extra_building_material/preview/note1/album3/7",
		"5": "yuushya:0extra_building_material/preview/note1/album3/9",
		"6": "yuushya:0extra_building_material/preview/note1/album3/2",
		"particle": "yuushya:0extra_building_material/preview/note1/album3",
		"5_2": "yuushya:0extra_building_material/preview/note1/album3"
	},
	"elements": [
		{
			"name": "album1_0",
			"from": [7, 0, 9],
			"to": [15, 1, 10],
			"rotation": {"angle": 0, "axis": "y", "origin": [15, 8, 17]},
			"faces": {
				"north": {"uv": [8, 0, 0, 1], "texture": "#2"},
				"east": {"uv": [7, 0, 8, 1], "rotation": 90, "texture": "#2"},
				"south": {"uv": [0, 0, 8, 1], "texture": "#2"},
				"west": {"uv": [0, 0, 1, 1], "rotation": 270, "texture": "#2"},
				"up": {"uv": [0, 0, 8, 1], "texture": "#2"},
				"down": {"uv": [0, 1, 8, 0], "texture": "#2"}
			}
		},
		{
			"name": "album1_1",
			"from": [7, 0, 10],
			"to": [8, 1, 19],
			"rotation": {"angle": 0, "axis": "y", "origin": [15, 8, 17]},
			"faces": {
				"north": {"uv": [1, 1, 0, 2], "texture": "#2"},
				"east": {"uv": [0, 1, 1, 10], "rotation": 90, "texture": "#2"},
				"south": {"uv": [0, 9, 1, 10], "texture": "#2"},
				"west": {"uv": [0, 1, 1, 10], "rotation": 270, "texture": "#2"},
				"up": {"uv": [0, 1, 1, 10], "texture": "#2"},
				"down": {"uv": [0, 10, 1, 1], "texture": "#2"}
			}
		},
		{
			"name": "album1_2",
			"from": [14, 0, 10],
			"to": [15, 1, 19],
			"rotation": {"angle": 0, "axis": "y", "origin": [15, 8, 17]},
			"faces": {
				"north": {"uv": [8, 1, 7, 2], "texture": "#2"},
				"east": {"uv": [7, 1, 8, 10], "rotation": 90, "texture": "#2"},
				"south": {"uv": [7, 9, 8, 10], "texture": "#2"},
				"west": {"uv": [7, 1, 8, 10], "rotation": 270, "texture": "#2"},
				"up": {"uv": [7, 1, 8, 10], "texture": "#2"},
				"down": {"uv": [7, 10, 8, 1], "texture": "#2"}
			}
		},
		{
			"name": "album1_3",
			"from": [8, 0, 18],
			"to": [14, 1, 19],
			"rotation": {"angle": 0, "axis": "y", "origin": [15, 8, 17]},
			"faces": {
				"north": {"uv": [7, 9, 1, 10], "texture": "#2"},
				"east": {"uv": [6, 9, 7, 10], "rotation": 90, "texture": "#2"},
				"south": {"uv": [1, 9, 7, 10], "texture": "#2"},
				"west": {"uv": [1, 9, 2, 10], "rotation": 270, "texture": "#2"},
				"up": {"uv": [1, 9, 7, 10], "texture": "#2"},
				"down": {"uv": [1, 10, 7, 9], "texture": "#2"}
			}
		},
		{
			"from": [8, 0.1, 10],
			"to": [14, 0.1, 18],
			"rotation": {"angle": 0, "axis": "y", "origin": [21, 8.1, 25]},
			"faces": {
				"north": {"uv": [0, 0, 6, 0], "texture": "#2"},
				"east": {"uv": [0, 0, 8, 0], "texture": "#2"},
				"south": {"uv": [0, 0, 6, 0], "texture": "#2"},
				"west": {"uv": [0, 0, 8, 0], "texture": "#2"},
				"up": {"uv": [1, 1, 7, 9], "texture": "#6"},
				"down": {"uv": [1, 1, 7, 9], "texture": "#2"}
			}
		},
		{
			"name": "album1_0",
			"from": [15, 0, 0],
			"to": [16, 1, 8],
			"rotation": {"angle": 0, "axis": "y", "origin": [10.8, 0, 0.8]},
			"faces": {
				"north": {"uv": [0, 0, 1, 1], "rotation": 270, "texture": "#2"},
				"east": {"uv": [8, 0, 0, 1], "texture": "#2"},
				"south": {"uv": [7, 0, 8, 1], "rotation": 90, "texture": "#2"},
				"west": {"uv": [0, 0, 8, 1], "texture": "#2"},
				"up": {"uv": [0, 0, 8, 1], "rotation": 90, "texture": "#2"},
				"down": {"uv": [0, 1, 8, 0], "rotation": 270, "texture": "#2"}
			}
		},
		{
			"name": "album1_1",
			"from": [6, 0, 0],
			"to": [15, 1, 1],
			"rotation": {"angle": 0, "axis": "y", "origin": [10.8, 0, 0.8]},
			"faces": {
				"north": {"uv": [0, 1, 1, 10], "rotation": 270, "texture": "#2"},
				"east": {"uv": [1, 1, 0, 2], "texture": "#2"},
				"south": {"uv": [0, 1, 1, 10], "rotation": 90, "texture": "#2"},
				"west": {"uv": [0, 9, 1, 10], "texture": "#2"},
				"up": {"uv": [0, 1, 1, 10], "rotation": 90, "texture": "#2"},
				"down": {"uv": [0, 10, 1, 1], "rotation": 270, "texture": "#2"}
			}
		},
		{
			"name": "album1_2",
			"from": [6, 0, 7],
			"to": [15, 1, 8],
			"rotation": {"angle": 0, "axis": "y", "origin": [10.8, 0, 0.8]},
			"faces": {
				"north": {"uv": [7, 1, 8, 10], "rotation": 270, "texture": "#2"},
				"east": {"uv": [8, 1, 7, 2], "texture": "#2"},
				"south": {"uv": [7, 1, 8, 10], "rotation": 90, "texture": "#2"},
				"west": {"uv": [7, 9, 8, 10], "texture": "#2"},
				"up": {"uv": [7, 1, 8, 10], "rotation": 90, "texture": "#2"},
				"down": {"uv": [7, 10, 8, 1], "rotation": 270, "texture": "#2"}
			}
		},
		{
			"name": "album1_3",
			"from": [6, 0, 1],
			"to": [7, 1, 7],
			"rotation": {"angle": 0, "axis": "y", "origin": [10.8, 0, 0.8]},
			"faces": {
				"north": {"uv": [1, 9, 2, 10], "rotation": 270, "texture": "#2"},
				"east": {"uv": [7, 9, 1, 10], "texture": "#2"},
				"south": {"uv": [6, 9, 7, 10], "rotation": 90, "texture": "#2"},
				"west": {"uv": [1, 9, 7, 10], "texture": "#2"},
				"up": {"uv": [1, 9, 7, 10], "rotation": 90, "texture": "#2"},
				"down": {"uv": [1, 10, 7, 9], "rotation": 270, "texture": "#2"}
			}
		},
		{
			"from": [7, 0.1, 1],
			"to": [15, 0.1, 7],
			"rotation": {"angle": 0, "axis": "y", "origin": [10.8, 0.1, 0.8]},
			"faces": {
				"north": {"uv": [0, 0, 8, 0], "texture": "#2"},
				"east": {"uv": [0, 0, 6, 0], "texture": "#2"},
				"south": {"uv": [0, 0, 8, 0], "texture": "#2"},
				"west": {"uv": [0, 0, 6, 0], "texture": "#2"},
				"up": {"uv": [1, 1, 7, 9], "rotation": 90, "texture": "#2"},
				"down": {"uv": [1, 1, 7, 9], "rotation": 270, "texture": "#2"}
			}
		},
		{
			"name": "album1_0",
			"from": [4, 0, 4],
			"to": [5, 1, 14],
			"rotation": {"angle": 0, "axis": "y", "origin": [-0.2, 0, 5.8]},
			"faces": {
				"north": {"uv": [0, 0, 1, 1], "rotation": 270, "texture": "#5_2"},
				"east": {"uv": [8, 0, 0, 1], "texture": "#5_2"},
				"south": {"uv": [7, 0, 8, 1], "rotation": 90, "texture": "#5_2"},
				"west": {"uv": [0, 0, 8, 1], "texture": "#5_2"},
				"up": {"uv": [0, 0, 8, 1], "rotation": 90, "texture": "#5_2"},
				"down": {"uv": [0, 1, 8, 0], "rotation": 270, "texture": "#5_2"}
			}
		},
		{
			"name": "album1_1",
			"from": [-5, 0, 4],
			"to": [4, 1, 5],
			"rotation": {"angle": 0, "axis": "y", "origin": [-0.2, 0, 4.8]},
			"faces": {
				"north": {"uv": [0, 1, 1, 10], "rotation": 270, "texture": "#5_2"},
				"east": {"uv": [1, 1, 0, 2], "texture": "#5_2"},
				"south": {"uv": [0, 1, 1, 10], "rotation": 90, "texture": "#5_2"},
				"west": {"uv": [0, 9, 1, 10], "texture": "#5_2"},
				"up": {"uv": [0, 1, 1, 10], "rotation": 90, "texture": "#5_2"},
				"down": {"uv": [0, 10, 1, 1], "rotation": 270, "texture": "#5_2"}
			}
		},
		{
			"name": "album1_2",
			"from": [-5, 0, 13],
			"to": [4, 1, 14],
			"rotation": {"angle": 0, "axis": "y", "origin": [-0.2, 0, 6.8]},
			"faces": {
				"north": {"uv": [7, 1, 8, 10], "rotation": 270, "texture": "#5_2"},
				"east": {"uv": [8, 1, 7, 2], "texture": "#5_2"},
				"south": {"uv": [7, 1, 8, 10], "rotation": 90, "texture": "#5_2"},
				"west": {"uv": [7, 9, 8, 10], "texture": "#5_2"},
				"up": {"uv": [7, 1, 8, 10], "rotation": 90, "texture": "#5_2"},
				"down": {"uv": [7, 10, 8, 1], "rotation": 270, "texture": "#5_2"}
			}
		},
		{
			"name": "album1_3",
			"from": [-5, 0, 5],
			"to": [-4, 1, 13],
			"rotation": {"angle": 0, "axis": "y", "origin": [-0.2, 0, 5.8]},
			"faces": {
				"north": {"uv": [1, 9, 2, 10], "rotation": 270, "texture": "#5_2"},
				"east": {"uv": [7, 9, 1, 10], "texture": "#5_2"},
				"south": {"uv": [6, 9, 7, 10], "rotation": 90, "texture": "#5_2"},
				"west": {"uv": [1, 9, 7, 10], "texture": "#5_2"},
				"up": {"uv": [1, 9, 7, 10], "rotation": 90, "texture": "#5_2"},
				"down": {"uv": [1, 10, 7, 9], "rotation": 270, "texture": "#5_2"}
			}
		},
		{
			"from": [-4, 0.1, 5],
			"to": [4, 0.1, 13],
			"rotation": {"angle": 0, "axis": "y", "origin": [4, 8.1, 13]},
			"faces": {
				"north": {"uv": [0, 0, 8, 0], "texture": "#missing"},
				"east": {"uv": [0, 0, 8, 0], "texture": "#missing"},
				"south": {"uv": [0, 0, 8, 0], "texture": "#missing"},
				"west": {"uv": [0, 0, 8, 0], "texture": "#missing"},
				"up": {"uv": [8, 1, 16, 9], "texture": "#3"},
				"down": {"uv": [8, 1, 16, 9], "texture": "#5_2"}
			}
		},
		{
			"name": "album1_1",
			"from": [-5, 0, 15],
			"to": [-4, 1, 23],
			"rotation": {"angle": 0, "axis": "y", "origin": [-9.2, 0, 15.8]},
			"faces": {
				"north": {"uv": [0, 0, 1, 1], "rotation": 270, "texture": "#2"},
				"east": {"uv": [8, 0, 0, 1], "texture": "#2"},
				"south": {"uv": [7, 0, 8, 1], "rotation": 90, "texture": "#2"},
				"west": {"uv": [0, 0, 8, 1], "texture": "#2"},
				"up": {"uv": [0, 0, 8, 1], "rotation": 90, "texture": "#2"},
				"down": {"uv": [0, 1, 8, 0], "rotation": 270, "texture": "#2"}
			}
		},
		{
			"name": "album2_2",
			"from": [-14, 0, 15],
			"to": [-5, 1, 16],
			"rotation": {"angle": 0, "axis": "y", "origin": [-9.2, 0, 15.8]},
			"faces": {
				"north": {"uv": [0, 1, 1, 10], "rotation": 270, "texture": "#2"},
				"east": {"uv": [1, 1, 0, 2], "texture": "#2"},
				"south": {"uv": [0, 1, 1, 10], "rotation": 90, "texture": "#2"},
				"west": {"uv": [0, 9, 1, 10], "texture": "#2"},
				"up": {"uv": [0, 1, 1, 10], "rotation": 90, "texture": "#2"},
				"down": {"uv": [0, 10, 1, 1], "rotation": 270, "texture": "#2"}
			}
		},
		{
			"name": "album1_3",
			"from": [-14, 0, 22],
			"to": [-5, 1, 23],
			"rotation": {"angle": 0, "axis": "y", "origin": [-9.2, 0, 15.8]},
			"faces": {
				"north": {"uv": [7, 1, 8, 10], "rotation": 270, "texture": "#2"},
				"east": {"uv": [8, 1, 7, 2], "texture": "#2"},
				"south": {"uv": [7, 1, 8, 10], "rotation": 90, "texture": "#2"},
				"west": {"uv": [7, 9, 8, 10], "texture": "#2"},
				"up": {"uv": [7, 1, 8, 10], "rotation": 90, "texture": "#2"},
				"down": {"uv": [7, 10, 8, 1], "rotation": 270, "texture": "#2"}
			}
		},
		{
			"name": "album1_4",
			"from": [-14, 0, 16],
			"to": [-13, 1, 22],
			"rotation": {"angle": 0, "axis": "y", "origin": [-9.2, 0, 15.8]},
			"faces": {
				"north": {"uv": [1, 9, 2, 10], "rotation": 270, "texture": "#2"},
				"east": {"uv": [7, 9, 1, 10], "texture": "#2"},
				"south": {"uv": [6, 9, 7, 10], "rotation": 90, "texture": "#2"},
				"west": {"uv": [1, 9, 7, 10], "texture": "#2"},
				"up": {"uv": [1, 9, 7, 10], "rotation": 90, "texture": "#2"},
				"down": {"uv": [1, 10, 7, 9], "rotation": 270, "texture": "#2"}
			}
		},
		{
			"from": [-13, 0.1, 16],
			"to": [-5, 0.1, 22],
			"rotation": {"angle": 0, "axis": "y", "origin": [-9.2, 0.1, 15.8]},
			"faces": {
				"north": {"uv": [0, 0, 8, 0], "texture": "#2"},
				"east": {"uv": [0, 0, 6, 0], "texture": "#2"},
				"south": {"uv": [0, 0, 8, 0], "texture": "#2"},
				"west": {"uv": [0, 0, 6, 0], "texture": "#2"},
				"up": {"uv": [1, 1, 7, 9], "rotation": 90, "texture": "#5"},
				"down": {"uv": [1, 1, 7, 9], "rotation": 270, "texture": "#2"}
			}
		},
		{
			"name": "album1_1",
			"from": [-14, 0, 3],
			"to": [-6, 1, 4],
			"rotation": {"angle": 0, "axis": "y", "origin": [-6, 8, 11]},
			"faces": {
				"north": {"uv": [8, 0, 0, 1], "texture": "#2"},
				"east": {"uv": [7, 0, 8, 1], "rotation": 90, "texture": "#2"},
				"south": {"uv": [0, 0, 8, 1], "texture": "#2"},
				"west": {"uv": [0, 0, 1, 1], "rotation": 270, "texture": "#2"},
				"up": {"uv": [0, 0, 8, 1], "texture": "#2"},
				"down": {"uv": [0, 1, 8, 0], "texture": "#2"}
			}
		},
		{
			"name": "album2_2",
			"from": [-14, 0, 4],
			"to": [-13, 1, 13],
			"rotation": {"angle": 0, "axis": "y", "origin": [-6, 8, 11]},
			"faces": {
				"north": {"uv": [1, 1, 0, 2], "texture": "#2"},
				"east": {"uv": [0, 1, 1, 10], "rotation": 90, "texture": "#2"},
				"south": {"uv": [0, 9, 1, 10], "texture": "#2"},
				"west": {"uv": [0, 1, 1, 10], "rotation": 270, "texture": "#2"},
				"up": {"uv": [0, 1, 1, 10], "texture": "#2"},
				"down": {"uv": [0, 10, 1, 1], "texture": "#2"}
			}
		},
		{
			"name": "album1_3",
			"from": [-7, 0, 4],
			"to": [-6, 1, 13],
			"rotation": {"angle": 0, "axis": "y", "origin": [-6, 8, 11]},
			"faces": {
				"north": {"uv": [8, 1, 7, 2], "texture": "#2"},
				"east": {"uv": [7, 1, 8, 10], "rotation": 90, "texture": "#2"},
				"south": {"uv": [7, 9, 8, 10], "texture": "#2"},
				"west": {"uv": [7, 1, 8, 10], "rotation": 270, "texture": "#2"},
				"up": {"uv": [7, 1, 8, 10], "texture": "#2"},
				"down": {"uv": [7, 10, 8, 1], "texture": "#2"}
			}
		},
		{
			"name": "album1_4",
			"from": [-13, 0, 12],
			"to": [-7, 1, 13],
			"rotation": {"angle": 0, "axis": "y", "origin": [-6, 8, 11]},
			"faces": {
				"north": {"uv": [7, 9, 1, 10], "texture": "#2"},
				"east": {"uv": [6, 9, 7, 10], "rotation": 90, "texture": "#2"},
				"south": {"uv": [1, 9, 7, 10], "texture": "#2"},
				"west": {"uv": [1, 9, 2, 10], "rotation": 270, "texture": "#2"},
				"up": {"uv": [1, 9, 7, 10], "texture": "#2"},
				"down": {"uv": [1, 10, 7, 9], "texture": "#2"}
			}
		},
		{
			"from": [-13, 0.1, 4],
			"to": [-7, 0.1, 12],
			"rotation": {"angle": 0, "axis": "y", "origin": [0, 8.1, 19]},
			"faces": {
				"north": {"uv": [0, 0, 6, 0], "texture": "#2"},
				"east": {"uv": [0, 0, 8, 0], "texture": "#2"},
				"south": {"uv": [0, 0, 6, 0], "texture": "#2"},
				"west": {"uv": [0, 0, 8, 0], "texture": "#2"},
				"up": {"uv": [1, 1, 7, 9], "texture": "#4"},
				"down": {"uv": [1, 1, 7, 9], "texture": "#2"}
			}
		},
		{
			"name": "album2_2",
			"from": [-3, 0, 15],
			"to": [5, 1, 16],
			"rotation": {"angle": 0, "axis": "y", "origin": [5, 8, 23]},
			"faces": {
				"north": {"uv": [8, 0, 0, 1], "texture": "#2"},
				"east": {"uv": [7, 0, 8, 1], "rotation": 90, "texture": "#2"},
				"south": {"uv": [0, 0, 8, 1], "texture": "#2"},
				"west": {"uv": [0, 0, 1, 1], "rotation": 270, "texture": "#2"},
				"up": {"uv": [0, 0, 8, 1], "texture": "#2"},
				"down": {"uv": [0, 1, 8, 0], "texture": "#2"}
			}
		},
		{
			"name": "album3_3",
			"from": [-3, 0, 16],
			"to": [-2, 1, 25],
			"rotation": {"angle": 0, "axis": "y", "origin": [5, 8, 23]},
			"faces": {
				"north": {"uv": [1, 1, 0, 2], "texture": "#2"},
				"east": {"uv": [0, 1, 1, 10], "rotation": 90, "texture": "#2"},
				"south": {"uv": [0, 9, 1, 10], "texture": "#2"},
				"west": {"uv": [0, 1, 1, 10], "rotation": 270, "texture": "#2"},
				"up": {"uv": [0, 1, 1, 10], "texture": "#2"},
				"down": {"uv": [0, 10, 1, 1], "texture": "#2"}
			}
		},
		{
			"name": "album1_4",
			"from": [4, 0, 16],
			"to": [5, 1, 25],
			"rotation": {"angle": 0, "axis": "y", "origin": [5, 8, 23]},
			"faces": {
				"north": {"uv": [8, 1, 7, 2], "texture": "#2"},
				"east": {"uv": [7, 1, 8, 10], "rotation": 90, "texture": "#2"},
				"south": {"uv": [7, 9, 8, 10], "texture": "#2"},
				"west": {"uv": [7, 1, 8, 10], "rotation": 270, "texture": "#2"},
				"up": {"uv": [7, 1, 8, 10], "texture": "#2"},
				"down": {"uv": [7, 10, 8, 1], "texture": "#2"}
			}
		},
		{
			"name": "album1_5",
			"from": [-2, 0, 24],
			"to": [4, 1, 25],
			"rotation": {"angle": 0, "axis": "y", "origin": [5, 8, 23]},
			"faces": {
				"north": {"uv": [7, 9, 1, 10], "texture": "#2"},
				"east": {"uv": [6, 9, 7, 10], "rotation": 90, "texture": "#2"},
				"south": {"uv": [1, 9, 7, 10], "texture": "#2"},
				"west": {"uv": [1, 9, 2, 10], "rotation": 270, "texture": "#2"},
				"up": {"uv": [1, 9, 7, 10], "texture": "#2"},
				"down": {"uv": [1, 10, 7, 9], "texture": "#2"}
			}
		},
		{
			"from": [-2, 0.1, 16],
			"to": [4, 0.1, 24],
			"rotation": {"angle": 0, "axis": "y", "origin": [11, 8.1, 31]},
			"faces": {
				"north": {"uv": [0, 0, 6, 0], "texture": "#2"},
				"east": {"uv": [0, 0, 8, 0], "texture": "#2"},
				"south": {"uv": [0, 0, 6, 0], "texture": "#2"},
				"west": {"uv": [0, 0, 8, 0], "texture": "#2"},
				"up": {"uv": [1, 1, 7, 9], "texture": "#3"},
				"down": {"uv": [1, 1, 7, 9], "texture": "#2"}
			}
		}
	],
	"gui_light": "front",
	"display": {
		"thirdperson_righthand": {
			"rotation": [75, 45, 0],
			"translation": [0, 2.5, 0],
			"scale": [0.375, 0.375, 0.375]
		},
		"thirdperson_lefthand": {
			"rotation": [75, 45, 0],
			"translation": [0, 2.5, 0],
			"scale": [0.375, 0.375, 0.375]
		},
		"firstperson_righthand": {
			"rotation": [71.5, 76.5, 0],
			"translation": [0, 2.75, 0],
			"scale": [0.4, 0.4, 0.4]
		},
		"firstperson_lefthand": {
			"rotation": [71.5, 76.5, 0],
			"translation": [0, 2.75, 0],
			"scale": [0.4, 0.4, 0.4]
		},
		"ground": {
			"translation": [0, 3, 0],
			"scale": [0.25, 0.25, 0.25]
		},
		"gui": {
			"rotation": [120, -180, 45],
			"translation": [0.25, -6.5, 0],
			"scale": [0.65, 0.65, 0.65]
		},
		"fixed": {
			"rotation": [-90, 0, 0],
			"translation": [16, 0, -14],
			"scale": [2, 2, 2]
		}
	},
	"groups": [
		{
			"name": "album1",
			"origin": [8, 8, 8],
			"children": [
				{
					"name": "album1",
					"origin": [8, 8, 8],
					"children": [0, 1, 2, 3]
				}, 4]
		},
		{
			"name": "album2",
			"origin": [8, 8, 8],
			"children": [
				{
					"name": "album1",
					"origin": [8, 8, 8],
					"children": [5, 6, 7, 8, 9]
				}
			]
		},
		{
			"name": "album3",
			"origin": [8, 8, 8],
			"children": [
				{
					"name": "album1",
					"origin": [8, 8, 8],
					"children": [10, 11, 12, 13]
				}, 14]
		},
		{
			"name": "album2",
			"origin": [8, 8, 8],
			"children": [
				{
					"name": "album1",
					"origin": [8, 8, 8],
					"children": [15, 16, 17, 18, 19]
				}
			]
		},
		{
			"name": "album1",
			"origin": [8, 8, 8],
			"children": [
				{
					"name": "album1",
					"origin": [8, 8, 8],
					"children": [20, 21, 22, 23]
				}, 24]
		},
		{
			"name": "album1",
			"origin": [8, 8, 8],
			"children": [
				{
					"name": "album1",
					"origin": [8, 8, 8],
					"children": [25, 26, 27, 28]
				}, 29]
		}
	]
}