{
	"credit": "Coco",
	"textures": {
		"2": "yuushya:0extra_building_material/preview/note1/album1",
		"3": "yuushya:0extra_building_block/no_strip/acacia",
		"particle": "yuushya:0extra_building_material/preview/note1/album1"
	},
	"elements": [
		{
			"name": "album1_0",
			"from": [4, -0.5, 6.4],
			"to": [12, 0.5, 7.4],
			"rotation": {"angle": -22.5, "axis": "x", "origin": [8, 4.7, 6.8]},
			"faces": {
				"north": {"uv": [8, 1, 0, 0], "texture": "#3"},
				"east": {"uv": [8, 0, 7, 1], "rotation": 180, "texture": "#3"},
				"south": {"uv": [8, 0, 0, 1], "rotation": 180, "texture": "#3"},
				"west": {"uv": [1, 0, 0, 1], "rotation": 180, "texture": "#3"},
				"up": {"uv": [0, 1, 8, 0], "texture": "#3"},
				"down": {"uv": [8, 1, 0, 0], "rotation": 180, "texture": "#3"}
			}
		},
		{
			"name": "album1_1",
			"from": [4, 0.5, 6.4],
			"to": [5, 9.5, 7.4],
			"rotation": {"angle": -22.5, "axis": "x", "origin": [8, 4.7, 6.8]},
			"faces": {
				"north": {"uv": [1, 10, 0, 1], "texture": "#3"},
				"east": {"uv": [1, 1, 0, 10], "rotation": 180, "texture": "#3"},
				"south": {"uv": [1, 1, 0, 10], "rotation": 180, "texture": "#3"},
				"west": {"uv": [1, 1, 0, 10], "rotation": 180, "texture": "#3"},
				"up": {"uv": [0, 10, 1, 9], "texture": "#3"},
				"down": {"uv": [1, 2, 0, 1], "rotation": 180, "texture": "#3"}
			}
		},
		{
			"name": "album1_2",
			"from": [11, 0.5, 6.4],
			"to": [12, 9.5, 7.4],
			"rotation": {"angle": -22.5, "axis": "x", "origin": [8, 4.7, 6.8]},
			"faces": {
				"north": {"uv": [8, 10, 7, 1], "texture": "#3"},
				"east": {"uv": [8, 1, 7, 10], "rotation": 180, "texture": "#3"},
				"south": {"uv": [8, 1, 7, 10], "rotation": 180, "texture": "#3"},
				"west": {"uv": [8, 1, 7, 10], "rotation": 180, "texture": "#3"},
				"up": {"uv": [7, 10, 8, 9], "texture": "#3"},
				"down": {"uv": [8, 2, 7, 1], "rotation": 180, "texture": "#3"}
			}
		},
		{
			"name": "album1_3",
			"from": [5, 8.5, 6.4],
			"to": [11, 9.5, 7.4],
			"rotation": {"angle": -22.5, "axis": "x", "origin": [8, 4.7, 6.8]},
			"faces": {
				"north": {"uv": [7, 10, 1, 9], "texture": "#3"},
				"east": {"uv": [7, 9, 6, 10], "rotation": 180, "texture": "#3"},
				"south": {"uv": [7, 9, 1, 10], "rotation": 180, "texture": "#3"},
				"west": {"uv": [2, 9, 1, 10], "rotation": 180, "texture": "#3"},
				"up": {"uv": [1, 10, 7, 9], "texture": "#3"},
				"down": {"uv": [7, 10, 1, 9], "rotation": 180, "texture": "#3"}
			}
		},
		{
			"from": [5, 0.5, 6.5],
			"to": [11, 8.5, 6.5],
			"rotation": {"angle": -22.5, "axis": "x", "origin": [8, 4.7, 6.8]},
			"faces": {
				"north": {"uv": [14, 2, 8, 10], "texture": "#3"},
				"east": {"uv": [0, 0, 8, 0], "rotation": 90, "texture": "#2"},
				"south": {"uv": [7, 1, 1, 9], "rotation": 180, "texture": "#2"},
				"west": {"uv": [0, 0, 8, 0], "rotation": 270, "texture": "#2"},
				"up": {"uv": [0, 0, 6, 0], "texture": "#2"},
				"down": {"uv": [0, 0, 6, 0], "rotation": 180, "texture": "#2"}
			}
		},
		{
			"from": [7, -0.2, 1],
			"to": [9, 0.8, 7],
			"rotation": {"angle": -22.5, "axis": "x", "origin": [8, 2.5, 3.5]},
			"faces": {
				"north": {"uv": [2, 0, 0, 1], "texture": "#3"},
				"east": {"uv": [0, 5, 1, 0], "rotation": 90, "texture": "#3"},
				"south": {"uv": [2, 0, 0, 1], "rotation": 180, "texture": "#3"},
				"west": {"uv": [0, 5, 1, 0], "rotation": 270, "texture": "#3"},
				"up": {"uv": [1, 13, 3, 7], "texture": "#3"},
				"down": {"uv": [0, 5, 2, 0], "rotation": 180, "texture": "#3"}
			}
		}
	],
	"gui_light": "front",
	"display": {
		"thirdperson_righthand": {
			"rotation": [75, 45, 0],
			"translation": [0, 2.5, 0],
			"scale": [0.375, 0.375, 0.375]
		},
		"thirdperson_lefthand": {
			"rotation": [75, 45, 0],
			"translation": [0, 2.5, 0],
			"scale": [0.375, 0.375, 0.375]
		},
		"firstperson_righthand": {
			"rotation": [0, 45, 0],
			"translation": [0, 2.75, 0],
			"scale": [0.4, 0.4, 0.4]
		},
		"firstperson_lefthand": {
			"rotation": [0, 45, 0],
			"translation": [0, 2.75, 0],
			"scale": [0.4, 0.4, 0.4]
		},
		"ground": {
			"translation": [0, 3, 0],
			"scale": [0.25, 0.25, 0.25]
		},
		"gui": {
			"rotation": [30, 45, 0],
			"translation": [1, 2, 0],
			"scale": [0.8, 0.8, 0.8]
		},
		"fixed": {
			"scale": [0.5, 0.5, 0.5]
		}
	},
	"groups": [
		{
			"name": "album1",
			"origin": [8, 8, 8],
			"color": 0,
			"children": [0, 1, 2, 3, 4, 5]
		}
	]
}