{
	"credit": "Yuushya",
	"textures": {
		"1": "yuushya:0extra_building_block/no_strip/acacia",
		"2": "yuushya:0extra_building_material/preview/note1/album3",
		"particle": "yuushya:0extra_building_material/preview/note1/album3"
	},
	"elements": [
		{
			"name": "album1_0",
			"from": [12, 3, 0],
			"to": [13, 13, 1],
			"faces": {
				"north": {"uv": [0, 1, 10, 0], "rotation": 90, "texture": "#1"},
				"east": {"uv": [10, 0, 0, 1], "rotation": 270, "texture": "#1"},
				"south": {"uv": [0, 0, 10, 1], "rotation": 90, "texture": "#1"},
				"west": {"uv": [0, 0, 10, 1], "rotation": 90, "texture": "#1"},
				"up": {"uv": [0, 0, 1, 1], "rotation": 90, "texture": "#1"},
				"down": {"uv": [7, 0, 8, 1], "rotation": 90, "texture": "#1"}
			}
		},
		{
			"name": "album1_1",
			"from": [3, 12, 0],
			"to": [12, 13, 1],
			"faces": {
				"north": {"uv": [0, 9, 1, 0], "rotation": 90, "texture": "#1"},
				"east": {"uv": [1, 1, 0, 2], "rotation": 270, "texture": "#1"},
				"south": {"uv": [0, 1, 1, 10], "rotation": 90, "texture": "#1"},
				"west": {"uv": [0, 9, 1, 10], "rotation": 90, "texture": "#1"},
				"up": {"uv": [0, 1, 1, 10], "rotation": 90, "texture": "#1"},
				"down": {"uv": [0, 1, 1, 10], "rotation": 90, "texture": "#1"}
			}
		},
		{
			"name": "album1_2",
			"from": [3, 3, 0],
			"to": [12, 4, 1],
			"faces": {
				"north": {"uv": [0, 9, 1, 0], "rotation": 90, "texture": "#1"},
				"east": {"uv": [8, 1, 7, 2], "rotation": 270, "texture": "#1"},
				"south": {"uv": [7, 1, 8, 10], "rotation": 90, "texture": "#1"},
				"west": {"uv": [7, 9, 8, 10], "rotation": 90, "texture": "#1"},
				"up": {"uv": [7, 1, 8, 10], "rotation": 90, "texture": "#1"},
				"down": {"uv": [7, 1, 8, 10], "rotation": 90, "texture": "#1"}
			}
		},
		{
			"name": "album1_3",
			"from": [3, 4, 0],
			"to": [4, 12, 1],
			"faces": {
				"north": {"uv": [0, 1, 8, 0], "rotation": 90, "texture": "#1"},
				"east": {"uv": [9, 9, 1, 10], "rotation": 270, "texture": "#1"},
				"south": {"uv": [1, 9, 9, 10], "rotation": 90, "texture": "#1"},
				"west": {"uv": [1, 9, 9, 10], "rotation": 90, "texture": "#1"},
				"up": {"uv": [1, 9, 2, 10], "rotation": 90, "texture": "#1"},
				"down": {"uv": [6, 9, 7, 10], "rotation": 90, "texture": "#1"}
			}
		},
		{
			"from": [4, 4, 0.1],
			"to": [12, 12, 0.1],
			"faces": {
				"north": {"uv": [0, -8, 8, 0], "rotation": 180, "texture": "#1"},
				"east": {"uv": [0, 0, 8, 0], "rotation": 270, "texture": "#missing"},
				"south": {"uv": [8, 1, 16, 9], "texture": "#2"},
				"west": {"uv": [0, 0, 8, 0], "rotation": 90, "texture": "#missing"},
				"up": {"uv": [0, 0, 8, 0], "rotation": 180, "texture": "#missing"},
				"down": {"uv": [0, 0, 8, 0], "texture": "#missing"}
			}
		}
	],
	"display": {
		"thirdperson_righthand": {
			"rotation": [75, 45, 0],
			"translation": [0, 2.5, 0],
			"scale": [0.375, 0.375, 0.375]
		},
		"thirdperson_lefthand": {
			"rotation": [75, 45, 0],
			"translation": [0, 2.5, 0],
			"scale": [0.375, 0.375, 0.375]
		},
		"firstperson_righthand": {
			"rotation": [0, 45, 0],
			"translation": [0, 2.75, 0],
			"scale": [0.4, 0.4, 0.4]
		},
		"firstperson_lefthand": {
			"rotation": [0, 45, 0],
			"translation": [0, 2.75, 0],
			"scale": [0.4, 0.4, 0.4]
		},
		"ground": {
			"translation": [0, 3, 0],
			"scale": [0.25, 0.25, 0.25]
		},
		"gui": {
			"rotation": [30, 225, 0],
			"translation": [0, 1, 0],
			"scale": [0.8, 0.8, 0.8]
		},
		"fixed": {
			"scale": [0.5, 0.5, 0.5]
		}
	}
}