{
	"credit": "Coco",
	"textures": {
		"1": "yuushya:0extra_building_material/preview/note1/1",
		"particle": "yuushya:0extra_building_material/preview/note1/1"
	},
	"elements": [
		{
			"name": "1_0",
			"from": [9, 0.1, 8],
			"to": [14, 0.2, 16],
			"rotation": {"angle": 0, "axis": "y", "origin": [8, 8.1, 8]},
			"faces": {
				"north": {"uv": [2, 7, 7, 8], "texture": "#1"},
				"east": {"uv": [2, 0, 3, 8], "rotation": 270, "texture": "#1"},
				"south": {"uv": [7, 0, 2, 1], "texture": "#1"},
				"west": {"uv": [6, 0, 7, 8], "rotation": 90, "texture": "#1"},
				"up": {"uv": [2, 0, 7, 8], "rotation": 180, "texture": "#1"},
				"down": {"uv": [2, 8, 7, 0], "rotation": 180, "texture": "#1"}
			}
		},
		{
			"name": "1_1",
			"from": [2, 0.1, 8],
			"to": [6, 0.2, 15],
			"rotation": {"angle": 0, "axis": "y", "origin": [8, 8.1, 8]},
			"faces": {
				"north": {"uv": [10, 7, 14, 8], "texture": "#1"},
				"east": {"uv": [10, 1, 11, 8], "rotation": 270, "texture": "#1"},
				"south": {"uv": [14, 1, 10, 2], "texture": "#1"},
				"west": {"uv": [13, 1, 14, 8], "rotation": 90, "texture": "#1"},
				"up": {"uv": [10, 1, 14, 8], "rotation": 180, "texture": "#1"},
				"down": {"uv": [10, 8, 14, 1], "rotation": 180, "texture": "#1"}
			}
		},
		{
			"name": "1_2",
			"from": [1, 0.1, 7],
			"to": [2, 0.2, 14],
			"rotation": {"angle": 0, "axis": "y", "origin": [8, 8.1, 8]},
			"faces": {
				"north": {"uv": [14, 8, 15, 9], "texture": "#1"},
				"east": {"uv": [14, 2, 15, 9], "rotation": 270, "texture": "#1"},
				"south": {"uv": [15, 2, 14, 3], "texture": "#1"},
				"west": {"uv": [14, 2, 15, 9], "rotation": 90, "texture": "#1"},
				"up": {"uv": [14, 2, 15, 9], "rotation": 180, "texture": "#1"},
				"down": {"uv": [14, 9, 15, 2], "rotation": 180, "texture": "#1"}
			}
		},
		{
			"name": "1_3",
			"from": [2, 0.1, 7],
			"to": [5, 0.2, 8],
			"rotation": {"angle": 0, "axis": "y", "origin": [8, 8.1, 8]},
			"faces": {
				"north": {"uv": [11, 8, 14, 9], "texture": "#1"},
				"east": {"uv": [11, 8, 12, 9], "rotation": 270, "texture": "#1"},
				"south": {"uv": [14, 8, 11, 9], "texture": "#1"},
				"west": {"uv": [13, 8, 14, 9], "rotation": 90, "texture": "#1"},
				"up": {"uv": [11, 8, 14, 9], "rotation": 180, "texture": "#1"},
				"down": {"uv": [11, 9, 14, 8], "rotation": 180, "texture": "#1"}
			}
		},
		{
			"name": "1_4",
			"from": [6, 0.1, 1],
			"to": [11, 0.2, 7],
			"rotation": {"angle": 0, "axis": "y", "origin": [8, 8.1, 8]},
			"faces": {
				"north": {"uv": [5, 14, 10, 15], "texture": "#1"},
				"east": {"uv": [5, 9, 6, 15], "rotation": 270, "texture": "#1"},
				"south": {"uv": [10, 9, 5, 10], "texture": "#1"},
				"west": {"uv": [9, 9, 10, 15], "rotation": 90, "texture": "#1"},
				"up": {"uv": [5, 9, 10, 15], "rotation": 180, "texture": "#1"},
				"down": {"uv": [5, 15, 10, 9], "rotation": 180, "texture": "#1"}
			}
		}
	],
	"groups": [
		{
			"name": "1",
			"origin": [8, 8, 8],
			"color": 0,
			"children": [0, 1, 2, 3, 4]
		}
	]
}