{
	"credit": "Yuushya",
	"textures": {
		"3": "yuushya:0extra_building_material/preview/note1/5",
		"particle": "yuushya:0extra_building_material/preview/note1/1"
	},
	"elements": [
		{
			"name": "5_0",
			"from": [4, 0.1, 2],
			"to": [13, 0.2, 15],
			"rotation": {"angle": 0, "axis": "y", "origin": [8, 8.1, 8]},
			"faces": {
				"north": {"uv": [3, 13, 12, 14], "texture": "#3"},
				"east": {"uv": [3, 1, 4, 14], "rotation": 270, "texture": "#3"},
				"south": {"uv": [12, 1, 3, 2], "texture": "#3"},
				"west": {"uv": [11, 1, 12, 14], "rotation": 90, "texture": "#3"},
				"up": {"uv": [3, 1, 12, 14], "rotation": 180, "texture": "#3"},
				"down": {"uv": [3, 14, 12, 1], "rotation": 180, "texture": "#3"}
			}
		},
		{
			"name": "5_1",
			"from": [3, 0.1, 1],
			"to": [4, 0.2, 14],
			"rotation": {"angle": 0, "axis": "y", "origin": [8, 8.1, 8]},
			"faces": {
				"north": {"uv": [12, 14, 13, 15], "texture": "#3"},
				"east": {"uv": [12, 2, 13, 15], "rotation": 270, "texture": "#3"},
				"south": {"uv": [13, 2, 12, 3], "texture": "#3"},
				"west": {"uv": [12, 2, 13, 15], "rotation": 90, "texture": "#3"},
				"up": {"uv": [12, 2, 13, 15], "rotation": 180, "texture": "#3"},
				"down": {"uv": [12, 15, 13, 2], "rotation": 180, "texture": "#3"}
			}
		},
		{
			"name": "5_2",
			"from": [4, 0.1, 1],
			"to": [12, 0.2, 2],
			"rotation": {"angle": 0, "axis": "y", "origin": [8, 8.1, 8]},
			"faces": {
				"north": {"uv": [4, 14, 12, 15], "texture": "#3"},
				"east": {"uv": [4, 14, 5, 15], "rotation": 270, "texture": "#3"},
				"south": {"uv": [12, 14, 4, 15], "texture": "#3"},
				"west": {"uv": [11, 14, 12, 15], "rotation": 90, "texture": "#3"},
				"up": {"uv": [4, 14, 12, 15], "rotation": 180, "texture": "#3"},
				"down": {"uv": [4, 15, 12, 14], "rotation": 180, "texture": "#3"}
			}
		}
	],
	"groups": [
		{
			"name": "5",
			"origin": [8, 8, 8],
			"children": [0, 1, 2]
		}
	]
}