{
	"credit": "Yuushya",
	"textures": {
		"2": "yuushya:0extra_building_material/preview/note1/4",
		"particle": "yuushya:0extra_building_material/preview/note1/1"
	},
	"elements": [
		{
			"name": "4_0",
			"from": [10, 0.1, 8],
			"to": [14, 0.2, 15],
			"rotation": {"angle": 0, "axis": "y", "origin": [8, 8.1, 8]},
			"faces": {
				"north": {"uv": [2, 7, 6, 8], "texture": "#2"},
				"east": {"uv": [2, 1, 3, 8], "rotation": 270, "texture": "#2"},
				"south": {"uv": [6, 1, 2, 2], "texture": "#2"},
				"west": {"uv": [5, 1, 6, 8], "rotation": 90, "texture": "#2"},
				"up": {"uv": [2, 1, 6, 8], "rotation": 180, "texture": "#2"},
				"down": {"uv": [2, 8, 6, 1], "rotation": 180, "texture": "#2"}
			}
		},
		{
			"name": "4_1",
			"from": [9, 0.1, 7],
			"to": [10, 0.2, 14],
			"rotation": {"angle": 0, "axis": "y", "origin": [8, 8.1, 8]},
			"faces": {
				"north": {"uv": [6, 8, 7, 9], "texture": "#2"},
				"east": {"uv": [6, 2, 7, 9], "rotation": 270, "texture": "#2"},
				"south": {"uv": [7, 2, 6, 3], "texture": "#2"},
				"west": {"uv": [6, 2, 7, 9], "rotation": 90, "texture": "#2"},
				"up": {"uv": [6, 2, 7, 9], "rotation": 180, "texture": "#2"},
				"down": {"uv": [6, 9, 7, 2], "rotation": 180, "texture": "#2"}
			}
		},
		{
			"name": "4_2",
			"from": [10, 0.1, 7],
			"to": [13, 0.2, 8],
			"rotation": {"angle": 0, "axis": "y", "origin": [8, 8.1, 8]},
			"faces": {
				"north": {"uv": [3, 8, 6, 9], "texture": "#2"},
				"east": {"uv": [3, 8, 4, 9], "rotation": 270, "texture": "#2"},
				"south": {"uv": [6, 8, 3, 9], "texture": "#2"},
				"west": {"uv": [5, 8, 6, 9], "rotation": 90, "texture": "#2"},
				"up": {"uv": [3, 8, 6, 9], "rotation": 180, "texture": "#2"},
				"down": {"uv": [3, 9, 6, 8], "rotation": 180, "texture": "#2"}
			}
		},
		{
			"name": "4_3",
			"from": [2, 0.1, 2],
			"to": [7, 0.2, 8],
			"rotation": {"angle": 0, "axis": "y", "origin": [8, 8.1, 8]},
			"faces": {
				"north": {"uv": [9, 13, 14, 14], "texture": "#2"},
				"east": {"uv": [9, 8, 10, 14], "rotation": 270, "texture": "#2"},
				"south": {"uv": [14, 8, 9, 9], "texture": "#2"},
				"west": {"uv": [13, 8, 14, 14], "rotation": 90, "texture": "#2"},
				"up": {"uv": [9, 8, 14, 14], "rotation": 180, "texture": "#2"},
				"down": {"uv": [9, 14, 14, 8], "rotation": 180, "texture": "#2"}
			}
		},
		{
			"name": "4_4",
			"from": [1, 0.1, 1],
			"to": [2, 0.2, 7],
			"rotation": {"angle": 0, "axis": "y", "origin": [8, 8.1, 8]},
			"faces": {
				"north": {"uv": [14, 14, 15, 15], "texture": "#2"},
				"east": {"uv": [14, 9, 15, 15], "rotation": 270, "texture": "#2"},
				"south": {"uv": [15, 9, 14, 10], "texture": "#2"},
				"west": {"uv": [14, 9, 15, 15], "rotation": 90, "texture": "#2"},
				"up": {"uv": [14, 9, 15, 15], "rotation": 180, "texture": "#2"},
				"down": {"uv": [14, 15, 15, 9], "rotation": 180, "texture": "#2"}
			}
		},
		{
			"name": "4_5",
			"from": [2, 0.1, 1],
			"to": [5, 0.2, 2],
			"rotation": {"angle": 0, "axis": "y", "origin": [8, 8.1, 8]},
			"faces": {
				"north": {"uv": [11, 14, 14, 15], "texture": "#2"},
				"east": {"uv": [11, 14, 12, 15], "rotation": 270, "texture": "#2"},
				"south": {"uv": [14, 14, 11, 15], "texture": "#2"},
				"west": {"uv": [13, 14, 14, 15], "rotation": 90, "texture": "#2"},
				"up": {"uv": [11, 14, 14, 15], "rotation": 180, "texture": "#2"},
				"down": {"uv": [11, 15, 14, 14], "rotation": 180, "texture": "#2"}
			}
		}
	],
	"groups": [
		{
			"name": "4",
			"origin": [8, 8, 8],
			"children": [0, 1, 2, 3, 4, 5]
		}
	]
}