{
	"credit": "Yuushya",
	"textures": {
		"2": "yuushya:0extra_building_material/preview/note1/2",
		"particle": "yuushya:0extra_building_material/preview/note1/1"
	},
	"elements": [
		{
			"name": "2_0",
			"from": [5, 0.1, 9],
			"to": [14, 0.2, 16],
			"rotation": {"angle": 0, "axis": "y", "origin": [8, 8.1, 8]},
			"faces": {
				"north": {"uv": [2, 6, 11, 7], "texture": "#2"},
				"east": {"uv": [2, 0, 3, 7], "rotation": 270, "texture": "#2"},
				"south": {"uv": [11, 0, 2, 1], "texture": "#2"},
				"west": {"uv": [10, 0, 11, 7], "rotation": 90, "texture": "#2"},
				"up": {"uv": [2, 0, 11, 7], "rotation": 180, "texture": "#2"},
				"down": {"uv": [2, 7, 11, 0], "rotation": 180, "texture": "#2"}
			}
		},
		{
			"name": "2_1",
			"from": [4, 0.1, 9],
			"to": [5, 0.2, 15],
			"rotation": {"angle": 0, "axis": "y", "origin": [8, 8.1, 8]},
			"faces": {
				"north": {"uv": [11, 6, 12, 7], "texture": "#2"},
				"east": {"uv": [11, 1, 12, 7], "rotation": 270, "texture": "#2"},
				"south": {"uv": [12, 1, 11, 2], "texture": "#2"},
				"west": {"uv": [11, 1, 12, 7], "rotation": 90, "texture": "#2"},
				"up": {"uv": [11, 1, 12, 7], "rotation": 180, "texture": "#2"},
				"down": {"uv": [11, 7, 12, 1], "rotation": 180, "texture": "#2"}
			}
		},
		{
			"name": "2_2",
			"from": [10, 0.1, 1],
			"to": [15, 0.2, 8],
			"rotation": {"angle": 0, "axis": "y", "origin": [8, 8.1, 8]},
			"faces": {
				"north": {"uv": [1, 14, 6, 15], "texture": "#2"},
				"east": {"uv": [1, 8, 2, 15], "rotation": 270, "texture": "#2"},
				"south": {"uv": [6, 8, 1, 9], "texture": "#2"},
				"west": {"uv": [5, 8, 6, 15], "rotation": 90, "texture": "#2"},
				"up": {"uv": [1, 8, 6, 15], "rotation": 180, "texture": "#2"},
				"down": {"uv": [1, 15, 6, 8], "rotation": 180, "texture": "#2"}
			}
		},
		{
			"name": "2_3",
			"from": [2, 0.1, 2],
			"to": [7, 0.2, 8],
			"rotation": {"angle": 0, "axis": "y", "origin": [8, 8.1, 8]},
			"faces": {
				"north": {"uv": [9, 13, 14, 14], "texture": "#2"},
				"east": {"uv": [9, 8, 10, 14], "rotation": 270, "texture": "#2"},
				"south": {"uv": [14, 8, 9, 9], "texture": "#2"},
				"west": {"uv": [13, 8, 14, 14], "rotation": 90, "texture": "#2"},
				"up": {"uv": [9, 8, 14, 14], "rotation": 180, "texture": "#2"},
				"down": {"uv": [9, 14, 14, 8], "rotation": 180, "texture": "#2"}
			}
		}
	],
	"groups": [
		{
			"name": "2",
			"origin": [8, 8, 8],
			"children": [0, 1, 2, 3]
		}
	]
}