{
	"ambientocclusion": false,
	"textures": {
		"0": "yuushya:0extra_building_block/concrete/black_concrete",
		"2": "yuushya:0extra_building_material/preview/advertisement_",
		"particle": "yuushya:0extra_building_block/concrete/black_concrete"
	},
	"elements": [
		{
			"from": [5, -3, 1],
			"to": [7, 13, 17],
			"rotation": {"angle": 0, "axis": "y", "origin": [8, 8, 8]},
			"faces": {
				"north": {"uv": [0, 0, 1, 16], "texture": "#2"},
				"east": {"uv": [16, 16, 0, 0], "rotation": 180, "texture": "#2"},
				"south": {"uv": [15, 0, 16, 16], "texture": "#2"},
				"west": {"uv": [0, 0, 16, 16], "texture": "#2"},
				"up": {"uv": [0, 0, 16, 1], "rotation": 270, "texture": "#2"},
				"down": {"uv": [0, 15, 16, 16], "rotation": 270, "texture": "#2"}
			}
		},
		{
			"from": [9, -3, 1],
			"to": [11, 13, 17],
			"rotation": {"angle": 0, "axis": "y", "origin": [8, 8, 8]},
			"faces": {
				"north": {"uv": [15, 0, 16, 16], "texture": "#2"},
				"east": {"uv": [16, 16, 0, 0], "rotation": 180, "texture": "#2"},
				"south": {"uv": [0, 0, 1, 16], "texture": "#2"},
				"west": {"uv": [0, 0, 16, 16], "texture": "#2"},
				"up": {"uv": [0, 0, 16, 1], "rotation": 270, "texture": "#2"},
				"down": {"uv": [0, 15, 16, 16], "rotation": 270, "texture": "#2"}
			}
		},
		{
			"from": [7, -3, 1],
			"to": [9, 13, 17],
			"rotation": {"angle": 0, "axis": "y", "origin": [8, 8, 8]},
			"faces": {
				"north": {"uv": [0, 0, 2, 16], "texture": "#0"},
				"east": {"uv": [16, 16, 0, 0], "rotation": 180, "texture": "#2"},
				"south": {"uv": [4, 0, 6, 16], "texture": "#0"},
				"west": {"uv": [0, 0, 16, 16], "texture": "#2"},
				"up": {"uv": [0, 2, 16, 4], "rotation": 270, "texture": "#0"},
				"down": {"uv": [0, 9, 16, 11], "rotation": 270, "texture": "#0"}
			}
		},
		{
			"from": [7, 13, 13],
			"to": [9, 15, 15],
			"rotation": {"angle": 0, "axis": "y", "origin": [8, 8, 8]},
			"faces": {
				"north": {"uv": [14, 13, 16, 15], "texture": "#0"},
				"east": {"uv": [14, 13, 16, 15], "texture": "#0"},
				"south": {"uv": [14, 13, 16, 15], "texture": "#0"},
				"west": {"uv": [14, 13, 16, 15], "texture": "#0"},
				"up": {"uv": [0, 0, 2, 2], "rotation": 180, "texture": "#0"},
				"down": {"uv": [5, 12, 7, 14], "texture": "#0"}
			}
		},
		{
			"from": [7, 15, 1],
			"to": [9, 16, 17],
			"rotation": {"angle": 0, "axis": "y", "origin": [8, 8, 8]},
			"faces": {
				"north": {"uv": [0, 0, 2, 1], "texture": "#0"},
				"east": {"uv": [0, 1, 16, 2], "texture": "#0"},
				"south": {"uv": [0, 0, 2, 1], "rotation": 180, "texture": "#0"},
				"west": {"uv": [0, 0, 16, 1], "texture": "#0"},
				"up": {"uv": [0, 6, 16, 8], "rotation": 90, "texture": "#0"},
				"down": {"uv": [0, 0, 16, 1], "texture": "#0"}
			}
		},
		{
			"from": [7, 15, 0],
			"to": [9, 16, 1],
			"rotation": {"angle": 0, "axis": "y", "origin": [8, 8, 8]},
			"faces": {
				"north": {"uv": [2, 2, 3, 3], "texture": "#0"},
				"east": {"uv": [2, 2, 3, 3], "rotation": 270, "texture": "#0"},
				"south": {"uv": [2, 2, 3, 3], "rotation": 180, "texture": "#0"},
				"west": {"uv": [2, 2, 3, 3], "rotation": 90, "texture": "#0"},
				"up": {"uv": [2, 2, 3, 3], "rotation": 180, "texture": "#0"},
				"down": {"uv": [2, 2, 3, 3], "texture": "#0"}
			}
		}
	],
	"display": {
		"thirdperson_righthand": {
			"rotation": [75, 45, 0],
			"translation": [0, 2.5, 0],
			"scale": [0.375, 0.375, 0.375]
		},
		"thirdperson_lefthand": {
			"rotation": [75, 45, 0],
			"translation": [0, 2.5, 0],
			"scale": [0.375, 0.375, 0.375]
		},
		"firstperson_righthand": {
			"rotation": [0, 45, 0],
			"scale": [0.4, 0.4, 0.4]
		},
		"firstperson_lefthand": {
			"rotation": [0, 225, 0],
			"scale": [0.4, 0.4, 0.4]
		},
		"ground": {
			"translation": [0, 3, 0],
			"scale": [0.25, 0.25, 0.25]
		},
		"gui": {
			"rotation": [30, 225, 0],
			"translation": [0, -1, 0],
			"scale": [0.625, 0.625, 0.625]
		},
		"fixed": {
			"scale": [0.5, 0.5, 0.5]
		}
	}
}