{
	"ambientocclusion": false,
	"texture_size": [32, 32],
	"textures": {
		"0": "yuushya:0extra_building_material/preview/rainshed",
		"1": "yuushya:0extra_building_material/preview/rainshed_",
		"2": "yuushya:0extra_building_material/preview/mip",
		"particle": "yuushya:0extra_building_material/preview/rainshed"
	},
	"elements": [
		{
			"from": [0, -1, -8],
			"to": [2, 1, 12],
			"rotation": {"angle": -22.5, "axis": "x", "origin": [0, 19.8, -4.5]},
			"faces": {
				"north": {"uv": [0, 0, 1, 1], "texture": "#1"},
				"east": {"uv": [0, 0, 10, 1], "texture": "#1"},
				"south": {"uv": [0, 0, 1, 1], "texture": "#0"},
				"west": {"uv": [0, 0, 10, 1], "texture": "#1"},
				"up": {"uv": [0, 0, 1, 10], "texture": "#0"},
				"down": {"uv": [0, 0, 1, 10], "texture": "#0"}
			}
		},
		{
			"from": [0, -1, 12],
			"to": [2, 1, 27],
			"rotation": {"angle": -22.5, "axis": "x", "origin": [0, 19.8, -4.5]},
			"faces": {
				"north": {"uv": [0, 0, 1, 1], "texture": "#0"},
				"east": {"uv": [0, 0, 7.5, 1], "texture": "#1"},
				"south": {"uv": [0, 0, 1, 1], "texture": "#1"},
				"west": {"uv": [0, 0, 7.5, 1], "texture": "#1"},
				"up": {"uv": [0, 0, 1, 7.5], "texture": "#0"},
				"down": {"uv": [0, 0, 1, 7.5], "texture": "#0"}
			}
		},
		{
			"from": [30, -1, -8],
			"to": [32, 1, 12],
			"rotation": {"angle": -22.5, "axis": "x", "origin": [0, 19.8, -4.5]},
			"faces": {
				"north": {"uv": [0, 0, 1, 1], "texture": "#1"},
				"east": {"uv": [0, 0, 10, 1], "texture": "#1"},
				"south": {"uv": [0, 0, 1, 1], "texture": "#0"},
				"west": {"uv": [0, 0, 10, 1], "texture": "#1"},
				"up": {"uv": [0, 0, 1, 10], "texture": "#0"},
				"down": {"uv": [0, 0, 1, 10], "texture": "#0"}
			}
		},
		{
			"from": [30, -1, 12],
			"to": [32, 1, 27],
			"rotation": {"angle": -22.5, "axis": "x", "origin": [0, 19.8, -4.5]},
			"faces": {
				"north": {"uv": [0, 0, 1, 1], "texture": "#0"},
				"east": {"uv": [0, 0, 7.5, 1], "texture": "#1"},
				"south": {"uv": [0, 0, 1, 1], "texture": "#1"},
				"west": {"uv": [0, 0, 7.5, 1], "texture": "#1"},
				"up": {"uv": [0, 0, 1, 7.5], "texture": "#0"},
				"down": {"uv": [0, 0, 1, 7.5], "texture": "#0"}
			}
		},
		{
			"from": [2, -1, -8],
			"to": [15, 1, -6],
			"rotation": {"angle": -22.5, "axis": "x", "origin": [0, 19.8, -4.5]},
			"faces": {
				"north": {"uv": [0, 0, 6.5, 1], "texture": "#1"},
				"east": {"uv": [0, 0, 1, 1], "texture": "#1"},
				"south": {"uv": [0, 0, 6.5, 1], "texture": "#1"},
				"west": {"uv": [0, 0, 1, 1], "texture": "#1"},
				"up": {"uv": [0, 0, 6.5, 1], "texture": "#1"},
				"down": {"uv": [0, 0, 6.5, 1], "texture": "#1"}
			}
		},
		{
			"from": [15, -1, -8],
			"to": [30, 1, -6],
			"rotation": {"angle": -22.5, "axis": "x", "origin": [0, 19.8, -4.5]},
			"faces": {
				"north": {"uv": [0, 0, 7.5, 1], "texture": "#1"},
				"east": {"uv": [0, 0, 1, 1], "texture": "#1"},
				"south": {"uv": [0, 0, 7.5, 1], "texture": "#1"},
				"west": {"uv": [0, 0, 1, 1], "texture": "#1"},
				"up": {"uv": [0, 0, 7.5, 1], "texture": "#1"},
				"down": {"uv": [0, 0, 7.5, 1], "texture": "#1"}
			}
		},
		{
			"from": [2, -1, 16],
			"to": [15, 1, 17],
			"rotation": {"angle": -22.5, "axis": "x", "origin": [0, 19.8, -4.5]},
			"faces": {
				"north": {"uv": [0, 0, 6.5, 1], "texture": "#1"},
				"east": {"uv": [0, 0, 0.5, 1], "texture": "#1"},
				"south": {"uv": [0, 0, 6.5, 1], "texture": "#1"},
				"west": {"uv": [0, 0, 0.5, 1], "texture": "#1"},
				"up": {"uv": [0, 0, 6.5, 0.5], "texture": "#1"},
				"down": {"uv": [0, 0, 6.5, 0.5], "texture": "#1"}
			}
		},
		{
			"from": [15, -1, 16],
			"to": [30, 1, 17],
			"rotation": {"angle": -22.5, "axis": "x", "origin": [0, 19.8, -4.5]},
			"faces": {
				"north": {"uv": [0, 0, 7.5, 1], "texture": "#1"},
				"east": {"uv": [0, 0, 0.5, 1], "texture": "#1"},
				"south": {"uv": [0, 0, 7.5, 1], "texture": "#1"},
				"west": {"uv": [0, 0, 0.5, 1], "texture": "#1"},
				"up": {"uv": [0, 0, 7.5, 0.5], "texture": "#1"},
				"down": {"uv": [0, 0, 7.5, 0.5], "texture": "#1"}
			}
		},
		{
			"from": [2, -1, 2],
			"to": [15, 1, 3],
			"rotation": {"angle": -22.5, "axis": "x", "origin": [0, 19.8, -4.5]},
			"faces": {
				"north": {"uv": [0, 0, 6.5, 1], "texture": "#1"},
				"east": {"uv": [0, 0, 0.5, 1], "texture": "#1"},
				"south": {"uv": [0, 0, 6.5, 1], "texture": "#1"},
				"west": {"uv": [0, 0, 0.5, 1], "texture": "#1"},
				"up": {"uv": [0, 0, 6.5, 0.5], "texture": "#1"},
				"down": {"uv": [0, 0, 6.5, 0.5], "texture": "#1"}
			}
		},
		{
			"from": [15, -1, 2],
			"to": [30, 1, 3],
			"rotation": {"angle": -22.5, "axis": "x", "origin": [0, 19.8, -4.5]},
			"faces": {
				"north": {"uv": [0, 0, 7.5, 1], "texture": "#1"},
				"east": {"uv": [0, 0, 0.5, 1], "texture": "#1"},
				"south": {"uv": [0, 0, 7.5, 1], "texture": "#1"},
				"west": {"uv": [0, 0, 0.5, 1], "texture": "#1"},
				"up": {"uv": [0, 0, 7.5, 0.5], "texture": "#1"},
				"down": {"uv": [0, 0, 7.5, 0.5], "texture": "#1"}
			}
		},
		{
			"from": [2, -1, 25],
			"to": [15, 1, 27],
			"rotation": {"angle": -22.5, "axis": "x", "origin": [0, 19.8, -4.5]},
			"faces": {
				"north": {"uv": [0, 0, 6.5, 1], "texture": "#1"},
				"east": {"uv": [0, 0, 1, 1], "texture": "#1"},
				"south": {"uv": [0, 0, 6.5, 1], "texture": "#1"},
				"west": {"uv": [0, 0, 1, 1], "texture": "#1"},
				"up": {"uv": [0, 0, 6.5, 1], "texture": "#1"},
				"down": {"uv": [0, 0, 6.5, 1], "texture": "#1"}
			}
		},
		{
			"from": [15, -1, 25],
			"to": [30, 1, 27],
			"rotation": {"angle": -22.5, "axis": "x", "origin": [0, 19.8, -4.5]},
			"faces": {
				"north": {"uv": [0, 0, 7.5, 1], "texture": "#1"},
				"east": {"uv": [0, 0, 1, 1], "texture": "#1"},
				"south": {"uv": [0, 0, 7.5, 1], "texture": "#1"},
				"west": {"uv": [0, 0, 1, 1], "texture": "#1"},
				"up": {"uv": [0, 0, 7.5, 1], "texture": "#1"},
				"down": {"uv": [0, 0, 7.5, 1], "texture": "#1"}
			}
		},
		{
			"from": [0, 1, 25.65],
			"to": [32, 3, 27.65],
			"rotation": {"angle": -22.5, "axis": "x", "origin": [0, 19.8, -4.5]},
			"faces": {
				"north": {"uv": [0, 0, 16, 1], "texture": "#1"},
				"east": {"uv": [0, 0, 1, 1], "texture": "#1"},
				"south": {"uv": [0, 0, 16, 1], "texture": "#1"},
				"west": {"uv": [0, 0, 1, 1], "texture": "#1"},
				"up": {"uv": [0, 0, 16, 1], "texture": "#1"},
				"down": {"uv": [0, 0, 16, 1], "texture": "#1"}
			}
		},
		{
			"from": [2, 0, -6],
			"to": [30, 0, 26],
			"rotation": {"angle": -22.5, "axis": "x", "origin": [0, 19.8, -4.5]},
			"faces": {
				"north": {"uv": [0, 0, 14, 0], "texture": "#2"},
				"east": {"uv": [0, 0, 16, 0], "texture": "#2"},
				"south": {"uv": [0, 0, 14, 0], "texture": "#2"},
				"west": {"uv": [0, 0, 16, 0], "texture": "#2"},
				"up": {"uv": [0, 0, 14, 16], "texture": "#2"},
				"down": {"uv": [0, 0, 14, 16], "texture": "#2"}
			}
		}
	],
	"display": {
		"thirdperson_righthand": {
			"rotation": [75, 45, 0],
			"translation": [0, 2.5, 0],
			"scale": [0.375, 0.375, 0.375]
		},
		"thirdperson_lefthand": {
			"rotation": [75, 45, 0],
			"translation": [0, 2.5, 0],
			"scale": [0.375, 0.375, 0.375]
		},
		"firstperson_righthand": {
			"rotation": [0, 45, 0],
			"scale": [0.4, 0.4, 0.4]
		},
		"firstperson_lefthand": {
			"rotation": [0, 225, 0],
			"scale": [0.4, 0.4, 0.4]
		},
		"ground": {
			"translation": [0, 3, 0],
			"scale": [0.25, 0.25, 0.25]
		},
		"gui": {
			"rotation": [30, 225, 0],
			"translation": [5.75, 0, 0],
			"scale": [0.5, 0.5, 0.5]
		},
		"fixed": {
			"scale": [0.5, 0.5, 0.5]
		}
	}
}