{
	"ambientocclusion": false,
	"textures": {
		"2": "yuushya:0extra_building_material/preview/airc2",
		"4": "yuushya:block/iron_bars",
		"5": "yuushya:block/iron_bars_alt",
		"6": "yuushya:0extra_building_material/preview/rice_cooker",
		"7": "yuushya:0extra_building_material/preview/iron_",
		"particle": "yuushya:0extra_building_material/preview/airc2",
		"1_1": "yuushya:0extra_building_material/preview/fan1"
	},
	"elements": [
		{
			"from": [3.8, -0.2, -0.1],
			"to": [15, 16, 12.1],
			"rotation": {"angle": 0, "axis": "y", "origin": [1.9, 7.9, 13]},
			"faces": {
				"north": {"uv": [5.6, 16.1, 0, 8], "rotation": 180, "texture": "#2"},
				"east": {"uv": [12, 16, 6, 8], "rotation": 180, "texture": "#2"},
				"south": {"uv": [12, 8, 6.5, 0], "rotation": 180, "texture": "#2"},
				"west": {"uv": [5.5, 6, 6, 6.5], "rotation": 180, "texture": "#2"},
				"up": {"uv": [0, 8.5, 5.6, 14.6], "rotation": 180, "texture": "#2"},
				"down": {"uv": [5.6, 14.6, 0, 8.5], "rotation": 180, "texture": "#2"}
			}
		},
		{
			"from": [-7, -0.2, -0.1],
			"to": [3.8, 1.8, 12.1],
			"rotation": {"angle": 0, "axis": "y", "origin": [-9.1, 7.9, 13]},
			"faces": {
				"north": {"uv": [11, 16, 5.5, 15], "rotation": 180, "texture": "#2"},
				"east": {"uv": [12, 16, 6, 8], "rotation": 180, "texture": "#2"},
				"south": {"uv": [6.5, 8, 1, 7], "rotation": 180, "texture": "#2"},
				"west": {"uv": [6, 16, 0, 8], "rotation": 180, "texture": "#2"},
				"up": {"uv": [5.5, 6, 6, 6.5], "rotation": 180, "texture": "#2"},
				"down": {"uv": [5.4, 14.6, 0, 8.5], "rotation": 180, "texture": "#2"}
			}
		},
		{
			"from": [-7, 14, -0.1],
			"to": [3.8, 16, 12.1],
			"rotation": {"angle": 0, "axis": "y", "origin": [-9.1, 21.9, 13]},
			"faces": {
				"north": {"uv": [9.5, 9, 4, 8], "rotation": 180, "texture": "#2"},
				"east": {"uv": [12, 16, 6, 8], "rotation": 180, "texture": "#2"},
				"south": {"uv": [6.5, 1, 1, 0], "rotation": 180, "texture": "#2"},
				"west": {"uv": [6, 16, 0, 8], "rotation": 180, "texture": "#2"},
				"up": {"uv": [3.5, 8.5, 9, 14.5], "rotation": 180, "texture": "#2"},
				"down": {"uv": [5.5, 6, 6, 6.5], "rotation": 180, "texture": "#2"}
			}
		},
		{
			"from": [-9.2, -0.2, -0.1],
			"to": [-7, 16, 12.1],
			"rotation": {"angle": 0, "axis": "y", "origin": [-11.1, 7.9, 13]},
			"faces": {
				"north": {"uv": [1, 16, 0, 8], "rotation": 180, "texture": "#2"},
				"east": {"uv": [5.5, 6, 6, 6.5], "rotation": 180, "texture": "#2"},
				"south": {"uv": [1, 8, 0, 0], "rotation": 180, "texture": "#2"},
				"west": {"uv": [6, 16, 0, 8], "rotation": 180, "texture": "#2"},
				"up": {"uv": [9.5, 8.5, 10.5, 14.5], "rotation": 180, "texture": "#2"},
				"down": {"uv": [1.1, 14.6, 0, 8.5], "rotation": 180, "texture": "#2"}
			}
		},
		{
			"from": [-9.25, 0.9, 1],
			"to": [15.05, 7.9, 6],
			"rotation": {"angle": 0, "axis": "y", "origin": [22.1, 8.9, 9]},
			"faces": {
				"north": {"uv": [8.5, 3, 20.65, 6.5], "texture": "#2"},
				"east": {"uv": [8.5, 3.5, 11, 7], "texture": "#2"},
				"south": {"uv": [8.5, 3, 20.65, 6.5], "texture": "#2"},
				"west": {"uv": [8.5, 3.5, 11, 7], "texture": "#2"},
				"up": {"uv": [0, 0, 12.15, 2.5], "texture": "#2"},
				"down": {"uv": [0, 0, 12.15, 2.5], "texture": "#2"}
			}
		},
		{
			"from": [-9.25, 7.9, 1],
			"to": [15.05, 14.9, 6],
			"rotation": {"angle": 0, "axis": "y", "origin": [22.1, 15.9, 9]},
			"faces": {
				"north": {"uv": [8.5, 3, 9, 6.5], "texture": "#2"},
				"east": {"uv": [8.5, 3, 11, 6.5], "texture": "#2"},
				"south": {"uv": [8.5, 3, 9, 6.5], "texture": "#2"},
				"west": {"uv": [8.5, 3, 11, 6.5], "texture": "#2"},
				"up": {"uv": [0, 0, 0.5, 2.5], "texture": "#2"},
				"down": {"uv": [0, 0, 0.5, 2.5], "texture": "#2"}
			}
		},
		{
			"name": "iron_bars_0",
			"from": [-8.1, -0.1, 13],
			"to": [-6.1, 11.9, 14],
			"rotation": {"angle": 0, "axis": "x", "origin": [-2.1, 3.9, 21]},
			"faces": {
				"north": {"uv": [2, 12, 4, 0], "rotation": 180, "texture": "#4"},
				"east": {"uv": [3, 0, 4, 12], "texture": "#4"},
				"south": {"uv": [2, 0, 4, 12], "texture": "#4"},
				"west": {"uv": [2, 0, 3, 12], "texture": "#4"},
				"up": {"uv": [4, 0, 2, 1], "rotation": 180, "texture": "#4"},
				"down": {"uv": [2, 15, 4, 16], "texture": "#4"}
			}
		},
		{
			"name": "iron_bars_1",
			"from": [-8.1, 16.9, -1],
			"to": [-6.1, 17.9, 13],
			"rotation": {"angle": 0, "axis": "x", "origin": [-2.1, 24.9, 9]},
			"faces": {
				"north": {"uv": [4, 0, 2, 1], "texture": "#5"},
				"east": {"uv": [3, 0, 4, 14], "rotation": 90, "texture": "#5"},
				"south": {"uv": [2, 15, 4, 16], "texture": "#5"},
				"west": {"uv": [2, 0, 3, 14], "rotation": 270, "texture": "#5"},
				"up": {"uv": [2, 0, 4, 14], "texture": "#5"},
				"down": {"uv": [2, 14, 4, 0], "texture": "#5"}
			}
		},
		{
			"name": "iron_bars_1",
			"from": [-8.1, 11.9, 13],
			"to": [-6.1, 17.9, 14],
			"rotation": {"angle": 0, "axis": "x", "origin": [-2.1, 15.9, 21]},
			"faces": {
				"north": {"uv": [2, 6, 4, 0], "rotation": 180, "texture": "#5"},
				"east": {"uv": [3, 0, 4, 6], "texture": "#5"},
				"south": {"uv": [2, 0, 4, 6], "texture": "#5"},
				"west": {"uv": [2, 0, 3, 6], "texture": "#5"},
				"up": {"uv": [4, 0, 2, 1], "rotation": 180, "texture": "#5"},
				"down": {"uv": [2, 15, 4, 16], "texture": "#5"}
			}
		},
		{
			"name": "iron_bars_1",
			"from": [-3.1, -0.1, 13],
			"to": [-1.1, 11.9, 14],
			"rotation": {"angle": 0, "axis": "x", "origin": [-2.1, 3.9, 21]},
			"faces": {
				"north": {"uv": [7, 12, 9, 0], "rotation": 180, "texture": "#4"},
				"east": {"uv": [8, 0, 9, 12], "texture": "#4"},
				"south": {"uv": [7, 0, 9, 12], "texture": "#4"},
				"west": {"uv": [7, 0, 8, 12], "texture": "#4"},
				"up": {"uv": [9, 0, 7, 1], "rotation": 180, "texture": "#4"},
				"down": {"uv": [7, 15, 9, 16], "texture": "#4"}
			}
		},
		{
			"name": "iron_bars_2",
			"from": [-3.1, 16.9, -1],
			"to": [-1.1, 17.9, 13],
			"rotation": {"angle": 0, "axis": "x", "origin": [-2.1, 24.9, 9]},
			"faces": {
				"north": {"uv": [9, 0, 7, 1], "texture": "#5"},
				"east": {"uv": [8, 0, 9, 14], "rotation": 90, "texture": "#5"},
				"south": {"uv": [7, 15, 9, 16], "texture": "#5"},
				"west": {"uv": [7, 0, 8, 14], "rotation": 270, "texture": "#5"},
				"up": {"uv": [7, 0, 9, 14], "texture": "#5"},
				"down": {"uv": [7, 14, 9, 0], "texture": "#5"}
			}
		},
		{
			"name": "iron_bars_2",
			"from": [-3.1, 11.9, 13],
			"to": [-1.1, 17.9, 14],
			"rotation": {"angle": 0, "axis": "x", "origin": [-2.1, 15.9, 21]},
			"faces": {
				"north": {"uv": [7, 6, 9, 0], "rotation": 180, "texture": "#5"},
				"east": {"uv": [8, 0, 9, 6], "texture": "#5"},
				"south": {"uv": [2, 0, 4, 6], "texture": "#5"},
				"west": {"uv": [7, 0, 8, 6], "texture": "#5"},
				"up": {"uv": [9, 0, 7, 1], "rotation": 180, "texture": "#5"},
				"down": {"uv": [7, 15, 9, 16], "texture": "#5"}
			}
		},
		{
			"name": "iron_bars_2",
			"from": [1.9, -0.1, 13],
			"to": [3.9, 11.9, 14],
			"rotation": {"angle": 0, "axis": "x", "origin": [2.9, 3.9, 21]},
			"faces": {
				"north": {"uv": [7, 12, 9, 0], "rotation": 180, "texture": "#4"},
				"east": {"uv": [8, 0, 9, 12], "texture": "#4"},
				"south": {"uv": [7, 0, 9, 12], "texture": "#4"},
				"west": {"uv": [7, 0, 8, 12], "texture": "#4"},
				"up": {"uv": [9, 0, 7, 1], "rotation": 180, "texture": "#4"},
				"down": {"uv": [7, 15, 9, 16], "texture": "#4"}
			}
		},
		{
			"name": "iron_bars_3",
			"from": [1.9, 16.9, -1],
			"to": [3.9, 17.9, 13],
			"rotation": {"angle": 0, "axis": "x", "origin": [2.9, 24.9, 9]},
			"faces": {
				"north": {"uv": [9, 0, 7, 1], "texture": "#5"},
				"east": {"uv": [8, 0, 9, 14], "rotation": 90, "texture": "#5"},
				"south": {"uv": [7, 15, 9, 16], "texture": "#5"},
				"west": {"uv": [7, 0, 8, 14], "rotation": 270, "texture": "#5"},
				"up": {"uv": [7, 0, 9, 14], "texture": "#5"},
				"down": {"uv": [7, 14, 9, 0], "texture": "#5"}
			}
		},
		{
			"name": "iron_bars_3",
			"from": [1.9, 11.9, 13],
			"to": [3.9, 17.9, 14],
			"rotation": {"angle": 0, "axis": "x", "origin": [2.9, 15.9, 21]},
			"faces": {
				"north": {"uv": [7, 6, 9, 0], "rotation": 180, "texture": "#5"},
				"east": {"uv": [8, 0, 9, 6], "texture": "#5"},
				"south": {"uv": [2, 0, 4, 6], "texture": "#5"},
				"west": {"uv": [7, 0, 8, 6], "texture": "#5"},
				"up": {"uv": [9, 0, 7, 1], "rotation": 180, "texture": "#5"},
				"down": {"uv": [7, 15, 9, 16], "texture": "#5"}
			}
		},
		{
			"name": "iron_bars_2",
			"from": [-3.1, -0.1, 13],
			"to": [-1.1, 11.9, 14],
			"rotation": {"angle": 0, "axis": "x", "origin": [-2.1, 3.9, 21]},
			"faces": {
				"north": {"uv": [7, 12, 9, 0], "rotation": 180, "texture": "#4"},
				"east": {"uv": [8, 0, 9, 12], "texture": "#4"},
				"south": {"uv": [7, 0, 9, 12], "texture": "#4"},
				"west": {"uv": [7, 0, 8, 12], "texture": "#4"},
				"up": {"uv": [9, 0, 7, 1], "rotation": 180, "texture": "#4"},
				"down": {"uv": [7, 15, 9, 16], "texture": "#4"}
			}
		},
		{
			"name": "iron_bars_3",
			"from": [6.9, -0.1, 13],
			"to": [8.9, 11.9, 14],
			"rotation": {"angle": 0, "axis": "x", "origin": [2.9, 3.9, 21]},
			"faces": {
				"north": {"uv": [12, 12, 14, 0], "rotation": 180, "texture": "#4"},
				"east": {"uv": [13, 0, 14, 12], "texture": "#4"},
				"south": {"uv": [12, 0, 14, 12], "texture": "#4"},
				"west": {"uv": [12, 0, 13, 12], "texture": "#4"},
				"up": {"uv": [14, 0, 12, 1], "rotation": 180, "texture": "#4"},
				"down": {"uv": [12, 15, 14, 16], "texture": "#4"}
			}
		},
		{
			"name": "iron_bars_4",
			"from": [6.9, 16.9, -1],
			"to": [8.9, 17.9, 13],
			"rotation": {"angle": 0, "axis": "x", "origin": [2.9, 24.9, 9]},
			"faces": {
				"north": {"uv": [14, 0, 12, 1], "texture": "#5"},
				"east": {"uv": [13, 0, 14, 14], "rotation": 90, "texture": "#5"},
				"south": {"uv": [12, 15, 14, 16], "texture": "#5"},
				"west": {"uv": [12, 0, 13, 14], "rotation": 270, "texture": "#5"},
				"up": {"uv": [12, 0, 14, 14], "texture": "#5"},
				"down": {"uv": [12, 14, 14, 0], "texture": "#5"}
			}
		},
		{
			"name": "iron_bars_4",
			"from": [6.9, 11.9, 13],
			"to": [8.9, 17.9, 14],
			"rotation": {"angle": 0, "axis": "x", "origin": [2.9, 15.9, 21]},
			"faces": {
				"north": {"uv": [12, 6, 14, 0], "rotation": 180, "texture": "#5"},
				"east": {"uv": [13, 0, 14, 6], "texture": "#5"},
				"south": {"uv": [2, 0, 4, 6], "texture": "#5"},
				"west": {"uv": [12, 0, 13, 6], "texture": "#5"},
				"up": {"uv": [14, 0, 12, 1], "rotation": 180, "texture": "#5"},
				"down": {"uv": [12, 15, 14, 16], "texture": "#5"}
			}
		},
		{
			"name": "iron_bars_4",
			"from": [11.9, -0.1, 13],
			"to": [13.9, 11.9, 14],
			"rotation": {"angle": 0, "axis": "x", "origin": [7.9, 3.9, 21]},
			"faces": {
				"north": {"uv": [12, 12, 14, 0], "rotation": 180, "texture": "#4"},
				"east": {"uv": [13, 0, 14, 12], "texture": "#4"},
				"south": {"uv": [12, 0, 14, 12], "texture": "#4"},
				"west": {"uv": [12, 0, 13, 12], "texture": "#4"},
				"up": {"uv": [14, 0, 12, 1], "rotation": 180, "texture": "#4"},
				"down": {"uv": [12, 15, 14, 16], "texture": "#4"}
			}
		},
		{
			"name": "iron_bars_5",
			"from": [11.9, 16.9, -1],
			"to": [13.9, 17.9, 13],
			"rotation": {"angle": 0, "axis": "x", "origin": [7.9, 24.9, 9]},
			"faces": {
				"north": {"uv": [14, 0, 12, 1], "texture": "#5"},
				"east": {"uv": [13, 0, 14, 14], "rotation": 90, "texture": "#5"},
				"south": {"uv": [12, 15, 14, 16], "texture": "#5"},
				"west": {"uv": [12, 0, 13, 14], "rotation": 270, "texture": "#5"},
				"up": {"uv": [12, 0, 14, 14], "texture": "#5"},
				"down": {"uv": [12, 14, 14, 0], "texture": "#5"}
			}
		},
		{
			"name": "iron_bars_5",
			"from": [11.9, 11.9, 13],
			"to": [13.9, 17.9, 14],
			"rotation": {"angle": 0, "axis": "x", "origin": [7.9, 15.9, 21]},
			"faces": {
				"north": {"uv": [12, 6, 14, 0], "rotation": 180, "texture": "#5"},
				"east": {"uv": [13, 0, 14, 6], "texture": "#5"},
				"south": {"uv": [2, 0, 4, 6], "texture": "#5"},
				"west": {"uv": [12, 0, 13, 6], "texture": "#5"},
				"up": {"uv": [14, 0, 12, 1], "rotation": 180, "texture": "#5"},
				"down": {"uv": [12, 15, 14, 16], "texture": "#5"}
			}
		},
		{
			"name": "iron_bars_3",
			"from": [-10.1, 7.9, 13],
			"to": [-8.1, 9.9, 14],
			"rotation": {"angle": 0, "axis": "x", "origin": [-2.1, 3.9, 21]},
			"faces": {
				"north": {"uv": [0, 4, 2, 2], "rotation": 180, "texture": "#4"},
				"east": {"uv": [1, 2, 2, 4], "texture": "#4"},
				"south": {"uv": [0, 2, 2, 4], "texture": "#4"},
				"west": {"uv": [0, 2, 1, 4], "texture": "#4"},
				"up": {"uv": [2, 2, 0, 3], "rotation": 180, "texture": "#4"},
				"down": {"uv": [0, 3, 2, 4], "texture": "#4"}
			}
		},
		{
			"name": "iron_bars_4",
			"from": [-10.1, 7.9, -1],
			"to": [-9.1, 9.9, 13],
			"rotation": {"angle": 0, "axis": "x", "origin": [-2.1, 3.9, 20]},
			"faces": {
				"north": {"uv": [0, 4, 1, 2], "rotation": 180, "texture": "#4"},
				"east": {"uv": [1, 2, 15, 4], "texture": "#4"},
				"south": {"uv": [0, 2, 1, 4], "texture": "#4"},
				"west": {"uv": [0, 2, 14, 4], "texture": "#4"},
				"up": {"uv": [8, 2, 7, 16], "rotation": 180, "texture": "#5"},
				"down": {"uv": [2, 2, 3, 16], "texture": "#5"}
			}
		},
		{
			"name": "iron_bars_5",
			"from": [14.9, 7.9, -1],
			"to": [15.9, 9.9, 13],
			"rotation": {"angle": 0, "axis": "x", "origin": [22.9, 3.9, 20]},
			"faces": {
				"north": {"uv": [0, 4, 1, 2], "rotation": 180, "texture": "#4"},
				"east": {"uv": [1, 2, 15, 4], "texture": "#4"},
				"south": {"uv": [0, 2, 1, 4], "texture": "#4"},
				"west": {"uv": [0, 2, 14, 4], "texture": "#4"},
				"up": {"uv": [8, 2, 7, 16], "rotation": 180, "texture": "#5"},
				"down": {"uv": [2, 2, 3, 16], "texture": "#5"}
			}
		},
		{
			"name": "iron_bars_4",
			"from": [13.9, 7.9, 13],
			"to": [15.9, 9.9, 14],
			"rotation": {"angle": 0, "axis": "x", "origin": [20.9, 3.9, 21]},
			"faces": {
				"north": {"uv": [0, 4, 2, 2], "rotation": 180, "texture": "#4"},
				"east": {"uv": [1, 2, 2, 4], "texture": "#4"},
				"south": {"uv": [0, 2, 2, 4], "texture": "#4"},
				"west": {"uv": [0, 2, 1, 4], "texture": "#4"},
				"up": {"uv": [2, 2, 0, 3], "rotation": 180, "texture": "#4"},
				"down": {"uv": [0, 3, 2, 4], "texture": "#4"}
			}
		},
		{
			"name": "iron_bars_4",
			"from": [-6.1, 7.9, 13],
			"to": [-3.1, 9.9, 14],
			"rotation": {"angle": 0, "axis": "x", "origin": [-2.1, 3.9, 21]},
			"faces": {
				"north": {"uv": [4, 4, 7, 2], "rotation": 180, "texture": "#4"},
				"east": {"uv": [6, 2, 7, 4], "texture": "#4"},
				"south": {"uv": [4, 2, 7, 4], "texture": "#4"},
				"west": {"uv": [4, 2, 5, 4], "texture": "#4"},
				"up": {"uv": [7, 2, 4, 3], "rotation": 180, "texture": "#4"},
				"down": {"uv": [4, 3, 7, 4], "texture": "#4"}
			}
		},
		{
			"name": "iron_bars_5",
			"from": [-1.1, 7.9, 13],
			"to": [1.9, 9.9, 14],
			"rotation": {"angle": 0, "axis": "x", "origin": [-2.1, 3.9, 21]},
			"faces": {
				"north": {"uv": [9, 4, 12, 2], "rotation": 180, "texture": "#4"},
				"east": {"uv": [11, 2, 12, 4], "texture": "#4"},
				"south": {"uv": [9, 2, 12, 4], "texture": "#4"},
				"west": {"uv": [9, 2, 10, 4], "texture": "#4"},
				"up": {"uv": [12, 2, 9, 3], "rotation": 180, "texture": "#4"},
				"down": {"uv": [9, 3, 12, 4], "texture": "#4"}
			}
		},
		{
			"name": "iron_bars_6",
			"from": [3.9, 7.9, 13],
			"to": [6.9, 9.9, 14],
			"rotation": {"angle": 0, "axis": "x", "origin": [2.9, 3.9, 21]},
			"faces": {
				"north": {"uv": [9, 4, 12, 2], "rotation": 180, "texture": "#4"},
				"east": {"uv": [11, 2, 12, 4], "texture": "#4"},
				"south": {"uv": [9, 2, 12, 4], "texture": "#4"},
				"west": {"uv": [9, 2, 10, 4], "texture": "#4"},
				"up": {"uv": [12, 2, 9, 3], "rotation": 180, "texture": "#4"},
				"down": {"uv": [9, 3, 12, 4], "texture": "#4"}
			}
		},
		{
			"name": "iron_bars_7",
			"from": [8.9, 7.9, 13],
			"to": [11.9, 9.9, 14],
			"rotation": {"angle": 0, "axis": "x", "origin": [7.9, 3.9, 21]},
			"faces": {
				"north": {"uv": [9, 4, 12, 2], "rotation": 180, "texture": "#4"},
				"east": {"uv": [11, 2, 12, 4], "texture": "#4"},
				"south": {"uv": [9, 2, 12, 4], "texture": "#4"},
				"west": {"uv": [9, 2, 10, 4], "texture": "#4"},
				"up": {"uv": [12, 2, 9, 3], "rotation": 180, "texture": "#4"},
				"down": {"uv": [9, 3, 12, 4], "texture": "#4"}
			}
		},
		{
			"name": "iron_bars_6",
			"from": [-1.1, 7.9, 13],
			"to": [1.9, 9.9, 14],
			"rotation": {"angle": 0, "axis": "x", "origin": [-2.1, 3.9, 21]},
			"faces": {
				"north": {"uv": [9, 4, 12, 2], "rotation": 180, "texture": "#4"},
				"east": {"uv": [11, 2, 12, 4], "texture": "#4"},
				"south": {"uv": [9, 2, 12, 4], "texture": "#4"},
				"west": {"uv": [9, 2, 10, 4], "texture": "#4"},
				"up": {"uv": [12, 2, 9, 3], "rotation": 180, "texture": "#4"},
				"down": {"uv": [9, 3, 12, 4], "texture": "#4"}
			}
		},
		{
			"from": [5.75, 7.9, 7],
			"to": [15.05, 14.9, 11],
			"rotation": {"angle": 0, "axis": "y", "origin": [22.1, 15.9, 15]},
			"faces": {
				"north": {"uv": [8.5, 3, 9, 6.5], "texture": "#6"},
				"east": {"uv": [12, 0, 16, 7], "texture": "#6"},
				"south": {"uv": [8.5, 3, 9, 6.5], "texture": "#6"},
				"west": {"uv": [8.5, 3, 11, 6.5], "texture": "#6"},
				"up": {"uv": [0, 0, 0.5, 2.5], "texture": "#6"},
				"down": {"uv": [0, 0, 0.5, 2.5], "texture": "#6"}
			}
		},
		{
			"from": [-7, 1.9, -0.1],
			"to": [4, 14, 9.95],
			"rotation": {"angle": 0, "axis": "y", "origin": [11, 9.9, 8]},
			"faces": {
				"north": {"uv": [5, 9, 10.5, 15], "texture": "#2"},
				"east": {"uv": [0, 0, 5, 6.05], "texture": "#missing"},
				"south": {"uv": [1, 1, 6.5, 7], "texture": "#2"},
				"west": {"uv": [0, 0, 5, 6.05], "texture": "#missing"},
				"up": {"uv": [0, 0, 5.5, 5], "texture": "#missing"},
				"down": {"uv": [0, 0, 5.5, 5], "texture": "#missing"}
			}
		},
		{
			"name": "fan_leaves1",
			"from": [-9.5, -0.1, 10.9],
			"to": [6.5, 15.9, 10.9],
			"rotation": {"angle": 0, "axis": "y", "origin": [-1.5, 7.9, 10.9]},
			"faces": {
				"north": {"uv": [0, 0, 8, 8], "rotation": 90, "texture": "#1_1"},
				"east": {"uv": [0, 0, 0, 16], "rotation": 180, "texture": "#1_1"},
				"south": {"uv": [0, 0, 8, 8], "rotation": 90, "texture": "#1_1"},
				"west": {"uv": [0, 0, 0, 16], "texture": "#1_1"},
				"up": {"uv": [0, 0, 0, 16], "rotation": 90, "texture": "#1_1"},
				"down": {"uv": [0, 0, 0, 16], "rotation": 90, "texture": "#1_1"}
			}
		},
		{
			"name": "fan_leaves2",
			"from": [-9.5, -0.1, 10.9],
			"to": [6.5, 15.9, 10.9],
			"rotation": {"angle": 22.5, "axis": "z", "origin": [-1.5, 7.9, 10.9]},
			"faces": {
				"north": {"uv": [8, 0, 16, 8], "rotation": 90, "texture": "#1_1"},
				"east": {"uv": [0, 0, 0, 16], "rotation": 180, "texture": "#1_1"},
				"south": {"uv": [8, 0, 16, 8], "rotation": 90, "texture": "#1_1"},
				"west": {"uv": [0, 0, 0, 16], "texture": "#1_1"},
				"up": {"uv": [0, 0, 0, 16], "rotation": 90, "texture": "#1_1"},
				"down": {"uv": [0, 0, 0, 16], "rotation": 90, "texture": "#1_1"}
			}
		},
		{
			"name": "fan_leaves3",
			"from": [-9.5, -0.1, 10.9],
			"to": [6.5, 15.9, 10.9],
			"rotation": {"angle": 45, "axis": "z", "origin": [-1.5, 7.9, 10.9]},
			"faces": {
				"north": {"uv": [0, 8, 8, 16], "rotation": 90, "texture": "#1_1"},
				"east": {"uv": [0, 0, 0, 16], "rotation": 180, "texture": "#1_1"},
				"south": {"uv": [0, 8, 8, 16], "rotation": 90, "texture": "#1_1"},
				"west": {"uv": [0, 0, 0, 16], "texture": "#1_1"},
				"up": {"uv": [0, 0, 0, 16], "rotation": 90, "texture": "#1_1"},
				"down": {"uv": [0, 0, 0, 16], "rotation": 90, "texture": "#1_1"}
			}
		},
		{
			"name": "fan_leaves4",
			"from": [-9.5, -0.1, 10.9],
			"to": [6.5, 15.9, 10.9],
			"rotation": {"angle": -22.5, "axis": "z", "origin": [-1.5, 7.9, 10.9]},
			"faces": {
				"north": {"uv": [8, 8, 16, 16], "rotation": 180, "texture": "#1_1"},
				"east": {"uv": [0, 0, 0, 16], "texture": "#1_1"},
				"south": {"uv": [8, 8, 16, 16], "texture": "#1_1"},
				"west": {"uv": [0, 0, 0, 16], "texture": "#1_1"},
				"up": {"uv": [0, 0, 0, 16], "rotation": 90, "texture": "#1_1"},
				"down": {"uv": [0, 0, 0, 16], "rotation": 270, "texture": "#1_1"}
			}
		},
		{
			"from": [-7, 1.8, 11.1],
			"to": [3.8, 2.8, 12.1],
			"rotation": {"angle": 0, "axis": "y", "origin": [8, 9.8, 19.1]},
			"faces": {
				"north": {"uv": [1, 6.5, 6.5, 7], "texture": "#2"},
				"east": {"uv": [1, 6.5, 6.5, 7], "texture": "#2"},
				"south": {"uv": [1, 6.5, 6.5, 7], "texture": "#2"},
				"west": {"uv": [1, 6.5, 6.5, 7], "texture": "#2"},
				"up": {"uv": [1, 6.5, 6.5, 7], "texture": "#2"},
				"down": {"uv": [1, 6.5, 6.5, 7], "texture": "#2"}
			}
		},
		{
			"from": [-7, 3.8, 11.1],
			"to": [3.8, 4.8, 12.1],
			"rotation": {"angle": 0, "axis": "y", "origin": [8, 11.8, 19.1]},
			"faces": {
				"north": {"uv": [1, 6.5, 6.5, 7], "texture": "#2"},
				"east": {"uv": [1, 6.5, 6.5, 7], "texture": "#2"},
				"south": {"uv": [1, 5.5, 6.5, 6], "texture": "#2"},
				"west": {"uv": [1, 6.5, 6.5, 7], "texture": "#2"},
				"up": {"uv": [1, 5.5, 6.5, 6], "texture": "#2"},
				"down": {"uv": [1, 5.5, 6.5, 6], "texture": "#2"}
			}
		},
		{
			"from": [-7, 5.8, 11.1],
			"to": [3.8, 6.8, 12.1],
			"rotation": {"angle": 0, "axis": "y", "origin": [8, 13.8, 19.1]},
			"faces": {
				"north": {"uv": [1, 6.5, 6.5, 7], "texture": "#2"},
				"east": {"uv": [1, 6.5, 6.5, 7], "texture": "#2"},
				"south": {"uv": [1, 4.5, 6.5, 5], "texture": "#2"},
				"west": {"uv": [1, 6.5, 6.5, 7], "texture": "#2"},
				"up": {"uv": [1, 4.5, 6.5, 5], "texture": "#2"},
				"down": {"uv": [1, 5.5, 6.5, 6], "texture": "#2"}
			}
		},
		{
			"from": [-7, 7.8, 11.1],
			"to": [3.8, 8.8, 12.1],
			"rotation": {"angle": 0, "axis": "y", "origin": [8, 15.8, 19.1]},
			"faces": {
				"north": {"uv": [1, 6.5, 6.5, 7], "texture": "#2"},
				"east": {"uv": [1, 6.5, 6.5, 7], "texture": "#2"},
				"south": {"uv": [1, 3.5, 6.5, 4], "texture": "#2"},
				"west": {"uv": [1, 6.5, 6.5, 7], "texture": "#2"},
				"up": {"uv": [1, 3.5, 6.5, 4], "texture": "#2"},
				"down": {"uv": [1, 5.5, 6.5, 6], "texture": "#2"}
			}
		},
		{
			"from": [-7, 9.8, 11.1],
			"to": [3.8, 10.8, 12.1],
			"rotation": {"angle": 0, "axis": "y", "origin": [8, 17.8, 19.1]},
			"faces": {
				"north": {"uv": [1, 6.5, 6.5, 7], "texture": "#2"},
				"east": {"uv": [1, 6.5, 6.5, 7], "texture": "#2"},
				"south": {"uv": [1, 2.5, 6.5, 3], "texture": "#2"},
				"west": {"uv": [1, 6.5, 6.5, 7], "texture": "#2"},
				"up": {"uv": [1, 2.5, 6.5, 3], "texture": "#2"},
				"down": {"uv": [1, 5.5, 6.5, 6], "texture": "#2"}
			}
		},
		{
			"from": [-7, 11.8, 11.1],
			"to": [3.8, 12.8, 12.1],
			"rotation": {"angle": 0, "axis": "y", "origin": [8, 19.8, 19.1]},
			"faces": {
				"north": {"uv": [1, 6.5, 6.5, 7], "texture": "#2"},
				"east": {"uv": [1, 6.5, 6.5, 7], "texture": "#2"},
				"south": {"uv": [1, 1.5, 6.5, 2], "texture": "#2"},
				"west": {"uv": [1, 6.5, 6.5, 7], "texture": "#2"},
				"up": {"uv": [1, 1.5, 6.5, 2], "texture": "#2"},
				"down": {"uv": [1, 5.5, 6.5, 6], "texture": "#2"}
			}
		},
		{
			"from": [-7, -1.1, 0],
			"to": [-4, -0.1, 12],
			"rotation": {"angle": 0, "axis": "y", "origin": [-7, -1.1, 0]},
			"faces": {
				"north": {"uv": [5, 2, 8, 3], "texture": "#7"},
				"east": {"uv": [3, 3, 4, 15], "rotation": 90, "texture": "#7"},
				"south": {"uv": [9, 1, 12, 2], "texture": "#7"},
				"west": {"uv": [3, 3, 4, 15], "rotation": 90, "texture": "#7"},
				"up": {"uv": [0, 0, 3, 12], "texture": "#7"},
				"down": {"uv": [5, 0, 8, 12], "texture": "#7"}
			}
		},
		{
			"from": [-6, -6.1, -1],
			"to": [-3, -5.1, 11],
			"rotation": {"angle": -22.5, "axis": "x", "origin": [-10, -1.1, -1]},
			"faces": {
				"north": {"uv": [6, 2, 9, 3], "texture": "#7"},
				"east": {"uv": [3, 4, 4, 16], "rotation": 90, "texture": "#7"},
				"south": {"uv": [9, 2, 12, 3], "texture": "#7"},
				"west": {"uv": [3, 4, 4, 16], "rotation": 90, "texture": "#7"},
				"up": {"uv": [6, 0, 9, 12], "texture": "#7"},
				"down": {"uv": [6, 0, 9, 12], "texture": "#7"}
			}
		},
		{
			"from": [10, -1.1, 0],
			"to": [13, -0.1, 12],
			"rotation": {"angle": 0, "axis": "y", "origin": [10, -1.1, 0]},
			"faces": {
				"north": {"uv": [5, 2, 8, 3], "texture": "#7"},
				"east": {"uv": [3, 3, 4, 15], "rotation": 90, "texture": "#7"},
				"south": {"uv": [9, 1, 12, 2], "texture": "#7"},
				"west": {"uv": [3, 3, 4, 15], "rotation": 90, "texture": "#7"},
				"up": {"uv": [0, 0, 3, 12], "texture": "#7"},
				"down": {"uv": [5, 0, 8, 12], "texture": "#7"}
			}
		},
		{
			"from": [9, -6.1, -1],
			"to": [12, -5.1, 11],
			"rotation": {"angle": -22.5, "axis": "x", "origin": [5, -1.1, -1]},
			"faces": {
				"north": {"uv": [6, 2, 9, 3], "texture": "#7"},
				"east": {"uv": [3, 4, 4, 16], "rotation": 90, "texture": "#7"},
				"south": {"uv": [9, 2, 12, 3], "texture": "#7"},
				"west": {"uv": [3, 4, 4, 16], "rotation": 90, "texture": "#7"},
				"up": {"uv": [6, 0, 9, 12], "texture": "#7"},
				"down": {"uv": [6, 0, 9, 12], "texture": "#7"}
			}
		},
		{
			"from": [-9, -1.1, 12],
			"to": [3, -0.1, 14],
			"rotation": {"angle": 0, "axis": "y", "origin": [0, -1.1, 13]},
			"faces": {
				"north": {"uv": [6, 0, 7, 12], "rotation": 90, "texture": "#7"},
				"east": {"uv": [6, 0, 7, 2], "rotation": 90, "texture": "#7"},
				"south": {"uv": [6, 0, 7, 12], "rotation": 90, "texture": "#7"},
				"west": {"uv": [6, 0, 7, 2], "rotation": 90, "texture": "#7"},
				"up": {"uv": [6, 0, 8, 12], "rotation": 90, "texture": "#7"},
				"down": {"uv": [6, 0, 8, 12], "rotation": 90, "texture": "#7"}
			}
		},
		{
			"from": [-9, -2.1, 0],
			"to": [3, -1.1, 2],
			"rotation": {"angle": 0, "axis": "y", "origin": [0, -2.1, 1]},
			"faces": {
				"north": {"uv": [6, 0, 7, 12], "rotation": 90, "texture": "#7"},
				"east": {"uv": [6, 0, 7, 2], "rotation": 90, "texture": "#7"},
				"south": {"uv": [6, 0, 7, 12], "rotation": 90, "texture": "#7"},
				"west": {"uv": [6, 0, 7, 2], "rotation": 90, "texture": "#7"},
				"up": {"uv": [6, 0, 8, 12], "rotation": 90, "texture": "#7"},
				"down": {"uv": [6, 0, 8, 12], "rotation": 90, "texture": "#7"}
			}
		},
		{
			"from": [3, -1.1, 12],
			"to": [15, -0.1, 14],
			"rotation": {"angle": 0, "axis": "y", "origin": [12, -1.1, 13]},
			"faces": {
				"north": {"uv": [6, 0, 7, 12], "rotation": 90, "texture": "#7"},
				"east": {"uv": [6, 0, 7, 2], "rotation": 90, "texture": "#7"},
				"south": {"uv": [6, 0, 7, 12], "rotation": 90, "texture": "#7"},
				"west": {"uv": [6, 0, 7, 2], "rotation": 90, "texture": "#7"},
				"up": {"uv": [6, 0, 8, 12], "rotation": 90, "texture": "#7"},
				"down": {"uv": [6, 0, 8, 12], "rotation": 90, "texture": "#7"}
			}
		},
		{
			"from": [3, -2.1, 0],
			"to": [15, -1.1, 2],
			"rotation": {"angle": 0, "axis": "y", "origin": [12, -2.1, 1]},
			"faces": {
				"north": {"uv": [6, 0, 7, 12], "rotation": 90, "texture": "#7"},
				"east": {"uv": [6, 0, 7, 2], "rotation": 90, "texture": "#7"},
				"south": {"uv": [6, 0, 7, 12], "rotation": 90, "texture": "#7"},
				"west": {"uv": [6, 0, 7, 2], "rotation": 90, "texture": "#7"},
				"up": {"uv": [6, 0, 8, 12], "rotation": 90, "texture": "#7"},
				"down": {"uv": [6, 0, 8, 12], "rotation": 90, "texture": "#7"}
			}
		}
	],
	"gui_light": "front",
	"display": {
		"thirdperson_righthand": {
			"rotation": [75, 45, 0],
			"translation": [0, 2.5, 0],
			"scale": [0.2, 0.2, 0.2]
		},
		"thirdperson_lefthand": {
			"rotation": [75, 45, 0],
			"translation": [0, 2.5, 0],
			"scale": [0.2, 0.2, 0.2]
		},
		"firstperson_righthand": {
			"rotation": [0, -139.25, 0],
			"scale": [0.4, 0.4, 0.4]
		},
		"firstperson_lefthand": {
			"rotation": [0, -279.5, 0],
			"scale": [0.4, 0.4, 0.4]
		},
		"ground": {
			"translation": [0, 3, 0],
			"scale": [0.25, 0.25, 0.25]
		},
		"gui": {
			"rotation": [30, 45, 0],
			"translation": [2.75, 0.75, 0],
			"scale": [0.625, 0.625, 0.625]
		},
		"head": {
			"rotation": [0, 180, 0],
			"translation": [0, 13, 0.25]
		},
		"fixed": {
			"rotation": [-90, -180, 0],
			"translation": [0, 0, -14.75],
			"scale": [2, 2, 2]
		}
	},
	"groups": [0, 1, 2, 3, 4, 5,
		{
			"name": "group",
			"origin": [22.1, 16, 15],
			"children": [6, 7, 8, 9, 10, 11, 12, 13, 14, 15, 16, 17, 18, 19, 20, 21, 22, 23, 24, 25, 26, 27, 28, 29, 30, 31]
		}, 32,
		{
			"name": "fan",
			"origin": [8, 8, 8],
			"children": [33, 34, 35, 36]
		}, 37, 38, 39, 40, 41, 42, 43, 44, 45, 46, 47, 48, 49, 50]
}