{
	"credit": "Yuushya",
	"ambientocclusion": false,
	"textures": {
		"0": "yuushya:block/machine_grid",
		"1": "yuushya:0extra_building_material/preview/machine",
		"2": "yuushya:0extra_building_material/preview/rice_cooker",
		"4": "yuushya:0extra_building_block/concrete/dark_concrete",
		"5": "yuushya:0extra_building_block/white_b",
		"particle": "yuushya:block/machine_grid"
	},
	"elements": [
		{
			"from": [0, -14, 0],
			"to": [16, -9, 11],
			"rotation": {"angle": 0, "axis": "y", "origin": [16, 1, 6]},
			"faces": {
				"north": {"uv": [16, 0, 0, 5], "texture": "#0"},
				"east": {"uv": [11, 4, 0, 9], "texture": "#0"},
				"south": {"uv": [16, 4, 0, 9], "texture": "#0"},
				"west": {"uv": [11, 4, 0, 9], "texture": "#0"},
				"up": {"uv": [0, 11, 16, 0], "texture": "#0"},
				"down": {"uv": [0, 11, 16, 0], "texture": "#0"}
			}
		},
		{
			"from": [0, 1, 0],
			"to": [16, 10, 11],
			"rotation": {"angle": 0, "axis": "y", "origin": [16, 20, 6]},
			"faces": {
				"north": {"uv": [16, 0, 0, 9], "texture": "#0"},
				"east": {"uv": [11, 0, 0, 9], "texture": "#0"},
				"south": {"uv": [16, 0, 0, 9], "texture": "#0"},
				"west": {"uv": [11, 0, 0, 9], "texture": "#0"},
				"up": {"uv": [0, 11, 16, 0], "texture": "#0"},
				"down": {"uv": [0, 11, 16, 0], "texture": "#0"}
			}
		},
		{
			"from": [0, -16, 0],
			"to": [16, -14, 11],
			"rotation": {"angle": 0, "axis": "y", "origin": [16, -3, 6]},
			"faces": {
				"north": {"uv": [16, 14, 0, 16], "texture": "#4"},
				"east": {"uv": [16, 14, 5, 16], "texture": "#4"},
				"south": {"uv": [16, 14, 0, 16], "texture": "#4"},
				"west": {"uv": [16, 14, 5, 16], "texture": "#4"},
				"up": {"uv": [0, 11, 16, 0], "texture": "#1"},
				"down": {"uv": [0, 11, 16, 0], "texture": "#1"}
			}
		},
		{
			"from": [0, -9, 0],
			"to": [16, 1, 11],
			"rotation": {"angle": 0, "axis": "y", "origin": [16, 13, 6]},
			"faces": {
				"north": {"uv": [16, 10, 0, 0], "texture": "#0"},
				"east": {"uv": [11, 10, 0, 0], "texture": "#0"},
				"south": {"uv": [16, 11, 0, 1], "texture": "#0"},
				"west": {"uv": [11, 10, 0, 0], "texture": "#0"},
				"up": {"uv": [0, 11, 16, 0], "texture": "#0"},
				"down": {"uv": [0, 11, 16, 0], "texture": "#0"}
			}
		},
		{
			"from": [5, 0, 11],
			"to": [11, 9, 11.5],
			"rotation": {"angle": 0, "axis": "y", "origin": [18, 22, 17]},
			"faces": {
				"north": {"uv": [6, 0, 0, 9], "texture": "#2"},
				"east": {"uv": [0.5, 0, 0, 9], "texture": "#2"},
				"south": {"uv": [10, 7, 16, 16], "texture": "#2"},
				"west": {"uv": [0.5, 0, 0, 9], "texture": "#2"},
				"up": {"uv": [0, 0.5, 6, 0], "texture": "#2"},
				"down": {"uv": [0, 0.5, 6, 0], "texture": "#2"}
			}
		},
		{
			"from": [0, 10, 0],
			"to": [16, 23, 11],
			"rotation": {"angle": 0, "axis": "y", "origin": [16, 34, 6]},
			"faces": {
				"north": {"uv": [16, 2, 0, 15], "texture": "#0"},
				"east": {"uv": [11, 2, 0, 15], "texture": "#0"},
				"south": {"uv": [16, 2, 0, 15], "texture": "#0"},
				"west": {"uv": [11, 2, 0, 15], "texture": "#0"},
				"up": {"uv": [0, 12, 16, 1], "texture": "#0"},
				"down": {"uv": [0, 11, 16, 0], "texture": "#0"}
			}
		},
		{
			"from": [1, 20, 11],
			"to": [15, 21, 11.3],
			"rotation": {"angle": 0, "axis": "y", "origin": [16, 34, 7]},
			"faces": {
				"north": {"uv": [14, 2, 0, 3], "texture": "#0"},
				"east": {"uv": [1, 2, 0, 3], "texture": "#0"},
				"south": {"uv": [15, 6, 1, 7], "texture": "#0"},
				"west": {"uv": [1, 2, 0, 3], "texture": "#0"},
				"up": {"uv": [15, 6, 1, 7], "texture": "#0"},
				"down": {"uv": [15, 6, 1, 7], "texture": "#0"}
			}
		},
		{
			"from": [14, -14, 11],
			"to": [15, -2, 11.5],
			"rotation": {"angle": 0, "axis": "y", "origin": [30, 34, 7]},
			"faces": {
				"north": {"uv": [1, 3, 0, 15], "texture": "#0"},
				"east": {"uv": [0.5, 3, 0, 15], "texture": "#0"},
				"south": {"uv": [1, 3, 0, 15], "texture": "#0"},
				"west": {"uv": [0.5, 3, 0, 15], "texture": "#0"},
				"up": {"uv": [0, 1.5, 1, 1], "texture": "#0"},
				"down": {"uv": [0, 0.5, 1, 0], "texture": "#0"}
			}
		},
		{
			"from": [2, -14, 11.5],
			"to": [14, -2, 11.5],
			"rotation": {"angle": 0, "axis": "x", "origin": [8, 19.5, 11.325]},
			"faces": {
				"north": {"uv": [13, 2, 1, 14], "texture": "#5"},
				"east": {"uv": [1, 0, 0, 1], "texture": "#5"},
				"south": {"uv": [13, 2, 1, 14], "texture": "#5"},
				"west": {"uv": [1, 0, 0, 1], "texture": "#5"},
				"up": {"uv": [0, 1, 11.7, 0], "texture": "#5"},
				"down": {"uv": [0, 1, 11.7, 0], "texture": "#5"}
			}
		},
		{
			"from": [1, -14, 11],
			"to": [2, -2, 11.5],
			"rotation": {"angle": 0, "axis": "y", "origin": [17, 34, 7]},
			"faces": {
				"north": {"uv": [1, 3, 0, 15], "texture": "#0"},
				"east": {"uv": [0.5, 3, 0, 15], "texture": "#0"},
				"south": {"uv": [1, 3, 0, 15], "texture": "#0"},
				"west": {"uv": [0.5, 3, 0, 15], "texture": "#0"},
				"up": {"uv": [0, 1.5, 1, 1], "texture": "#0"},
				"down": {"uv": [0, 0.5, 1, 0], "texture": "#0"}
			}
		},
		{
			"from": [1, -2, 11],
			"to": [15, -1, 11.5],
			"rotation": {"angle": 0, "axis": "y", "origin": [16, 34, 7]},
			"faces": {
				"north": {"uv": [14, 2, 0, 3], "texture": "#0"},
				"east": {"uv": [1, 2, 0, 3], "texture": "#0"},
				"south": {"uv": [15, 6, 1, 7], "texture": "#0"},
				"west": {"uv": [1, 2, 0, 3], "texture": "#0"},
				"up": {"uv": [15, 6, 1, 7], "texture": "#0"},
				"down": {"uv": [15, 6, 1, 7], "texture": "#0"}
			}
		},
		{
			"from": [1, -14, 11.3],
			"to": [15, -1, 11.3],
			"rotation": {"angle": 0, "axis": "y", "origin": [16, 34, 7]},
			"faces": {
				"north": {"uv": [14, 2, 0, 3], "texture": "#4"},
				"east": {"uv": [1, 2, 0, 3], "texture": "#4"},
				"south": {"uv": [15, 1, 1, 14], "texture": "#1"},
				"west": {"uv": [1, 2, 0, 3], "texture": "#4"},
				"up": {"uv": [15, 6, 1, 7], "texture": "#4"},
				"down": {"uv": [15, 6, 1, 7], "texture": "#4"}
			}
		},
		{
			"from": [2, 11, 11],
			"to": [14, 20, 11.1],
			"rotation": {"angle": 0, "axis": "y", "origin": [7.85, 12, 11.125]},
			"faces": {
				"north": {"uv": [14, 0, 0, 10], "texture": "#1"},
				"east": {"uv": [0.2, 0, 0, 10], "texture": "#1"},
				"south": {"uv": [14, 5, 2, 14], "texture": "#1"},
				"west": {"uv": [0.2, 0, 0, 10], "texture": "#1"},
				"up": {"uv": [0, 0.2, 14, 0], "texture": "#1"},
				"down": {"uv": [0, 0.2, 14, 0], "texture": "#1"}
			}
		},
		{
			"from": [16.08, 8, 3],
			"to": [16.08, 15, 7],
			"rotation": {"angle": 0, "axis": "y", "origin": [18.1, 10, 18.2]},
			"faces": {
				"north": {"uv": [0, 0, 0, 7], "texture": "#missing"},
				"east": {"uv": [12, 0, 16, 7], "texture": "#2"},
				"south": {"uv": [0, 0, 0, 7], "texture": "#missing"},
				"west": {"uv": [16, 0, 12, 7], "texture": "#2"},
				"up": {"uv": [0, 4, 0, 0], "texture": "#missing"},
				"down": {"uv": [0, 4, 0, 0], "texture": "#missing"}
			}
		}
	],
	"display": {
		"thirdperson_righthand": {
			"rotation": [75, 45, 0],
			"translation": [0, 2.5, 0],
			"scale": [0.375, 0.375, 0.375]
		},
		"thirdperson_lefthand": {
			"rotation": [75, 45, 0],
			"translation": [0, 2.5, 0],
			"scale": [0.375, 0.375, 0.375]
		},
		"firstperson_righthand": {
			"rotation": [0, 126, 0],
			"scale": [0.4, 0.4, 0.4]
		},
		"firstperson_lefthand": {
			"rotation": [0, 126, 0],
			"scale": [0.4, 0.4, 0.4]
		},
		"ground": {
			"translation": [0, 3, 0],
			"scale": [0.25, 0.25, 0.25]
		},
		"gui": {
			"rotation": [30, 45, 0],
			"translation": [1, 1.5, 0],
			"scale": [0.5, 0.5, 0.5]
		},
		"fixed": {
			"rotation": [-90, 0, 0],
			"translation": [0, 0, -46],
			"scale": [2, 2, 2]
		}
	}
}