{
	"credit": "Yuushya",
	"ambientocclusion": false,
	"textures": {
		"0": "yuushya:block/machine",
		"1": "yuushya:block/dark_concrete",
		"2": "yuushya:0extra_building_material/preview/rice_cooker",
		"particle": "yuushya:block/machine"
	},
	"elements": [
		{
			"from": [-16, -1, 0],
			"to": [-3, 0, 12],
			"rotation": {"angle": 0, "axis": "y", "origin": [-10, 7, 8]},
			"faces": {
				"north": {"uv": [0, 0, 13, 1], "texture": "#0"},
				"east": {"uv": [0, 0, 12, 1], "texture": "#0"},
				"south": {"uv": [0, 0, 13, 1], "texture": "#0"},
				"west": {"uv": [0, 0, 12, 1], "texture": "#0"},
				"up": {"uv": [0, 0, 13, 12], "texture": "#1"},
				"down": {"uv": [0, 0, 13, 12], "texture": "#0"}
			}
		},
		{
			"from": [-12, 1, 1],
			"to": [9, 2, 12],
			"rotation": {"angle": 0, "axis": "y", "origin": [-7, 9, 8]},
			"faces": {
				"north": {"uv": [0, 0, 16, 1], "texture": "#1"},
				"east": {"uv": [0, 0, 12, 1], "texture": "#1"},
				"south": {"uv": [3, 0, 4, 1], "texture": "#0"},
				"west": {"uv": [0, 0, 12, 1], "texture": "#1"},
				"up": {"uv": [0, 0, 16, 12], "texture": "#1"},
				"down": {"uv": [0, 0, 16, 12], "texture": "#1"}
			}
		},
		{
			"from": [-3, -1, 0],
			"to": [13, 0, 12],
			"rotation": {"angle": 0, "axis": "y", "origin": [5, 7, 8]},
			"faces": {
				"north": {"uv": [0, 0, 16, 1], "texture": "#0"},
				"east": {"uv": [0, 0, 12, 1], "texture": "#0"},
				"south": {"uv": [0, 0, 16, 1], "texture": "#0"},
				"west": {"uv": [0, 0, 12, 1], "texture": "#0"},
				"up": {"uv": [0, 0, 16, 12], "texture": "#1"},
				"down": {"uv": [0, 0, 16, 12], "texture": "#0"}
			}
		},
		{
			"from": [-16, 2, 0],
			"to": [-3, 8, 12],
			"rotation": {"angle": 0, "axis": "y", "origin": [-10, 10, 8]},
			"faces": {
				"north": {"uv": [0, 8, 13, 14], "texture": "#0"},
				"east": {"uv": [4, 8, 16, 14], "texture": "#0"},
				"south": {"uv": [0, 8, 13, 14], "texture": "#0"},
				"west": {"uv": [0, 8, 12, 14], "texture": "#0"},
				"up": {"uv": [0, 3, 13, 15], "texture": "#0"},
				"down": {"uv": [2.5, 4, 15.5, 16], "texture": "#1"}
			}
		},
		{
			"from": [-3, 2, 0],
			"to": [13, 8, 12],
			"rotation": {"angle": 0, "axis": "y", "origin": [5, 10, 8]},
			"faces": {
				"north": {"uv": [0, 8, 16, 14], "texture": "#0"},
				"east": {"uv": [4, 8, 16, 14], "texture": "#0"},
				"south": {"uv": [3, 8, 16, 14], "texture": "#0"},
				"west": {"uv": [0, 8, 12, 14], "texture": "#0"},
				"up": {"uv": [3, 3, 16, 15], "texture": "#0"},
				"down": {"uv": [15.5, 4, 16, 16], "texture": "#1"}
			}
		},
		{
			"from": [-16, 8, 0],
			"to": [-3, 10, 11],
			"rotation": {"angle": 0, "axis": "y", "origin": [-10, 11, 8]},
			"faces": {
				"north": {"uv": [1, 5, 14, 7], "texture": "#0"},
				"east": {"uv": [0, 0, 11, 2], "texture": "#0"},
				"south": {"uv": [0, 7, 13, 9], "texture": "#0"},
				"west": {"uv": [0, 5, 11, 7], "texture": "#0"},
				"up": {"uv": [0, 4, 13, 15], "texture": "#0"},
				"down": {"uv": [0, 0, 13, 11], "texture": "#0"}
			}
		},
		{
			"from": [-3, 8, 0],
			"to": [13, 10, 11],
			"rotation": {"angle": 0, "axis": "y", "origin": [5, 11, 8]},
			"faces": {
				"north": {"uv": [0, 5, 16, 7], "texture": "#0"},
				"east": {"uv": [0, 5, 11, 7], "texture": "#0"},
				"south": {"uv": [0, 7, 16, 9], "texture": "#0"},
				"west": {"uv": [0, 0, 11, 2], "texture": "#0"},
				"up": {"uv": [0, 4, 16, 15], "texture": "#0"},
				"down": {"uv": [0, 0, 16, 11], "texture": "#0"}
			}
		},
		{
			"from": [-16, 10, 0],
			"to": [-3, 11, 10],
			"rotation": {"angle": 0, "axis": "y", "origin": [-10, 7, 8]},
			"faces": {
				"north": {"uv": [0, 0, 13, 1], "texture": "#0"},
				"east": {"uv": [0, 0, 10, 1], "texture": "#0"},
				"south": {"uv": [0, 0, 13, 1], "texture": "#0"},
				"west": {"uv": [0, 0, 10, 1], "texture": "#0"},
				"up": {"uv": [0, 0, 13, 10], "texture": "#0"},
				"down": {"uv": [0, 0, 13, 10], "texture": "#0"}
			}
		},
		{
			"from": [-3, 10, 0],
			"to": [13, 11, 10],
			"rotation": {"angle": 0, "axis": "y", "origin": [5, 7, 8]},
			"faces": {
				"north": {"uv": [0, 0, 16, 1], "texture": "#0"},
				"east": {"uv": [0, 0, 10, 1], "texture": "#0"},
				"south": {"uv": [0, 0, 16, 1], "texture": "#0"},
				"west": {"uv": [0, 0, 10, 1], "texture": "#0"},
				"up": {"uv": [0, 0, 16, 10], "texture": "#0"},
				"down": {"uv": [0, 0, 16, 10], "texture": "#0"}
			}
		},
		{
			"from": [-16, 0, 0],
			"to": [-1, 2, 7],
			"rotation": {"angle": 0, "axis": "y", "origin": [-8, 9, 8]},
			"faces": {
				"north": {"uv": [0, 0, 15, 2], "texture": "#0"},
				"east": {"uv": [0, 0, 7, 2], "texture": "#0"},
				"south": {"uv": [0, 0, 15, 2], "texture": "#1"},
				"west": {"uv": [0, 0, 7, 2], "texture": "#0"},
				"up": {"uv": [0, 0, 15, 7], "texture": "#0"},
				"down": {"uv": [0, 0, 15, 7], "texture": "#0"}
			}
		},
		{
			"from": [-1, 0, 0],
			"to": [13, 2, 7],
			"rotation": {"angle": 0, "axis": "y", "origin": [6, 9, 8]},
			"faces": {
				"north": {"uv": [0, 0, 14, 2], "texture": "#0"},
				"east": {"uv": [9, 0, 16, 2], "texture": "#0"},
				"south": {"uv": [0, 0, 14, 1], "texture": "#1"},
				"west": {"uv": [0, 0, 7, 1], "texture": "#0"},
				"up": {"uv": [0, 0, 14, 7], "texture": "#0"},
				"down": {"uv": [0, 0, 14, 7], "texture": "#0"}
			}
		},
		{
			"from": [-16, 0, 7],
			"to": [-12, 2, 12],
			"rotation": {"angle": 0, "axis": "y", "origin": [-8, 9, 9]},
			"faces": {
				"north": {"uv": [0, 0, 4, 2], "texture": "#0"},
				"east": {"uv": [0, 0, 5, 2], "texture": "#1"},
				"south": {"uv": [0, 0, 4, 2], "texture": "#0"},
				"west": {"uv": [11, 0, 16, 2], "texture": "#0"},
				"up": {"uv": [0, 0, 4, 5], "texture": "#0"},
				"down": {"uv": [0, 0, 4, 5], "texture": "#0"}
			}
		},
		{
			"from": [9, 0, 7],
			"to": [13, 2, 12],
			"rotation": {"angle": 0, "axis": "y", "origin": [18, 9, 9]},
			"faces": {
				"north": {"uv": [0, 0, 3, 2], "texture": "#0"},
				"east": {"uv": [0, 0, 5, 2], "texture": "#0"},
				"south": {"uv": [4, 0, 0, 2], "texture": "#0"},
				"west": {"uv": [0, 0, 5, 2], "texture": "#1"},
				"up": {"uv": [0, 0, 3, 5], "texture": "#0"},
				"down": {"uv": [0, 0, 3, 5], "texture": "#0"}
			}
		},
		{
			"from": [8, 1, 12],
			"to": [12, 8, 12.1],
			"rotation": {"angle": 0, "axis": "y", "origin": [10, 7, 18.7]},
			"faces": {
				"north": {"uv": [12, 0, 16, 7], "texture": "#2"},
				"east": {"uv": [15, 0, 16, 7], "texture": "#2"},
				"south": {"uv": [12, 0, 16, 7], "texture": "#2"},
				"west": {"uv": [15, 0, 16, 7], "texture": "#2"},
				"up": {"uv": [12, 0, 16, 1], "texture": "#2"},
				"down": {"uv": [12, 0, 16, 1], "texture": "#2"}
			}
		},
		{
			"from": [-14, 4, 12],
			"to": [-13, 5, 12.1],
			"rotation": {"angle": 0, "axis": "y", "origin": [-6, 12, 20]},
			"faces": {
				"north": {"uv": [10, 10, 11, 11], "texture": "#2"},
				"east": {"uv": [10, 10, 11, 11], "texture": "#2"},
				"south": {"uv": [10, 10, 11, 11], "texture": "#2"},
				"west": {"uv": [10, 10, 11, 11], "texture": "#2"},
				"up": {"uv": [10, 10, 11, 11], "texture": "#2"},
				"down": {"uv": [10, 10, 11, 11], "texture": "#2"}
			}
		},
		{
			"from": [-12, 4, 12],
			"to": [-11, 5, 12.1],
			"rotation": {"angle": 0, "axis": "y", "origin": [-4, 12, 20]},
			"faces": {
				"north": {"uv": [12, 10, 13, 11], "texture": "#2"},
				"east": {"uv": [12, 10, 13, 11], "texture": "#2"},
				"south": {"uv": [12, 10, 13, 11], "texture": "#2"},
				"west": {"uv": [12, 10, 13, 11], "texture": "#2"},
				"up": {"uv": [12, 10, 13, 11], "texture": "#2"},
				"down": {"uv": [12, 10, 13, 11], "texture": "#2"}
			}
		},
		{
			"from": [13, 2, 2],
			"to": [16, 5, 5],
			"rotation": {"angle": 0, "axis": "y", "origin": [23, 10, 10]},
			"faces": {
				"north": {"uv": [0, 0, 3, 3], "texture": "#0"},
				"east": {"uv": [0, 0, 3, 3], "texture": "#0"},
				"south": {"uv": [0, 0, 3, 3], "texture": "#0"},
				"west": {"uv": [0, 0, 3, 3], "texture": "#0"},
				"up": {"uv": [0, 0, 3, 3], "texture": "#0"},
				"down": {"uv": [0, 0, 3, 3], "texture": "#0"}
			}
		},
		{
			"from": [14, 1, 1],
			"to": [17, 4, 4],
			"rotation": {"angle": 0, "axis": "y", "origin": [24, 9, 9]},
			"faces": {
				"north": {"uv": [0, 0, 3, 3], "rotation": 270, "texture": "#0"},
				"east": {"uv": [0, 0, 3, 3], "rotation": 270, "texture": "#0"},
				"south": {"uv": [0, 13, 3, 16], "rotation": 270, "texture": "#0"},
				"west": {"uv": [0, 0, 3, 3], "rotation": 270, "texture": "#0"},
				"up": {"uv": [0, 0, 3, 3], "rotation": 270, "texture": "#0"},
				"down": {"uv": [0, 0, 3, 3], "rotation": 270, "texture": "#0"}
			}
		}
	],
	"display": {
		"thirdperson_righthand": {
			"rotation": [75, 45, 0],
			"translation": [0, 2.5, 0],
			"scale": [0.375, 0.375, 0.375]
		},
		"thirdperson_lefthand": {
			"rotation": [75, 45, 0],
			"translation": [0, 2.5, 0],
			"scale": [0.375, 0.375, 0.375]
		},
		"firstperson_righthand": {
			"rotation": [0, -62, 0],
			"translation": [0, 0, -3.75],
			"scale": [0.4, 0.4, 0.4]
		},
		"firstperson_lefthand": {
			"rotation": [0, -62, 0],
			"translation": [5.5, 0, -3.75],
			"scale": [0.4, 0.4, 0.4]
		},
		"ground": {
			"translation": [0, 3, 0],
			"scale": [0.25, 0.25, 0.25]
		},
		"gui": {
			"rotation": [30, 45, 0],
			"translation": [5.25, 3.75, 0],
			"scale": [0.625, 0.625, 0.625]
		},
		"fixed": {
			"rotation": [0, -180, 0],
			"translation": [0, 6, -14],
			"scale": [2, 2, 2]
		}
	}
}