{
	"credit": "Coco",
	"ambientocclusion": false,
	"textures": {
		"2": "yuushya:0extra_building_material/preview/airc1_",
		"6": "yuushya:0extra_building_material/preview/rice_cooker_",
		"9": "yuushya:0extra_building_material/preview/iron_",
		"particle": "yuushya:0extra_building_material/preview/wastepaper_basket"
	},
	"elements": [
		{
			"from": [1, -0.1, -0.1],
			"to": [25.2, 16.1, 12.1],
			"rotation": {"angle": 0, "axis": "y", "origin": [12.1, 8, 13]},
			"faces": {
				"north": {"uv": [12, 16, 0, 8], "rotation": 180, "texture": "#2"},
				"east": {"uv": [12, 16, 6, 8], "rotation": 180, "texture": "#2"},
				"south": {"uv": [12, 8, 0, 0], "rotation": 180, "texture": "#2"},
				"west": {"uv": [6, 16, 0, 8], "rotation": 180, "texture": "#2"},
				"up": {"uv": [0, 8.5, 12, 14.5], "rotation": 180, "texture": "#2"},
				"down": {"uv": [12, 14.5, 0, 8.5], "rotation": 180, "texture": "#2"}
			}
		},
		{
			"from": [0.95, 1, 1],
			"to": [25.25, 8, 6],
			"rotation": {"angle": 0, "axis": "y", "origin": [32.3, 9, 9]},
			"faces": {
				"north": {"uv": [8.5, 3, 11, 7], "texture": "#2"},
				"east": {"uv": [8.5, 3.5, 11, 7], "texture": "#2"},
				"south": {"uv": [8.5, 3, 11, 7], "texture": "#2"},
				"west": {"uv": [8.5, 3.5, 11, 7], "texture": "#2"},
				"up": {"uv": [0, 0, 0.5, 2.5], "texture": "#2"},
				"down": {"uv": [0, 0, 0.5, 2.5], "texture": "#2"}
			}
		},
		{
			"from": [0.95, 8, 1],
			"to": [25.25, 15, 6],
			"rotation": {"angle": 0, "axis": "y", "origin": [32.3, 16, 9]},
			"faces": {
				"north": {"uv": [8.5, 3, 9, 6.5], "texture": "#2"},
				"east": {"uv": [8.5, 3, 11, 6.5], "texture": "#2"},
				"south": {"uv": [8.5, 3, 9, 6.5], "texture": "#2"},
				"west": {"uv": [8.5, 3, 11, 6.5], "texture": "#2"},
				"up": {"uv": [0, 0, 0.5, 2.5], "texture": "#2"},
				"down": {"uv": [0, 0, 0.5, 2.5], "texture": "#2"}
			}
		},
		{
			"from": [15.95, 8, 7],
			"to": [25.25, 15, 11],
			"rotation": {"angle": 0, "axis": "y", "origin": [32.3, 16, 15]},
			"faces": {
				"north": {"uv": [8.5, 3, 9, 6.5], "texture": "#6"},
				"east": {"uv": [12, 0, 16, 7], "texture": "#6"},
				"south": {"uv": [8.5, 3, 9, 6.5], "texture": "#6"},
				"west": {"uv": [8.5, 3, 11, 6.5], "texture": "#6"},
				"up": {"uv": [0, 0, 0.5, 2.5], "texture": "#6"},
				"down": {"uv": [0, 0, 0.5, 2.5], "texture": "#6"}
			}
		},
		{
			"from": [3, -1, 0],
			"to": [6, 0, 12],
			"rotation": {"angle": 0, "axis": "y", "origin": [3, -1, 0]},
			"faces": {
				"north": {"uv": [5, 2, 8, 3], "texture": "#9"},
				"east": {"uv": [3, 3, 4, 15], "rotation": 90, "texture": "#9"},
				"south": {"uv": [9, 1, 12, 2], "texture": "#9"},
				"west": {"uv": [3, 3, 4, 15], "rotation": 90, "texture": "#9"},
				"up": {"uv": [0, 0, 3, 12], "texture": "#9"},
				"down": {"uv": [6, 0, 9, 12], "texture": "#9"}
			}
		},
		{
			"from": [4, -6, -1],
			"to": [7, -5, 11],
			"rotation": {"angle": -22.5, "axis": "x", "origin": [0, -1, -1]},
			"faces": {
				"north": {"uv": [5, 2, 8, 3], "texture": "#9"},
				"east": {"uv": [3, 4, 4, 16], "rotation": 90, "texture": "#9"},
				"south": {"uv": [10, 2, 13, 3], "texture": "#9"},
				"west": {"uv": [3, 4, 4, 16], "rotation": 90, "texture": "#9"},
				"up": {"uv": [6, 0, 9, 12], "texture": "#9"},
				"down": {"uv": [6, 0, 9, 12], "texture": "#9"}
			}
		},
		{
			"from": [20, -1, 0],
			"to": [23, 0, 12],
			"rotation": {"angle": 0, "axis": "y", "origin": [20, -1, 0]},
			"faces": {
				"north": {"uv": [5, 2, 8, 3], "texture": "#9"},
				"east": {"uv": [3, 3, 4, 15], "rotation": 90, "texture": "#9"},
				"south": {"uv": [9, 1, 12, 2], "texture": "#9"},
				"west": {"uv": [3, 3, 4, 15], "rotation": 90, "texture": "#9"},
				"up": {"uv": [0, 0, 3, 12], "texture": "#9"},
				"down": {"uv": [6, 0, 9, 12], "texture": "#9"}
			}
		},
		{
			"from": [19, -6, -1],
			"to": [22, -5, 11],
			"rotation": {"angle": -22.5, "axis": "x", "origin": [15, -1, -1]},
			"faces": {
				"north": {"uv": [5, 2, 8, 3], "texture": "#9"},
				"east": {"uv": [3, 4, 4, 16], "rotation": 90, "texture": "#9"},
				"south": {"uv": [10, 2, 13, 3], "texture": "#9"},
				"west": {"uv": [3, 4, 4, 16], "rotation": 90, "texture": "#9"},
				"up": {"uv": [6, 0, 9, 12], "texture": "#9"},
				"down": {"uv": [6, 0, 9, 12], "texture": "#9"}
			}
		}
	],
	"gui_light": "front",
	"display": {
		"thirdperson_righthand": {
			"rotation": [75, 45, 0],
			"translation": [0, 2.5, 0],
			"scale": [0.375, 0.375, 0.375]
		},
		"thirdperson_lefthand": {
			"rotation": [75, 45, 0],
			"translation": [0, 2.5, 0],
			"scale": [0.375, 0.375, 0.375]
		},
		"firstperson_righthand": {
			"rotation": [0, 45, 0],
			"scale": [0.4, 0.4, 0.4]
		},
		"firstperson_lefthand": {
			"rotation": [0, 225, 0],
			"scale": [0.4, 0.4, 0.4]
		},
		"ground": {
			"translation": [0, 3, 0],
			"scale": [0.25, 0.25, 0.25]
		},
		"gui": {
			"rotation": [30, 45, 0],
			"translation": [-1.75, -1.5, 0],
			"scale": [0.625, 0.625, 0.625]
		},
		"fixed": {
			"rotation": [-90, 0, 0],
			"translation": [0, 0, -14],
			"scale": [2, 2, 2]
		}
	},
	"groups": [
		0,
		1,
		2,
		3,
		{
			"name": "wine",
			"origin": [8, 8, 8],
			"color": 0,
			"children": []
		},
		4,
		5,
		6,
		7
	]
}