{
	"ambientocclusion": false,
	"textures": {
		"1": "yuushya:block/iron_bar_",
		"2": "yuushya:0extra_building_material/preview/airc2",
		"5": "yuushya:0extra_building_material/preview/rice_cooker",
		"6": "yuushya:0extra_building_material/preview/iron_",
		"particle": "yuushya:block/iron_rail",
		"2_0": "yuushya:block/iron_rail"
	},
	"elements": [
		{
			"from": [-9.2, -0.2, -0.1],
			"to": [15, 16, 12.1],
			"rotation": {"angle": 0, "axis": "y", "origin": [1.9, 7.9, 13]},
			"faces": {
				"north": {"uv": [12, 16, 0, 8], "rotation": 180, "texture": "#2"},
				"east": {"uv": [12, 16, 6, 8], "rotation": 180, "texture": "#2"},
				"south": {"uv": [12, 8, 0, 0], "rotation": 180, "texture": "#2"},
				"west": {"uv": [6, 16, 0, 8], "rotation": 180, "texture": "#2"},
				"up": {"uv": [0, 8.5, 12, 14.5], "rotation": 180, "texture": "#2"},
				"down": {"uv": [12, 14.5, 0, 8.5], "rotation": 180, "texture": "#2"}
			}
		},
		{
			"from": [-9.25, 0.9, 1],
			"to": [15.05, 7.9, 6],
			"rotation": {"angle": 0, "axis": "y", "origin": [22.1, 8.9, 9]},
			"faces": {
				"north": {"uv": [8.5, 3, 20.65, 6.5], "texture": "#2"},
				"east": {"uv": [8.5, 3.5, 11, 7], "texture": "#2"},
				"south": {"uv": [8.5, 3, 20.65, 6.5], "texture": "#2"},
				"west": {"uv": [8.5, 3.5, 11, 7], "texture": "#2"},
				"up": {"uv": [0, 0, 12.15, 2.5], "texture": "#2"},
				"down": {"uv": [0, 0, 12.15, 2.5], "texture": "#2"}
			}
		},
		{
			"from": [-9.25, 7.9, 1],
			"to": [15.05, 14.9, 6],
			"rotation": {"angle": 0, "axis": "y", "origin": [22.1, 15.9, 9]},
			"faces": {
				"north": {"uv": [8.5, 3, 9, 6.5], "texture": "#2"},
				"east": {"uv": [8.5, 3, 11, 6.5], "texture": "#2"},
				"south": {"uv": [8.5, 3, 9, 6.5], "texture": "#2"},
				"west": {"uv": [8.5, 3, 11, 6.5], "texture": "#2"},
				"up": {"uv": [0, 0, 0.5, 2.5], "texture": "#2"},
				"down": {"uv": [0, 0, 0.5, 2.5], "texture": "#2"}
			}
		},
		{
			"from": [5.75, 7.9, 7],
			"to": [15.05, 14.9, 11],
			"rotation": {"angle": 0, "axis": "y", "origin": [22.1, 15.9, 15]},
			"faces": {
				"north": {"uv": [8.5, 3, 9, 6.5], "texture": "#5"},
				"east": {"uv": [12, 0, 16, 7], "texture": "#5"},
				"south": {"uv": [8.5, 3, 9, 6.5], "texture": "#5"},
				"west": {"uv": [8.5, 3, 11, 6.5], "texture": "#5"},
				"up": {"uv": [0, 0, 0.5, 2.5], "texture": "#5"},
				"down": {"uv": [0, 0, 0.5, 2.5], "texture": "#5"}
			}
		},
		{
			"from": [10, -1.1, 0],
			"to": [13, -0.1, 12],
			"rotation": {"angle": 0, "axis": "y", "origin": [10, -1.1, 0]},
			"faces": {
				"north": {"uv": [5, 2, 8, 3], "texture": "#6"},
				"east": {"uv": [3, 3, 4, 15], "rotation": 90, "texture": "#6"},
				"south": {"uv": [9, 1, 12, 2], "texture": "#6"},
				"west": {"uv": [3, 3, 4, 15], "rotation": 90, "texture": "#6"},
				"up": {"uv": [0, 0, 3, 12], "texture": "#6"},
				"down": {"uv": [5, 0, 8, 12], "texture": "#6"}
			}
		},
		{
			"from": [9, -6.1, -1],
			"to": [12, -5.1, 11],
			"rotation": {"angle": -22.5, "axis": "x", "origin": [5, -1.1, -1]},
			"faces": {
				"north": {"uv": [5, 2, 8, 3], "texture": "#6"},
				"east": {"uv": [3, 4, 4, 16], "rotation": 90, "texture": "#6"},
				"south": {"uv": [9, 2, 12, 3], "texture": "#6"},
				"west": {"uv": [3, 4, 4, 16], "rotation": 90, "texture": "#6"},
				"up": {"uv": [6, 0, 9, 12], "texture": "#6"},
				"down": {"uv": [6, 0, 9, 12], "texture": "#6"}
			}
		},
		{
			"from": [-9, -1.1, 12],
			"to": [3, -0.1, 14],
			"rotation": {"angle": 0, "axis": "y", "origin": [0, -1.1, 13]},
			"faces": {
				"north": {"uv": [6, 0, 7, 12], "rotation": 90, "texture": "#6"},
				"east": {"uv": [6, 0, 7, 2], "rotation": 90, "texture": "#6"},
				"south": {"uv": [6, 0, 7, 12], "rotation": 90, "texture": "#6"},
				"west": {"uv": [6, 0, 7, 2], "rotation": 90, "texture": "#6"},
				"up": {"uv": [6, 0, 8, 12], "rotation": 90, "texture": "#6"},
				"down": {"uv": [6, 0, 8, 12], "rotation": 90, "texture": "#6"}
			}
		},
		{
			"from": [-9, -2.1, 0],
			"to": [3, -1.1, 2],
			"rotation": {"angle": 0, "axis": "y", "origin": [0, -2.1, 1]},
			"faces": {
				"north": {"uv": [6, 0, 7, 12], "rotation": 90, "texture": "#6"},
				"east": {"uv": [6, 0, 7, 2], "rotation": 90, "texture": "#6"},
				"south": {"uv": [6, 0, 7, 12], "rotation": 90, "texture": "#6"},
				"west": {"uv": [6, 0, 7, 2], "rotation": 90, "texture": "#6"},
				"up": {"uv": [6, 0, 8, 12], "rotation": 90, "texture": "#6"},
				"down": {"uv": [6, 0, 8, 12], "rotation": 90, "texture": "#6"}
			}
		},
		{
			"from": [3, -1.1, 12],
			"to": [15, -0.1, 14],
			"rotation": {"angle": 0, "axis": "y", "origin": [12, -1.1, 13]},
			"faces": {
				"north": {"uv": [6, 0, 7, 12], "rotation": 90, "texture": "#6"},
				"east": {"uv": [6, 0, 7, 2], "rotation": 90, "texture": "#6"},
				"south": {"uv": [6, 0, 7, 12], "rotation": 90, "texture": "#6"},
				"west": {"uv": [6, 0, 7, 2], "rotation": 90, "texture": "#6"},
				"up": {"uv": [6, 0, 8, 12], "rotation": 90, "texture": "#6"},
				"down": {"uv": [6, 0, 8, 12], "rotation": 90, "texture": "#6"}
			}
		},
		{
			"from": [3, -2.1, 0],
			"to": [15, -1.1, 2],
			"rotation": {"angle": 0, "axis": "y", "origin": [12, -2.1, 1]},
			"faces": {
				"north": {"uv": [6, 0, 7, 12], "rotation": 90, "texture": "#6"},
				"east": {"uv": [6, 0, 7, 2], "rotation": 90, "texture": "#6"},
				"south": {"uv": [6, 0, 7, 12], "rotation": 90, "texture": "#6"},
				"west": {"uv": [6, 0, 7, 2], "rotation": 90, "texture": "#6"},
				"up": {"uv": [6, 0, 8, 12], "rotation": 90, "texture": "#6"},
				"down": {"uv": [6, 0, 8, 12], "rotation": 90, "texture": "#6"}
			}
		},
		{
			"from": [-6, -6.1, -1],
			"to": [-3, -5.1, 11],
			"rotation": {"angle": -22.5, "axis": "x", "origin": [-10, -1.1, -1]},
			"faces": {
				"north": {"uv": [5, 2, 8, 3], "texture": "#6"},
				"east": {"uv": [3, 4, 4, 16], "rotation": 90, "texture": "#6"},
				"south": {"uv": [9, 2, 12, 3], "texture": "#6"},
				"west": {"uv": [3, 4, 4, 16], "rotation": 90, "texture": "#6"},
				"up": {"uv": [6, 0, 9, 12], "texture": "#6"},
				"down": {"uv": [6, 0, 9, 12], "texture": "#6"}
			}
		},
		{
			"from": [-7, -1.1, 0],
			"to": [-4, -0.1, 12],
			"rotation": {"angle": 0, "axis": "y", "origin": [-7, -1.1, 0]},
			"faces": {
				"north": {"uv": [5, 2, 8, 3], "texture": "#6"},
				"east": {"uv": [3, 3, 4, 15], "rotation": 90, "texture": "#6"},
				"south": {"uv": [9, 1, 12, 2], "texture": "#6"},
				"west": {"uv": [3, 3, 4, 15], "rotation": 90, "texture": "#6"},
				"up": {"uv": [0, 0, 3, 12], "texture": "#6"},
				"down": {"uv": [5, 0, 8, 12], "texture": "#6"}
			}
		},
		{
			"from": [-8.5, 0, 9],
			"to": [-7.5, 1, 15],
			"faces": {
				"north": {"uv": [0, 0, 1, 1], "texture": "#1"},
				"east": {"uv": [16, 0, 10, 1], "texture": "#1"},
				"south": {"uv": [0, 0, 1, 1], "texture": "#1"},
				"west": {"uv": [10, 0, 16, 1], "texture": "#1"},
				"up": {"uv": [0, 0, 6, 1], "rotation": 270, "texture": "#1"},
				"down": {"uv": [0, 0, 6, 1], "rotation": 90, "texture": "#1"}
			}
		},
		{
			"from": [-11, 11, 0],
			"to": [-9, 12.1, 15],
			"faces": {
				"north": {"uv": [0, 0, 2, 1.1], "texture": "#1"},
				"east": {"uv": [0, 0, 15, 1.1], "texture": "#1"},
				"south": {"uv": [0, 0, 2, 1], "texture": "#1"},
				"west": {"uv": [1, 0, 16, 1], "texture": "#1"},
				"up": {"uv": [0, 2, 15, 4], "rotation": 90, "texture": "#1"},
				"down": {"uv": [1, 0, 16, 1], "rotation": 270, "texture": "#1"}
			}
		},
		{
			"from": [-4.5, 0, 9],
			"to": [-3.5, 1, 15],
			"faces": {
				"north": {"uv": [0, 0, 1, 1], "texture": "#1"},
				"east": {"uv": [16, 0, 10, 1], "texture": "#1"},
				"south": {"uv": [0, 0, 1, 1], "texture": "#1"},
				"west": {"uv": [10, 0, 16, 1], "texture": "#1"},
				"up": {"uv": [0, 0, 6, 1], "rotation": 270, "texture": "#1"},
				"down": {"uv": [0, 0, 6, 1], "rotation": 90, "texture": "#1"}
			}
		},
		{
			"from": [-6.5, 0, 9],
			"to": [-5.5, 1, 15],
			"faces": {
				"north": {"uv": [0, 0, 1, 1], "texture": "#1"},
				"east": {"uv": [16, 0, 10, 1], "texture": "#1"},
				"south": {"uv": [0, 0, 1, 1], "texture": "#1"},
				"west": {"uv": [10, 0, 16, 1], "texture": "#1"},
				"up": {"uv": [0, 0, 6, 1], "rotation": 270, "texture": "#1"},
				"down": {"uv": [0, 0, 6, 1], "rotation": 90, "texture": "#1"}
			}
		},
		{
			"from": [-2.5, 0, 9],
			"to": [-1.5, 1, 15],
			"faces": {
				"north": {"uv": [0, 0, 1, 1], "texture": "#1"},
				"east": {"uv": [16, 0, 10, 1], "texture": "#1"},
				"south": {"uv": [0, 0, 1, 1], "texture": "#1"},
				"west": {"uv": [10, 0, 16, 1], "texture": "#1"},
				"up": {"uv": [0, 0, 6, 1], "rotation": 270, "texture": "#1"},
				"down": {"uv": [0, 0, 6, 1], "rotation": 90, "texture": "#1"}
			}
		},
		{
			"from": [-0.5, 0, 9],
			"to": [0.5, 1, 15],
			"faces": {
				"north": {"uv": [0, 0, 1, 1], "texture": "#1"},
				"east": {"uv": [16, 0, 10, 1], "texture": "#1"},
				"south": {"uv": [0, 0, 1, 1], "texture": "#1"},
				"west": {"uv": [10, 0, 16, 1], "texture": "#1"},
				"up": {"uv": [0, 0, 6, 1], "rotation": 270, "texture": "#1"},
				"down": {"uv": [0, 0, 6, 1], "rotation": 90, "texture": "#1"}
			}
		},
		{
			"from": [7.5, 0, 9],
			"to": [8.5, 1, 15],
			"faces": {
				"north": {"uv": [0, 0, 1, 1], "texture": "#1"},
				"east": {"uv": [16, 0, 10, 1], "texture": "#1"},
				"south": {"uv": [0, 0, 1, 1], "texture": "#1"},
				"west": {"uv": [10, 0, 16, 1], "texture": "#1"},
				"up": {"uv": [0, 0, 6, 1], "rotation": 270, "texture": "#1"},
				"down": {"uv": [0, 0, 6, 1], "rotation": 90, "texture": "#1"}
			}
		},
		{
			"from": [1.5, 0, 9],
			"to": [2.5, 1, 15],
			"faces": {
				"north": {"uv": [0, 0, 1, 1], "texture": "#1"},
				"east": {"uv": [16, 0, 10, 1], "texture": "#1"},
				"south": {"uv": [0, 0, 1, 1], "texture": "#1"},
				"west": {"uv": [10, 0, 16, 1], "texture": "#1"},
				"up": {"uv": [0, 0, 6, 1], "rotation": 270, "texture": "#1"},
				"down": {"uv": [0, 0, 6, 1], "rotation": 90, "texture": "#1"}
			}
		},
		{
			"from": [9.5, 0, 9],
			"to": [10.5, 1, 15],
			"faces": {
				"north": {"uv": [0, 0, 1, 1], "texture": "#1"},
				"east": {"uv": [16, 0, 10, 1], "texture": "#1"},
				"south": {"uv": [0, 0, 1, 1], "texture": "#1"},
				"west": {"uv": [10, 0, 16, 1], "texture": "#1"},
				"up": {"uv": [0, 0, 6, 1], "rotation": 270, "texture": "#1"},
				"down": {"uv": [0, 0, 6, 1], "rotation": 90, "texture": "#1"}
			}
		},
		{
			"from": [3.5, 0, 9],
			"to": [4.5, 1, 15],
			"faces": {
				"north": {"uv": [0, 0, 1, 1], "texture": "#1"},
				"east": {"uv": [16, 0, 10, 1], "texture": "#1"},
				"south": {"uv": [0, 0, 1, 1], "texture": "#1"},
				"west": {"uv": [10, 0, 16, 1], "texture": "#1"},
				"up": {"uv": [0, 0, 6, 1], "rotation": 270, "texture": "#1"},
				"down": {"uv": [0, 0, 6, 1], "rotation": 90, "texture": "#1"}
			}
		},
		{
			"from": [11.5, 0, 9],
			"to": [12.5, 1, 15],
			"faces": {
				"north": {"uv": [0, 0, 1, 1], "texture": "#1"},
				"east": {"uv": [16, 0, 10, 1], "texture": "#1"},
				"south": {"uv": [0, 0, 1, 1], "texture": "#1"},
				"west": {"uv": [10, 0, 16, 1], "texture": "#1"},
				"up": {"uv": [0, 0, 6, 1], "rotation": 270, "texture": "#1"},
				"down": {"uv": [0, 0, 6, 1], "rotation": 90, "texture": "#1"}
			}
		},
		{
			"from": [5.5, 0, 9],
			"to": [6.5, 1, 15],
			"faces": {
				"north": {"uv": [0, 0, 1, 1], "texture": "#1"},
				"east": {"uv": [16, 0, 10, 1], "texture": "#1"},
				"south": {"uv": [0, 0, 1, 1], "texture": "#1"},
				"west": {"uv": [10, 0, 16, 1], "texture": "#1"},
				"up": {"uv": [0, 0, 6, 1], "rotation": 270, "texture": "#1"},
				"down": {"uv": [0, 0, 6, 1], "rotation": 90, "texture": "#1"}
			}
		},
		{
			"from": [13.5, 0, 9],
			"to": [14.5, 1, 15],
			"faces": {
				"north": {"uv": [0, 0, 1, 1], "texture": "#1"},
				"east": {"uv": [16, 0, 10, 1], "texture": "#1"},
				"south": {"uv": [0, 0, 1, 1], "texture": "#1"},
				"west": {"uv": [10, 0, 16, 1], "texture": "#1"},
				"up": {"uv": [0, 0, 6, 1], "rotation": 270, "texture": "#1"},
				"down": {"uv": [0, 0, 6, 1], "rotation": 90, "texture": "#1"}
			}
		},
		{
			"from": [15, 11, 0],
			"to": [17, 12.1, 15],
			"faces": {
				"north": {"uv": [0, 0, 2, 1.1], "texture": "#1"},
				"east": {"uv": [1, 0, 16, 1], "rotation": 180, "texture": "#1"},
				"south": {"uv": [0, 0, 2, 1], "texture": "#1"},
				"west": {"uv": [0, 0, 15, 1.1], "texture": "#1"},
				"up": {"uv": [0, 2, 15, 4], "rotation": 90, "texture": "#1"},
				"down": {"uv": [1, 0, 16, 1], "rotation": 270, "texture": "#1"}
			}
		},
		{
			"from": [-9, 11, 13],
			"to": [7, 12.1, 15],
			"faces": {
				"north": {"uv": [0, 3, 16, 4], "texture": "#1"},
				"east": {"uv": [0, 0, 2, 1], "texture": "#1"},
				"south": {"uv": [0, 2, 16, 3], "texture": "#1"},
				"west": {"uv": [0, 0, 2, 1], "texture": "#1"},
				"up": {"uv": [0, 2, 16, 4], "texture": "#1"},
				"down": {"uv": [0, 3, 16, 5], "texture": "#1"}
			}
		},
		{
			"from": [7, 11, 13],
			"to": [15, 12.1, 15],
			"faces": {
				"north": {"uv": [0, 3, 8, 4.1], "texture": "#1"},
				"east": {"uv": [0, 0, 2, 1.1], "texture": "#1"},
				"south": {"uv": [1, 2, 9, 3.1], "texture": "#1"},
				"west": {"uv": [0, 0, 2, 1.1], "texture": "#1"},
				"up": {"uv": [1, 2, 9, 3.1], "texture": "#1"},
				"down": {"uv": [1, 3, 9, 5], "texture": "#1"}
			}
		},
		{
			"from": [-8.5, 1, 13],
			"to": [-7.5, 11, 15],
			"faces": {
				"north": {"uv": [0, 0, 1, 10], "rotation": 180, "texture": "#2_0"},
				"east": {"uv": [2, 0, 0, 10], "rotation": 180, "texture": "#2_0"},
				"south": {"uv": [0, 0, 1, 10], "rotation": 180, "texture": "#2_0"},
				"west": {"uv": [0, 0, 2, 10], "rotation": 180, "texture": "#2_0"},
				"up": {"uv": [0, 0, 2, 1], "rotation": 270, "texture": "#2_0"},
				"down": {"uv": [0, 0, 2, 1], "rotation": 90, "texture": "#2_0"}
			}
		},
		{
			"from": [-6.5, 1, 13],
			"to": [-5.5, 11, 15],
			"faces": {
				"north": {"uv": [0, 0, 1, 10], "rotation": 180, "texture": "#2_0"},
				"east": {"uv": [2, 0, 0, 10], "rotation": 180, "texture": "#2_0"},
				"south": {"uv": [0, 0, 1, 10], "rotation": 180, "texture": "#2_0"},
				"west": {"uv": [0, 0, 2, 10], "rotation": 180, "texture": "#2_0"},
				"up": {"uv": [0, 0, 2, 1], "rotation": 270, "texture": "#2_0"},
				"down": {"uv": [0, 0, 2, 1], "rotation": 90, "texture": "#2_0"}
			}
		},
		{
			"from": [-4.5, 1, 13],
			"to": [-3.5, 11, 15],
			"faces": {
				"north": {"uv": [0, 0, 1, 10], "rotation": 180, "texture": "#2_0"},
				"east": {"uv": [2, 0, 0, 10], "rotation": 180, "texture": "#2_0"},
				"south": {"uv": [0, 0, 1, 10], "rotation": 180, "texture": "#2_0"},
				"west": {"uv": [0, 0, 2, 10], "rotation": 180, "texture": "#2_0"},
				"up": {"uv": [0, 0, 2, 1], "rotation": 270, "texture": "#2_0"},
				"down": {"uv": [0, 0, 2, 1], "rotation": 90, "texture": "#2_0"}
			}
		},
		{
			"from": [-2.5, 1, 13],
			"to": [-1.5, 11, 15],
			"faces": {
				"north": {"uv": [0, 0, 1, 10], "rotation": 180, "texture": "#2_0"},
				"east": {"uv": [2, 0, 0, 10], "rotation": 180, "texture": "#2_0"},
				"south": {"uv": [0, 0, 1, 10], "rotation": 180, "texture": "#2_0"},
				"west": {"uv": [0, 0, 2, 10], "rotation": 180, "texture": "#2_0"},
				"up": {"uv": [0, 0, 2, 1], "rotation": 270, "texture": "#2_0"},
				"down": {"uv": [0, 0, 2, 1], "rotation": 90, "texture": "#2_0"}
			}
		},
		{
			"from": [-0.5, 1, 13],
			"to": [0.5, 11, 15],
			"faces": {
				"north": {"uv": [0, 0, 1, 10], "rotation": 180, "texture": "#2_0"},
				"east": {"uv": [2, 0, 0, 10], "rotation": 180, "texture": "#2_0"},
				"south": {"uv": [0, 0, 1, 10], "rotation": 180, "texture": "#2_0"},
				"west": {"uv": [0, 0, 2, 10], "rotation": 180, "texture": "#2_0"},
				"up": {"uv": [0, 0, 2, 1], "rotation": 270, "texture": "#2_0"},
				"down": {"uv": [0, 0, 2, 1], "rotation": 90, "texture": "#2_0"}
			}
		},
		{
			"from": [7.5, 1, 13],
			"to": [8.5, 11, 15],
			"faces": {
				"north": {"uv": [0, 0, 1, 10], "rotation": 180, "texture": "#2_0"},
				"east": {"uv": [2, 0, 0, 10], "rotation": 180, "texture": "#2_0"},
				"south": {"uv": [0, 0, 1, 10], "rotation": 180, "texture": "#2_0"},
				"west": {"uv": [0, 0, 2, 10], "rotation": 180, "texture": "#2_0"},
				"up": {"uv": [0, 0, 2, 1], "rotation": 270, "texture": "#2_0"},
				"down": {"uv": [0, 0, 2, 1], "rotation": 90, "texture": "#2_0"}
			}
		},
		{
			"from": [1.5, 1, 13],
			"to": [2.5, 11, 15],
			"faces": {
				"north": {"uv": [0, 0, 1, 10], "rotation": 180, "texture": "#2_0"},
				"east": {"uv": [2, 0, 0, 10], "rotation": 180, "texture": "#2_0"},
				"south": {"uv": [0, 0, 1, 10], "rotation": 180, "texture": "#2_0"},
				"west": {"uv": [0, 0, 2, 10], "rotation": 180, "texture": "#2_0"},
				"up": {"uv": [0, 0, 2, 1], "rotation": 270, "texture": "#2_0"},
				"down": {"uv": [0, 0, 2, 1], "rotation": 90, "texture": "#2_0"}
			}
		},
		{
			"from": [9.5, 1, 13],
			"to": [10.5, 11, 15],
			"faces": {
				"north": {"uv": [0, 0, 1, 10], "rotation": 180, "texture": "#2_0"},
				"east": {"uv": [2, 0, 0, 10], "rotation": 180, "texture": "#2_0"},
				"south": {"uv": [0, 0, 1, 10], "rotation": 180, "texture": "#2_0"},
				"west": {"uv": [0, 0, 2, 10], "rotation": 180, "texture": "#2_0"},
				"up": {"uv": [0, 0, 2, 1], "rotation": 270, "texture": "#2_0"},
				"down": {"uv": [0, 0, 2, 1], "rotation": 90, "texture": "#2_0"}
			}
		},
		{
			"from": [3.5, 1, 13],
			"to": [4.5, 11, 15],
			"faces": {
				"north": {"uv": [0, 0, 1, 10], "rotation": 180, "texture": "#2_0"},
				"east": {"uv": [2, 0, 0, 10], "rotation": 180, "texture": "#2_0"},
				"south": {"uv": [0, 0, 1, 10], "rotation": 180, "texture": "#2_0"},
				"west": {"uv": [0, 0, 2, 10], "rotation": 180, "texture": "#2_0"},
				"up": {"uv": [0, 0, 2, 1], "rotation": 270, "texture": "#2_0"},
				"down": {"uv": [0, 0, 2, 1], "rotation": 90, "texture": "#2_0"}
			}
		},
		{
			"from": [11.5, 1, 13],
			"to": [12.5, 11, 15],
			"faces": {
				"north": {"uv": [0, 0, 1, 10], "rotation": 180, "texture": "#2_0"},
				"east": {"uv": [2, 0, 0, 10], "rotation": 180, "texture": "#2_0"},
				"south": {"uv": [0, 0, 1, 10], "rotation": 180, "texture": "#2_0"},
				"west": {"uv": [0, 0, 2, 10], "rotation": 180, "texture": "#2_0"},
				"up": {"uv": [0, 0, 2, 1], "rotation": 270, "texture": "#2_0"},
				"down": {"uv": [0, 0, 2, 1], "rotation": 90, "texture": "#2_0"}
			}
		},
		{
			"from": [5.5, 1, 13],
			"to": [6.5, 11, 15],
			"faces": {
				"north": {"uv": [0, 0, 1, 10], "rotation": 180, "texture": "#2_0"},
				"east": {"uv": [2, 0, 0, 10], "rotation": 180, "texture": "#2_0"},
				"south": {"uv": [0, 0, 1, 10], "rotation": 180, "texture": "#2_0"},
				"west": {"uv": [0, 0, 2, 10], "rotation": 180, "texture": "#2_0"},
				"up": {"uv": [0, 0, 2, 1], "rotation": 270, "texture": "#2_0"},
				"down": {"uv": [0, 0, 2, 1], "rotation": 90, "texture": "#2_0"}
			}
		},
		{
			"from": [13.5, 1, 13],
			"to": [14.5, 11, 15],
			"faces": {
				"north": {"uv": [0, 0, 1, 10], "rotation": 180, "texture": "#2_0"},
				"east": {"uv": [2, 0, 0, 10], "rotation": 180, "texture": "#2_0"},
				"south": {"uv": [0, 0, 1, 10], "rotation": 180, "texture": "#2_0"},
				"west": {"uv": [0, 0, 2, 10], "rotation": 180, "texture": "#2_0"},
				"up": {"uv": [0, 0, 2, 1], "rotation": 270, "texture": "#2_0"},
				"down": {"uv": [0, 0, 2, 1], "rotation": 90, "texture": "#2_0"}
			}
		}
	],
	"gui_light": "front",
	"display": {
		"thirdperson_righthand": {
			"rotation": [75, 45, 0],
			"translation": [0, 2.5, 0],
			"scale": [0.375, 0.375, 0.375]
		},
		"thirdperson_lefthand": {
			"rotation": [75, 45, 0],
			"translation": [0, 2.5, 0],
			"scale": [0.375, 0.375, 0.375]
		},
		"firstperson_righthand": {
			"rotation": [0, 45, 0],
			"scale": [0.4, 0.4, 0.4]
		},
		"firstperson_lefthand": {
			"rotation": [0, 225, 0],
			"scale": [0.4, 0.4, 0.4]
		},
		"ground": {
			"translation": [0, 3, 0],
			"scale": [0.25, 0.25, 0.25]
		},
		"gui": {
			"rotation": [30, 45, 0],
			"translation": [2, -1.5, 0],
			"scale": [0.625, 0.625, 0.625]
		},
		"fixed": {
			"scale": [0.5, 0.5, 0.5]
		}
	},
	"groups": [0, 1, 2, 3, 4, 5, 6, 7, 8, 9, 10, 11,
		{
			"name": "iron_rail_none",
			"origin": [8, 8, 8],
			"children": [12, 13, 14, 15, 16, 17, 18, 19, 20, 21, 22, 23, 24, 25, 26, 27, 28, 29, 30, 31, 32, 33, 34, 35, 36, 37, 38, 39]
		}
	]
}