{
	"credit": "Yuushya",
	"textures": {
		"0": "block/birch_planks__",
		"particle": "block/birch_planks__"
	},
	"elements": [
		{
			"from": [0, 13, 2],
			"to": [16, 16, 5],
			"rotation": {"angle": 0, "axis": "y", "origin": [8, 23, 12]},
			"faces": {
				"north": {"uv": [0, 12, 16, 15], "texture": "#0"},
				"east": {"uv": [2, 0, 5, 3], "texture": "#0"},
				"south": {"uv": [0, 12, 16, 15], "rotation": 180, "texture": "#0"},
				"west": {"uv": [2, 0, 5, 3], "texture": "#0"},
				"up": {"uv": [0, 12, 16, 15], "rotation": 180, "texture": "#0"},
				"down": {"uv": [0, 12, 16, 15], "rotation": 180, "texture": "#0"}
			}
		},
		{
			"from": [13, 0, 2],
			"to": [16, 13, 5],
			"rotation": {"angle": 0, "axis": "z", "origin": [6, 5, 12]},
			"faces": {
				"north": {"uv": [3, 12, 16, 15], "rotation": 270, "texture": "#0"},
				"east": {"uv": [3, 12, 16, 15], "rotation": 270, "texture": "#0"},
				"south": {"uv": [3, 12, 16, 15], "rotation": 270, "texture": "#0"},
				"west": {"uv": [3, 12, 16, 15], "rotation": 270, "texture": "#0"},
				"up": {"uv": [0, 0, 3, 3], "rotation": 270, "texture": "#0"},
				"down": {"uv": [2, 0, 5, 3], "texture": "#0"}
			}
		}
	],
	"display": {
		"thirdperson_righthand": {
			"rotation": [75, 45, 0],
			"translation": [0.75, -0.75, 2],
			"scale": [0.375, 0.375, 0.375]
		},
		"thirdperson_lefthand": {
			"rotation": [75, 45, 0],
			"translation": [0.75, -0.75, 2],
			"scale": [0.375, 0.375, 0.375]
		},
		"firstperson_righthand": {
			"rotation": [0, -75, 0],
			"scale": [0.4, 0.4, 0.4]
		},
		"firstperson_lefthand": {
			"rotation": [0, -75, 0],
			"scale": [0.4, 0.4, 0.4]
		},
		"ground": {
			"translation": [0, 3, 0],
			"scale": [0.25, 0.25, 0.25]
		},
		"gui": {
			"rotation": [30, 135, 0],
			"translation": [3, 0.5, 0],
			"scale": [0.7, 0.7, 0.7]
		},
		"fixed": {
			"translation": [0, 0, 12],
			"scale": [2, 2, 2]
		}
	}
}