{
	"textures": {
		"0": "yuushya:block/dark_concrete",
		"1": "yuushya:0extra_building_material/preview/cigarettes",
		"2": "block/grass",
		"particle": "yuushya:block/dark_concrete"
	},
	"elements": [
		{
			"from": [2, 0, 1],
			"to": [7, 0.5, 6],
			"faces": {
				"north": {"uv": [11, 15.5, 16, 16], "texture": "#0"},
				"east": {"uv": [11, 15.5, 16, 16], "texture": "#0"},
				"south": {"uv": [0, 15.5, 5, 16], "texture": "#0"},
				"west": {"uv": [0, 15.5, 5, 16], "texture": "#0"},
				"up": {"uv": [8, 6.5, 13, 11.5], "texture": "#0"},
				"down": {"uv": [0, 11, 5, 16], "texture": "#0"}
			}
		},
		{
			"from": [2, 0.5, 1],
			"to": [3, 1.5, 6],
			"faces": {
				"north": {"uv": [15, 14.5, 16, 15.5], "texture": "#0"},
				"east": {"uv": [11, 14.5, 16, 15.5], "texture": "#0"},
				"south": {"uv": [0, 14.5, 1, 15.5], "texture": "#0"},
				"west": {"uv": [0, 14.5, 5, 15.5], "texture": "#0"},
				"up": {"uv": [0, 0, 1, 5], "texture": "#0"},
				"down": {"uv": [0, 11, 1, 16], "texture": "#0"}
			}
		},
		{
			"from": [3, 0.5, 1],
			"to": [6, 1.5, 1.5],
			"rotation": {"angle": 0, "axis": "y", "origin": [2.5, 1, 2.5]},
			"faces": {
				"north": {"uv": [12, 14.5, 15, 15.5], "texture": "#0"},
				"east": {"uv": [15.5, 14.5, 16, 15.5], "texture": "#0"},
				"south": {"uv": [1, 14.5, 4, 15.5], "texture": "#0"},
				"west": {"uv": [0, 14.5, 0.5, 15.5], "texture": "#0"},
				"up": {"uv": [14, 9, 14.5, 12], "rotation": 90, "texture": "#0"},
				"down": {"uv": [1, 15.5, 4, 16], "rotation": 270, "texture": "#0"}
			}
		},
		{
			"from": [6, 0.5, 1],
			"to": [7, 1.5, 6],
			"faces": {
				"north": {"uv": [11, 14.5, 12, 15.5], "texture": "#0"},
				"east": {"uv": [11, 14.5, 16, 15.5], "texture": "#0"},
				"south": {"uv": [4, 14.5, 5, 15.5], "texture": "#0"},
				"west": {"uv": [0, 14.5, 5, 15.5], "texture": "#0"},
				"up": {"uv": [4, 0, 5, 5], "texture": "#0"},
				"down": {"uv": [4, 11, 5, 16], "texture": "#0"}
			}
		},
		{
			"from": [3, 0.5, 5.5],
			"to": [6, 1.5, 6],
			"rotation": {"angle": 0, "axis": "y", "origin": [2.5, 1, 2.5]},
			"faces": {
				"north": {"uv": [12, 14.5, 15, 15.5], "texture": "#0"},
				"east": {"uv": [11, 14.5, 11.5, 15.5], "texture": "#0"},
				"south": {"uv": [1, 14.5, 4, 15.5], "texture": "#0"},
				"west": {"uv": [4.5, 14.5, 5, 15.5], "texture": "#0"},
				"up": {"uv": [14, 9, 14.5, 12], "rotation": 90, "texture": "#0"},
				"down": {"uv": [1, 11, 4, 11.5], "rotation": 270, "texture": "#0"}
			}
		},
		{
			"from": [4, -1, 2],
			"to": [7.2, -0.2, 2.8],
			"rotation": {"angle": 22.5, "axis": "z", "origin": [0, 0, 0]},
			"faces": {
				"north": {"uv": [2, 0, 2.8, 4], "rotation": 90, "texture": "#1"},
				"east": {"uv": [2, 3, 2.8, 3.8], "texture": "#1"},
				"south": {"uv": [2, 0, 2.8, 4], "rotation": 270, "texture": "#1"},
				"west": {"uv": [0, 0, 0.8, 0.8], "texture": "#1"},
				"up": {"uv": [2, 0, 2.8, 4], "rotation": 270, "texture": "#1"},
				"down": {"uv": [2, 0, 2.8, 4], "rotation": 270, "texture": "#1"}
			}
		},
		{
			"from": [4.3, 0.5, -0.8],
			"to": [7.5, 1.3, 0],
			"rotation": {"angle": -45, "axis": "y", "origin": [0, 0, 0]},
			"faces": {
				"north": {"uv": [2, 0, 2.8, 4], "rotation": 90, "texture": "#1"},
				"east": {"uv": [2, 3, 2.8, 3.8], "texture": "#1"},
				"south": {"uv": [2, 0, 2.8, 4], "rotation": 270, "texture": "#1"},
				"west": {"uv": [0, 0, 0.8, 0.8], "texture": "#1"},
				"up": {"uv": [2, 0, 2.8, 4], "rotation": 270, "texture": "#1"},
				"down": {"uv": [2, 0, 2.8, 4], "rotation": 270, "texture": "#1"}
			}
		},
		{
			"from": [4.2, -0.2, -0.7],
			"to": [8.2, 1.8, -0.7],
			"rotation": {"angle": -45, "axis": "y", "origin": [-0.1, 0, -0.1]},
			"faces": {
				"north": {"uv": [2, 9, 7, 12], "texture": "#2"},
				"east": {"uv": [0, 0, 0, 2], "texture": "#2"},
				"south": {"uv": [2, 9, 7, 12], "texture": "#2"},
				"west": {"uv": [0, 0, 0, 2], "texture": "#2"},
				"up": {"uv": [0, 0, 4, 0], "texture": "#2"},
				"down": {"uv": [0, 0, 4, 0], "texture": "#2"}
			}
		},
		{
			"from": [1.1, 0, 5.1],
			"to": [5.1, 2, 5.1],
			"rotation": {"angle": 22.5, "axis": "y", "origin": [-0.1, 0, -0.1]},
			"faces": {
				"north": {"uv": [2, 9, 7, 12], "texture": "#2"},
				"east": {"uv": [0, 0, 0, 2], "texture": "#2"},
				"south": {"uv": [2, 9, 7, 12], "texture": "#2"},
				"west": {"uv": [0, 0, 0, 2], "texture": "#2"},
				"up": {"uv": [0, 0, 4, 0], "texture": "#2"},
				"down": {"uv": [0, 0, 4, 0], "texture": "#2"}
			}
		}
	],
	"display": {
		"thirdperson_righthand": {
			"rotation": [75, 45, 0],
			"translation": [0, 2.5, 0],
			"scale": [0.375, 0.375, 0.375]
		},
		"thirdperson_lefthand": {
			"rotation": [75, 45, 0],
			"translation": [0, 2.5, 0],
			"scale": [0.375, 0.375, 0.375]
		},
		"firstperson_righthand": {
			"rotation": [0, 45, 0],
			"scale": [0.4, 0.4, 0.4]
		},
		"firstperson_lefthand": {
			"rotation": [0, 225, 0],
			"scale": [0.4, 0.4, 0.4]
		},
		"ground": {
			"translation": [0, 3, 0],
			"scale": [0.25, 0.25, 0.25]
		},
		"gui": {
			"rotation": [30, 225, 0],
			"translation": [-8.25, 7, 0],
			"scale": [1.5, 1.5, 1.5]
		},
		"fixed": {
			"rotation": [-90, 0, 0],
			"translation": [0, 0, -14],
			"scale": [2, 2, 2]
		}
	}
}