{
	"credit": "Yuushya",
	"textures": {
		"0": "yuushya:0extra_building_material/preview/basket",
		"particle": "yuushya:0extra_building_material/preview/basket"
	},
	"elements": [
		{
			"from": [2, 0, 12],
			"to": [14, 7, 13],
			"rotation": {"angle": 0, "axis": "y", "origin": [8, 4.9, 8]},
			"faces": {
				"north": {"uv": [2, 6, 14, 13], "texture": "#0"},
				"east": {"uv": [1, 0, 2, 7], "texture": "#0"},
				"south": {"uv": [0, 0, 12, 7], "texture": "#0"},
				"west": {"uv": [1, 0, 2, 7], "texture": "#0"},
				"up": {"uv": [0, 0, 12, 1], "texture": "#0"},
				"down": {"uv": [0, 0, 12, 1], "texture": "#0"}
			}
		},
		{
			"from": [3, 0, 4],
			"to": [13, 1, 12],
			"rotation": {"angle": 0, "axis": "y", "origin": [8, 4.9, 8]},
			"faces": {
				"north": {"uv": [0, 0, 10, 1], "texture": "#0"},
				"east": {"uv": [0, 0, 8, 1], "texture": "#0"},
				"south": {"uv": [0, 0, 10, 1], "texture": "#0"},
				"west": {"uv": [0, 0, 8, 1], "texture": "#0"},
				"up": {"uv": [3, 7, 13, 15], "texture": "#0"},
				"down": {"uv": [2, 7, 12, 15], "texture": "#0"}
			}
		},
		{
			"from": [2, 0, 3],
			"to": [14, 7, 4],
			"rotation": {"angle": 0, "axis": "y", "origin": [8, 4.9, 8]},
			"faces": {
				"north": {"uv": [0, 0, 12, 7], "texture": "#0"},
				"east": {"uv": [0, 0, 1, 7], "texture": "#0"},
				"south": {"uv": [2, 6, 14, 13], "texture": "#0"},
				"west": {"uv": [0, 0, 1, 7], "texture": "#0"},
				"up": {"uv": [0, 0, 12, 1], "texture": "#0"},
				"down": {"uv": [0, 2, 12, 3], "texture": "#0"}
			}
		},
		{
			"from": [2, 0, 4],
			"to": [3, 7, 12],
			"rotation": {"angle": 0, "axis": "y", "origin": [8, 4.9, 8]},
			"faces": {
				"north": {"uv": [0, 0, 1, 7], "texture": "#0"},
				"east": {"uv": [8, 6, 16, 13], "texture": "#0"},
				"south": {"uv": [0, 0, 1, 7], "texture": "#0"},
				"west": {"uv": [1, 0, 9, 7], "texture": "#0"},
				"up": {"uv": [0, 7, 1, 15], "texture": "#0"},
				"down": {"uv": [15, 7, 16, 15], "texture": "#0"}
			}
		},
		{
			"from": [13, 0, 4],
			"to": [14, 7, 12],
			"rotation": {"angle": 0, "axis": "y", "origin": [8, 4.9, 8]},
			"faces": {
				"north": {"uv": [0, 0, 1, 7], "texture": "#0"},
				"east": {"uv": [0, 0, 8, 7], "texture": "#0"},
				"south": {"uv": [0, 0, 1, 7], "texture": "#0"},
				"west": {"uv": [8, 6, 16, 13], "texture": "#0"},
				"up": {"uv": [0, 7, 1, 15], "texture": "#0"},
				"down": {"uv": [0, 7, 1, 15], "texture": "#0"}
			}
		},
		{
			"from": [1, 7, 2],
			"to": [15, 8, 4],
			"rotation": {"angle": 0, "axis": "y", "origin": [8, 4.9, 8]},
			"faces": {
				"north": {"uv": [1, 15, 15, 16], "texture": "#0"},
				"east": {"uv": [13, 15, 15, 16], "texture": "#0"},
				"south": {"uv": [0, 15, 14, 16], "texture": "#0"},
				"west": {"uv": [1, 15, 3, 16], "texture": "#0"},
				"up": {"uv": [1, 14, 15, 16], "rotation": 180, "texture": "#0"},
				"down": {"uv": [0, 14, 14, 16], "texture": "#0"}
			}
		},
		{
			"from": [1, 7, 12],
			"to": [15, 8, 14],
			"rotation": {"angle": 0, "axis": "y", "origin": [8, 4.9, 8]},
			"faces": {
				"north": {"uv": [0, 15, 14, 16], "texture": "#0"},
				"east": {"uv": [1, 15, 3, 16], "texture": "#0"},
				"south": {"uv": [1, 15, 15, 16], "texture": "#0"},
				"west": {"uv": [13, 15, 15, 16], "texture": "#0"},
				"up": {"uv": [2, 14, 16, 16], "texture": "#0"},
				"down": {"uv": [0, 14, 14, 16], "rotation": 180, "texture": "#0"}
			}
		},
		{
			"from": [1, 7, 4],
			"to": [3, 8, 12],
			"rotation": {"angle": 0, "axis": "y", "origin": [8, 4.9, 8]},
			"faces": {
				"north": {"uv": [0, 0, 2, 1], "texture": "#0"},
				"east": {"uv": [3, 15, 11, 16], "texture": "#0"},
				"south": {"uv": [0, 0, 2, 1], "texture": "#0"},
				"west": {"uv": [4, 15, 12, 16], "texture": "#0"},
				"up": {"uv": [2, 14, 11, 16], "rotation": 90, "texture": "#0"},
				"down": {"uv": [2, 14, 11, 16], "rotation": 90, "texture": "#0"}
			}
		},
		{
			"from": [13, 7, 4],
			"to": [15, 8, 12],
			"rotation": {"angle": 0, "axis": "y", "origin": [8, 4.9, 8]},
			"faces": {
				"north": {"uv": [0, 0, 2, 1], "texture": "#0"},
				"east": {"uv": [4, 15, 12, 16], "texture": "#0"},
				"south": {"uv": [0, 0, 2, 1], "texture": "#0"},
				"west": {"uv": [3, 15, 11, 16], "texture": "#0"},
				"up": {"uv": [2, 14, 11, 16], "rotation": 270, "texture": "#0"},
				"down": {"uv": [2, 14, 11, 16], "rotation": 270, "texture": "#0"}
			}
		}
	],
	"display": {
		"thirdperson_righthand": {
			"rotation": [75, 45, 0],
			"translation": [0, 2.5, 0],
			"scale": [0.375, 0.375, 0.375]
		},
		"thirdperson_lefthand": {
			"rotation": [75, 45, 0],
			"translation": [0, 2.5, 0],
			"scale": [0.375, 0.375, 0.375]
		},
		"firstperson_righthand": {
			"rotation": [0, 45, 0],
			"scale": [0.4, 0.4, 0.4]
		},
		"firstperson_lefthand": {
			"rotation": [0, 225, 0],
			"scale": [0.4, 0.4, 0.4]
		},
		"ground": {
			"translation": [0, 3, 0],
			"scale": [0.25, 0.25, 0.25]
		},
		"gui": {
			"rotation": [30, 225, 0],
			"translation": [0, 0.5, 0],
			"scale": [0.8, 0.8, 0.8]
		},
		"fixed": {
			"scale": [0.5, 0.5, 0.5]
		}
	},
	"groups": [
		{
			"name": "group",
			"origin": [8, 10, 10],
			"children": [0, 1, 2, 3, 4, 5, 6, 7, 8]
		}
	]
}