{
	"credit": "Yuushya",
	"ambientocclusion": false,
	"textures": {
		"0": "yuushya:0extra_building_block/concrete/red_concrete",
		"1": "yuushya:0extra_building_material/preview/basketball_net",
		"2": "yuushya:0extra_building_block/concrete/red_concrete_",
		"3": "yuushya:0extra_building_material/preview/basketball_hoop",
		"4": "yuushya:0extra_building_block/concrete/black_concrete_gs",
		"5": "yuushya:0extra_building_block/concrete/black_concrete",
		"6": "yuushya:0extra_building_block/concrete/black_concrete_",
		"7": "yuushya:0extra_building_block/pipe",
		"particle": "yuushya:0extra_building_block/concrete/red_concrete"
	},
	"elements": [
		{
			"from": [-9, 0, 14],
			"to": [25, 24, 16],
			"rotation": {"angle": 0, "axis": "y", "origin": [0, 0, 16]},
			"faces": {
				"north": {"uv": [0, 6.5, 8.5, 12.5], "texture": "#3"},
				"east": {"uv": [0, 0, 2, 16], "texture": "#4"},
				"south": {"uv": [0, 0, 8.5, 6], "texture": "#3"},
				"west": {"uv": [0, 0, 2, 16], "texture": "#4"},
				"up": {"uv": [0, 0, 16, 2], "texture": "#4"},
				"down": {"uv": [0, 0, 16, 2], "texture": "#4"}
			}
		},
		{
			"from": [12, 5, 23],
			"to": [13, 7, 31],
			"rotation": {"angle": 0, "axis": "y", "origin": [0, 1, 16]},
			"faces": {
				"north": {"uv": [0, 0, 1, 2], "texture": "#2"},
				"east": {"uv": [0, 0, 8, 2], "texture": "#2"},
				"south": {"uv": [0, 0, 1, 2], "texture": "#2"},
				"west": {"uv": [0, 0, 8, 2], "texture": "#2"},
				"up": {"uv": [0, 0, 8, 1], "rotation": 270, "texture": "#2"},
				"down": {"uv": [0, 0, 8, 1], "rotation": 90, "texture": "#2"}
			}
		},
		{
			"from": [5, 1, 16],
			"to": [11, 7, 18],
			"rotation": {"angle": 0, "axis": "y", "origin": [0, 1, 16]},
			"faces": {
				"north": {"uv": [0, 2, 6, 8], "texture": "#0"},
				"east": {"uv": [0, 3, 2, 9], "texture": "#0"},
				"south": {"uv": [0, 0, 6, 6], "texture": "#0"},
				"west": {"uv": [0, 3, 2, 9], "texture": "#0"},
				"up": {"uv": [0, 0, 6, 2], "texture": "#0"},
				"down": {"uv": [8, 3, 14, 5], "texture": "#0"}
			}
		},
		{
			"from": [5.5, 1, 16],
			"to": [10.5, 7, 19],
			"rotation": {"angle": 22.5, "axis": "x", "origin": [0, 1, 16]},
			"faces": {
				"north": {"uv": [0, 0, 5, 6], "texture": "#0"},
				"east": {"uv": [0, 0, 3, 6], "texture": "#0"},
				"south": {"uv": [0, 0, 5, 6], "texture": "#0"},
				"west": {"uv": [0, 0, 3, 6], "texture": "#0"},
				"up": {"uv": [0, 0, 5, 3], "texture": "#0"},
				"down": {"uv": [7, 9, 12, 12], "texture": "#0"}
			}
		},
		{
			"from": [5, 5, 18],
			"to": [11, 7, 22],
			"rotation": {"angle": 0, "axis": "y", "origin": [0, 1, 16]},
			"faces": {
				"north": {"uv": [5, 10, 11, 12], "texture": "#0"},
				"east": {"uv": [10, 10, 14, 12], "texture": "#0"},
				"south": {"uv": [5, 10, 11, 12], "texture": "#0"},
				"west": {"uv": [2, 10, 6, 12], "texture": "#0"},
				"up": {"uv": [5, 2, 11, 6], "texture": "#0"},
				"down": {"uv": [5, 10, 11, 14], "texture": "#0"}
			}
		},
		{
			"from": [3, 5, 22],
			"to": [13, 7, 23],
			"rotation": {"angle": 0, "axis": "y", "origin": [0, 1, 16]},
			"faces": {
				"north": {"uv": [0, 0, 10, 2], "texture": "#2"},
				"east": {"uv": [0, 0, 1, 2], "texture": "#2"},
				"south": {"uv": [0, 0, 10, 2], "texture": "#2"},
				"west": {"uv": [0, 0, 1, 2], "texture": "#2"},
				"up": {"uv": [0, 0, 10, 1], "texture": "#2"},
				"down": {"uv": [0, 0, 10, 1], "texture": "#2"}
			}
		},
		{
			"from": [3, 5, 31],
			"to": [13, 7, 32],
			"rotation": {"angle": 0, "axis": "y", "origin": [0, 1, 16]},
			"faces": {
				"north": {"uv": [0, 0, 10, 2], "texture": "#2"},
				"east": {"uv": [0, 0, 1, 2], "texture": "#2"},
				"south": {"uv": [0, 0, 10, 2], "texture": "#2"},
				"west": {"uv": [0, 0, 1, 2], "texture": "#2"},
				"up": {"uv": [0, 0, 10, 1], "texture": "#2"},
				"down": {"uv": [0, 0, 10, 1], "texture": "#2"}
			}
		},
		{
			"from": [3, 5, 23],
			"to": [4, 7, 31],
			"rotation": {"angle": 0, "axis": "y", "origin": [0, 1, 16]},
			"faces": {
				"north": {"uv": [0, 0, 1, 2], "texture": "#2"},
				"east": {"uv": [0, 0, 8, 2], "texture": "#2"},
				"south": {"uv": [0, 0, 1, 2], "texture": "#2"},
				"west": {"uv": [0, 0, 8, 2], "texture": "#2"},
				"up": {"uv": [0, 0, 8, 1], "rotation": 270, "texture": "#2"},
				"down": {"uv": [0, 0, 8, 1], "rotation": 90, "texture": "#2"}
			}
		},
		{
			"from": [4, -3, 23],
			"to": [4, 5, 31],
			"rotation": {"angle": 0, "axis": "y", "origin": [0, 1, 16]},
			"faces": {
				"north": {"uv": [0, 0, 0, 8], "texture": "#1"},
				"east": {"uv": [0, 0, 8, 8], "texture": "#1"},
				"south": {"uv": [0, 0, 0, 8], "texture": "#1"},
				"west": {"uv": [0, 0, 8, 8], "texture": "#1"},
				"up": {"uv": [0, 0, 8, 0], "rotation": 270, "texture": "#1"},
				"down": {"uv": [0, 0, 8, 0], "rotation": 90, "texture": "#1"}
			}
		},
		{
			"from": [4, -3, 23],
			"to": [12, 5, 23],
			"rotation": {"angle": 0, "axis": "y", "origin": [0, 1, 16]},
			"faces": {
				"north": {"uv": [0, 0, 8, 8], "texture": "#1"},
				"east": {"uv": [0, 0, 0, 8], "texture": "#1"},
				"south": {"uv": [0, 0, 8, 8], "texture": "#1"},
				"west": {"uv": [0, 0, 0, 8], "texture": "#1"},
				"up": {"uv": [0, 0, 8, 0], "rotation": 180, "texture": "#1"},
				"down": {"uv": [0, 0, 8, 0], "rotation": 180, "texture": "#1"}
			}
		},
		{
			"from": [4, -3, 31],
			"to": [12, 5, 31],
			"rotation": {"angle": 0, "axis": "y", "origin": [6, 2, 25]},
			"faces": {
				"north": {"uv": [0, 0, 8, 8], "texture": "#1"},
				"east": {"uv": [0, 0, 0, 8], "texture": "#1"},
				"south": {"uv": [0, 0, 8, 8], "texture": "#1"},
				"west": {"uv": [0, 0, 0, 8], "texture": "#1"},
				"up": {"uv": [0, 0, 8, 0], "texture": "#1"},
				"down": {"uv": [0, 0, 8, 0], "texture": "#1"}
			}
		},
		{
			"from": [12, -3, 23],
			"to": [12, 5, 31],
			"rotation": {"angle": 0, "axis": "y", "origin": [6, 2, 25]},
			"faces": {
				"north": {"uv": [0, 0, 0, 8], "texture": "#1"},
				"east": {"uv": [0, 0, 8, 8], "texture": "#1"},
				"south": {"uv": [0, 0, 0, 8], "texture": "#1"},
				"west": {"uv": [0, 0, 8, 8], "texture": "#1"},
				"up": {"uv": [0, 0, 8, 0], "rotation": 90, "texture": "#1"},
				"down": {"uv": [0, 0, 8, 0], "rotation": 270, "texture": "#1"}
			}
		},
		{
			"from": [3, 2, 12],
			"to": [5, 18, 14],
			"rotation": {"angle": 0, "axis": "y", "origin": [0, 0, 16]},
			"faces": {
				"north": {"uv": [0, 0, 2, 16], "texture": "#5"},
				"east": {"uv": [0, 0, 2, 16], "texture": "#5"},
				"south": {"uv": [0, 0, 2, 16], "texture": "#5"},
				"west": {"uv": [0, 0, 2, 16], "texture": "#5"},
				"up": {"uv": [0, 0, 2, 2], "texture": "#5"},
				"down": {"uv": [0, 0, 2, 2], "texture": "#5"}
			}
		},
		{
			"from": [11, 2, 12],
			"to": [13, 18, 14],
			"rotation": {"angle": 0, "axis": "y", "origin": [0, 0, 16]},
			"faces": {
				"north": {"uv": [0, 0, 2, 16], "texture": "#5"},
				"east": {"uv": [0, 0, 2, 16], "texture": "#5"},
				"south": {"uv": [0, 0, 2, 16], "texture": "#5"},
				"west": {"uv": [0, 0, 2, 16], "texture": "#5"},
				"up": {"uv": [0, 0, 2, 2], "texture": "#5"},
				"down": {"uv": [0, 0, 2, 2], "texture": "#5"}
			}
		},
		{
			"from": [11, 2, 0],
			"to": [13, 18, 2],
			"rotation": {"angle": 0, "axis": "y", "origin": [0, 0, 16]},
			"faces": {
				"north": {"uv": [0, 0, 2, 16], "texture": "#5"},
				"east": {"uv": [0, 0, 2, 16], "texture": "#5"},
				"south": {"uv": [0, 0, 2, 16], "texture": "#5"},
				"west": {"uv": [0, 0, 2, 16], "texture": "#5"},
				"up": {"uv": [0, 0, 2, 2], "texture": "#5"},
				"down": {"uv": [0, 0, 2, 2], "texture": "#5"}
			}
		},
		{
			"from": [3, 2, 0],
			"to": [5, 18, 2],
			"rotation": {"angle": 0, "axis": "y", "origin": [0, 0, 16]},
			"faces": {
				"north": {"uv": [0, 0, 2, 16], "texture": "#5"},
				"east": {"uv": [0, 0, 2, 16], "texture": "#5"},
				"south": {"uv": [0, 0, 2, 16], "texture": "#5"},
				"west": {"uv": [0, 0, 2, 16], "texture": "#5"},
				"up": {"uv": [0, 0, 2, 2], "texture": "#5"},
				"down": {"uv": [0, 0, 2, 2], "texture": "#5"}
			}
		},
		{
			"from": [3, 0, 0],
			"to": [5, 2, 14],
			"rotation": {"angle": 0, "axis": "x", "origin": [0, 0, 16]},
			"faces": {
				"north": {"uv": [0, 0, 2, 2], "rotation": 180, "texture": "#5"},
				"east": {"uv": [0, 0, 2, 14], "rotation": 270, "texture": "#5"},
				"south": {"uv": [0, 0, 2, 2], "texture": "#5"},
				"west": {"uv": [0, 0, 2, 14], "rotation": 90, "texture": "#5"},
				"up": {"uv": [0, 0, 2, 14], "rotation": 180, "texture": "#5"},
				"down": {"uv": [0, 0, 2, 14], "texture": "#5"}
			}
		},
		{
			"from": [11, 0, 0],
			"to": [13, 2, 14],
			"rotation": {"angle": 0, "axis": "x", "origin": [0, 0, 16]},
			"faces": {
				"north": {"uv": [0, 0, 2, 2], "rotation": 180, "texture": "#5"},
				"east": {"uv": [0, 0, 2, 14], "rotation": 270, "texture": "#5"},
				"south": {"uv": [0, 0, 2, 2], "texture": "#5"},
				"west": {"uv": [0, 0, 2, 14], "rotation": 90, "texture": "#5"},
				"up": {"uv": [0, 0, 2, 14], "rotation": 180, "texture": "#5"},
				"down": {"uv": [0, 0, 2, 14], "texture": "#5"}
			}
		},
		{
			"from": [3, 18, 0],
			"to": [5, 20, 14],
			"rotation": {"angle": 0, "axis": "x", "origin": [0, 0, 16]},
			"faces": {
				"north": {"uv": [0, 2, 2, 4], "rotation": 180, "texture": "#6"},
				"east": {"uv": [0, 0, 2, 14], "rotation": 270, "texture": "#6"},
				"south": {"uv": [0, 2, 2, 4], "texture": "#6"},
				"west": {"uv": [0, 0, 2, 14], "rotation": 90, "texture": "#6"},
				"up": {"uv": [0, 0, 2, 14], "rotation": 180, "texture": "#6"},
				"down": {"uv": [0, 0, 2, 14], "texture": "#6"}
			}
		},
		{
			"from": [11, 18, 0],
			"to": [13, 20, 14],
			"rotation": {"angle": 0, "axis": "x", "origin": [0, 0, 16]},
			"faces": {
				"north": {"uv": [0, 2, 2, 4], "rotation": 180, "texture": "#6"},
				"east": {"uv": [0, 0, 2, 14], "rotation": 270, "texture": "#6"},
				"south": {"uv": [0, 3, 2, 5], "texture": "#6"},
				"west": {"uv": [0, 0, 2, 14], "rotation": 90, "texture": "#6"},
				"up": {"uv": [0, 0, 2, 14], "rotation": 180, "texture": "#6"},
				"down": {"uv": [0, 0, 2, 14], "texture": "#6"}
			}
		},
		{
			"from": [5, 0, 4],
			"to": [11, 16, 10],
			"faces": {
				"north": {"uv": [0, 0, 6, 16], "texture": "#7"},
				"east": {"uv": [0, 0, 6, 16], "texture": "#7"},
				"south": {"uv": [0, 0, 6, 16], "texture": "#7"},
				"west": {"uv": [0, 0, 6, 16], "texture": "#7"},
				"up": {"uv": [0, 0, 6, 6], "texture": "#7"},
				"down": {"uv": [0, 0, 6, 6], "texture": "#7"}
			}
		},
		{
			"from": [4.5, -3, 6],
			"to": [11.5, 12, 8],
			"rotation": {"angle": 45, "axis": "x", "origin": [0, -4, -2]},
			"faces": {
				"north": {"uv": [4, 4, 11, 16], "texture": "#7"},
				"east": {"uv": [4, 4, 6, 16], "texture": "#7"},
				"south": {"uv": [4, 4, 11, 16], "texture": "#7"},
				"west": {"uv": [4, 4, 6, 16], "texture": "#7"},
				"up": {"uv": [4, 6, 11, 8], "texture": "#7"},
				"down": {"uv": [4, 8, 11, 10], "texture": "#7"}
			}
		},
		{
			"from": [5, 16, 4],
			"to": [11, 20, 10],
			"faces": {
				"north": {"uv": [1, 7, 7, 11], "texture": "#5"},
				"east": {"uv": [0, 0, 6, 4], "texture": "#5"},
				"south": {"uv": [1, 7, 7, 11], "texture": "#5"},
				"west": {"uv": [0, 0, 6, 4], "texture": "#5"},
				"up": {"uv": [7.6, 6.1, 13.6, 12.1], "texture": "#5"},
				"down": {"uv": [0, 0, 6, 6], "texture": "#5"}
			}
		}
	],
	"display": {
		"thirdperson_righthand": {
			"rotation": [75, 45, 0],
			"translation": [0, 2.5, 0],
			"scale": [0.375, 0.375, 0.375]
		},
		"thirdperson_lefthand": {
			"rotation": [75, 45, 0],
			"translation": [0, 2.5, 0],
			"scale": [0.375, 0.375, 0.375]
		},
		"firstperson_righthand": {
			"rotation": [0, 45, 0],
			"scale": [0.4, 0.4, 0.4]
		},
		"firstperson_lefthand": {
			"rotation": [0, 225, 0],
			"scale": [0.4, 0.4, 0.4]
		},
		"ground": {
			"translation": [0, 3, 0],
			"scale": [0.25, 0.25, 0.25]
		},
		"gui": {
			"rotation": [30, 45, 0],
			"translation": [-3, 0, 0],
			"scale": [0.625, 0.625, 0.625]
		},
		"fixed": {
			"scale": [0.5, 0.5, 0.5]
		}
	},
	"groups": [
		0,
		{
			"name": "group",
			"origin": [6, 7, 9],
			"color": 0,
			"children": [1, 2, 3, 4, 5, 6, 7, 8, 9, 10, 11]
		},
		12,
		13,
		14,
		15,
		16,
		17,
		18,
		19,
		20,
		21,
		22
	]
}