{
	"credit": "Yuushya",
	"ambientocclusion": false,
	"texture_size": [32, 32],
	"textures": {
		"2": "yuushya:block/white_wool",
		"3": "yuushya:0extra_building_block/bed_pattern/pattern_8",
		"6": "yuushya:0extra_building_block/d_rope",
		"particle": "yuushya:0extra_building_block/stripped/stripped_dark_oak_log_"
	},
	"elements": [
		{
			"from": [2, 4, 16],
			"to": [16, 12, 31],
			"rotation": {"angle": 0, "axis": "y", "origin": [22, 12, 8]},
			"faces": {
				"north": {"uv": [0, 0, 14, 8], "texture": "#6"},
				"east": {"uv": [0, 0, 15, 8], "texture": "#6"},
				"south": {"uv": [0, 0, 14, 8], "texture": "#6"},
				"west": {"uv": [0, 0, 15, 8], "texture": "#6"},
				"up": {"uv": [0, 0, 15, 14], "rotation": 90, "texture": "#6"},
				"down": {"uv": [0, 0, 15, 14], "rotation": 270, "texture": "#6"}
			}
		},
		{
			"from": [2, 4, 2],
			"to": [16, 12, 16],
			"rotation": {"angle": 0, "axis": "y", "origin": [22, 12, -6]},
			"faces": {
				"north": {"uv": [0, 0, 14, 8], "texture": "#6"},
				"east": {"uv": [0, 0, 14, 8], "texture": "#6"},
				"south": {"uv": [0, 0, 14, 8], "texture": "#6"},
				"west": {"uv": [0, 0, 14, 8], "texture": "#6"},
				"up": {"uv": [0, 0, 14, 14], "rotation": 90, "texture": "#6"},
				"down": {"uv": [0, 0, 14, 14], "rotation": 270, "texture": "#6"}
			}
		},
		{
			"from": [2, 4, -14],
			"to": [16, 12, 2],
			"rotation": {"angle": 0, "axis": "y", "origin": [22, 12, -22]},
			"faces": {
				"north": {"uv": [0, 0, 14, 8], "texture": "#6"},
				"east": {"uv": [0, 0, 16, 8], "texture": "#6"},
				"south": {"uv": [0, 0, 14, 8], "texture": "#6"},
				"west": {"uv": [0, 0, 16, 8], "texture": "#6"},
				"up": {"uv": [0, 0, 16, 14], "rotation": 90, "texture": "#6"},
				"down": {"uv": [0, 0, 16, 14], "rotation": 270, "texture": "#6"}
			}
		},
		{
			"from": [16, 4, 16],
			"to": [30, 12, 31],
			"rotation": {"angle": 0, "axis": "y", "origin": [36, 12, 8]},
			"faces": {
				"north": {"uv": [0, 0, 14, 8], "texture": "#6"},
				"east": {"uv": [0, 0, 15, 8], "texture": "#6"},
				"south": {"uv": [0, 0, 14, 8], "texture": "#6"},
				"west": {"uv": [0, 0, 15, 8], "texture": "#6"},
				"up": {"uv": [0, 0, 15, 14], "rotation": 90, "texture": "#6"},
				"down": {"uv": [0, 0, 15, 14], "rotation": 270, "texture": "#6"}
			}
		},
		{
			"from": [16, 4, 2],
			"to": [30, 12, 16],
			"rotation": {"angle": 0, "axis": "y", "origin": [36, 12, -6]},
			"faces": {
				"north": {"uv": [0, 0, 14, 8], "texture": "#6"},
				"east": {"uv": [0, 0, 14, 8], "texture": "#6"},
				"south": {"uv": [0, 0, 14, 8], "texture": "#6"},
				"west": {"uv": [0, 0, 14, 8], "texture": "#6"},
				"up": {"uv": [0, 0, 14, 14], "rotation": 90, "texture": "#6"},
				"down": {"uv": [0, 0, 14, 14], "rotation": 270, "texture": "#6"}
			}
		},
		{
			"from": [16, 4, -14],
			"to": [30, 12, 2],
			"rotation": {"angle": 0, "axis": "y", "origin": [36, 12, -22]},
			"faces": {
				"north": {"uv": [0, 0, 14, 8], "texture": "#6"},
				"east": {"uv": [0, 0, 16, 8], "texture": "#6"},
				"south": {"uv": [0, 0, 14, 8], "texture": "#6"},
				"west": {"uv": [0, 0, 16, 8], "texture": "#6"},
				"up": {"uv": [0, 0, 16, 14], "rotation": 90, "texture": "#6"},
				"down": {"uv": [0, 0, 16, 14], "rotation": 270, "texture": "#6"}
			}
		},
		{
			"from": [1, 5, -4],
			"to": [2, 14, 28],
			"rotation": {"angle": 0, "axis": "y", "origin": [-6, 12, 18]},
			"faces": {
				"north": {"uv": [0, 0, 0.5, 4.5], "texture": "#3"},
				"east": {"uv": [0, 0, 16, 4.5], "texture": "#3"},
				"south": {"uv": [0.5, 11, 0, 15.5], "rotation": 180, "texture": "#3"},
				"west": {"uv": [16, 10.5, 0, 15], "rotation": 180, "texture": "#3"},
				"up": {"uv": [0, 15, 16, 15.5], "rotation": 90, "texture": "#3"},
				"down": {"uv": [0, 0, 16, 0.5], "rotation": 270, "texture": "#3"}
			}
		},
		{
			"from": [1, 5, -10],
			"to": [2, 14, -4],
			"rotation": {"angle": 0, "axis": "y", "origin": [-6, 12, 12]},
			"faces": {
				"north": {"uv": [0, 0, 1, 9], "texture": "#2"},
				"east": {"uv": [0, 0, 6, 9], "texture": "#2"},
				"south": {"uv": [0, 0, 1, 9], "texture": "#2"},
				"west": {"uv": [0, 0, 6, 9], "texture": "#2"},
				"up": {"uv": [0, 0, 6, 1], "rotation": 90, "texture": "#2"},
				"down": {"uv": [0, 0, 6, 1], "rotation": 270, "texture": "#2"}
			}
		},
		{
			"from": [30, 5, -4],
			"to": [31, 14, 28],
			"rotation": {"angle": 0, "axis": "y", "origin": [23, 12, 18]},
			"faces": {
				"north": {"uv": [0, 0, 0.5, 4.5], "texture": "#3"},
				"east": {"uv": [16, 0.5, 0, 5], "texture": "#3"},
				"south": {"uv": [0.5, 4, 0, 8.5], "texture": "#3"},
				"west": {"uv": [0, 0, 16, 4.5], "texture": "#3"},
				"up": {"uv": [0, 0.5, 16, 1], "rotation": 90, "texture": "#3"},
				"down": {"uv": [0, 0, 16, 0.5], "rotation": 270, "texture": "#3"}
			}
		},
		{
			"from": [30, 5, -10],
			"to": [31, 14, -4],
			"rotation": {"angle": 0, "axis": "y", "origin": [23, 12, 12]},
			"faces": {
				"north": {"uv": [0, 0, 1, 9], "texture": "#2"},
				"east": {"uv": [0, 0, 6, 9], "texture": "#2"},
				"south": {"uv": [0, 0, 1, 9], "texture": "#2"},
				"west": {"uv": [0, 0, 6, 9], "texture": "#2"},
				"up": {"uv": [0, 0, 6, 1], "rotation": 90, "texture": "#2"},
				"down": {"uv": [0, 0, 6, 1], "rotation": 270, "texture": "#2"}
			}
		},
		{
			"from": [2, 12, -10],
			"to": [16, 14, -4],
			"rotation": {"angle": 0, "axis": "y", "origin": [-5, 20, 12]},
			"faces": {
				"north": {"uv": [0, 0, 14, 1], "texture": "#2"},
				"east": {"uv": [0, 0, 6, 1], "texture": "#2"},
				"south": {"uv": [0, 0, 14, 1], "texture": "#2"},
				"west": {"uv": [0, 0, 6, 1], "texture": "#2"},
				"up": {"uv": [0, 1, 6, 15], "rotation": 90, "texture": "#2"},
				"down": {"uv": [0, 0, 6, 14], "rotation": 270, "texture": "#2"}
			}
		},
		{
			"from": [2, 12, -4],
			"to": [30, 14, 28],
			"rotation": {"angle": 0, "axis": "y", "origin": [9, 20, 18]},
			"faces": {
				"north": {"uv": [0, 0, 14, 1], "texture": "#3"},
				"east": {"uv": [0, 0, 16, 1], "texture": "#3"},
				"south": {"uv": [0, 3, 14, 4], "texture": "#3"},
				"west": {"uv": [0, 0, 16, 1], "texture": "#3"},
				"up": {"uv": [0, 1, 16, 15], "rotation": 90, "texture": "#3"},
				"down": {"uv": [0, 0, 16, 14], "rotation": 270, "texture": "#3"}
			}
		},
		{
			"from": [16, 12, -10],
			"to": [30, 14, -4],
			"rotation": {"angle": 0, "axis": "y", "origin": [9, 20, 12]},
			"faces": {
				"north": {"uv": [0, 0, 14, 1], "texture": "#2"},
				"east": {"uv": [0, 0, 6, 1], "texture": "#2"},
				"south": {"uv": [0, 0, 14, 1], "texture": "#2"},
				"west": {"uv": [0, 0, 6, 1], "texture": "#2"},
				"up": {"uv": [0, 1, 6, 15], "rotation": 90, "texture": "#2"},
				"down": {"uv": [0, 0, 6, 14], "rotation": 270, "texture": "#2"}
			}
		},
		{
			"from": [8, 12.6, -13],
			"to": [24, 22.6, -9],
			"rotation": {"angle": -22.5, "axis": "x", "origin": [16, 18.06929, -11.72271]},
			"faces": {
				"north": {"uv": [4, 4.7, 12, 9.7], "texture": "#3"},
				"east": {"uv": [3.5, 11, 5.5, 16], "texture": "#3"},
				"south": {"uv": [2.5, 11, 10.5, 16], "texture": "#3"},
				"west": {"uv": [0.5, 11, 2.5, 16], "texture": "#3"},
				"up": {"uv": [6.5, 1, 14.5, 3], "texture": "#3"},
				"down": {"uv": [8, 1.5, 16, 3.5], "texture": "#3"}
			}
		}
	],
	"display": {
		"thirdperson_righthand": {
			"rotation": [75, 45, 0],
			"translation": [0, 2.5, 0],
			"scale": [0.375, 0.375, 0.375]
		},
		"thirdperson_lefthand": {
			"rotation": [75, 45, 0],
			"translation": [0, 2.5, 0],
			"scale": [0.375, 0.375, 0.375]
		},
		"firstperson_righthand": {
			"rotation": [0, 45, 0],
			"scale": [0.4, 0.4, 0.4]
		},
		"firstperson_lefthand": {
			"rotation": [0, 225, 0],
			"scale": [0.4, 0.4, 0.4]
		},
		"ground": {
			"translation": [0, 3, 0],
			"scale": [0.25, 0.25, 0.25]
		},
		"gui": {
			"rotation": [30, 45, 0],
			"translation": [-2, -3, 0],
			"scale": [0.36, 0.36, 0.36]
		},
		"fixed": {
			"scale": [0.5, 0.5, 0.5]
		}
	}
}