{
	"credit": "Yuushya",
	"ambientocclusion": false,
	"textures": {
		"0": "yuushya:0extra_building_block/no_strip/acacia",
		"1": "yuushya:0extra_building_block/no_strip/acacia_h",
		"particle": "yuushya:0extra_building_block/no_strip/acacia"
	},
	"elements": [
		{
			"from": [-16, 0, -16],
			"to": [0, 4, 0],
			"rotation": {"angle": 0, "axis": "y", "origin": [24, 10, 8]},
			"faces": {
				"north": {"uv": [0, 0, 16, 4], "texture": "#1"},
				"east": {"uv": [0, 6, 16, 10], "texture": "#1"},
				"south": {"uv": [0, 0, 16, 4], "texture": "#1"},
				"west": {"uv": [16, 8, 0, 12], "texture": "#1"},
				"up": {"uv": [16, 0, 0, 16], "rotation": 90, "texture": "#1"},
				"down": {"uv": [0, 0, 16, 16], "rotation": 270, "texture": "#1"}
			}
		},
		{
			"from": [-16, 0, 0],
			"to": [0, 4, 16],
			"rotation": {"angle": 0, "axis": "y", "origin": [24, 10, 24]},
			"faces": {
				"north": {"uv": [0, 0, 16, 4], "texture": "#1"},
				"east": {"uv": [0, 6, 16, 10], "texture": "#1"},
				"south": {"uv": [0, 0, 16, 4], "texture": "#1"},
				"west": {"uv": [0, 9, 16, 13], "texture": "#1"},
				"up": {"uv": [0, 0, 16, 16], "rotation": 90, "texture": "#1"},
				"down": {"uv": [16, 0, 0, 16], "rotation": 270, "texture": "#1"}
			}
		},
		{
			"from": [-16, 0, 16],
			"to": [0, 4, 32],
			"rotation": {"angle": 0, "axis": "y", "origin": [24, 10, 40]},
			"faces": {
				"north": {"uv": [0, 0, 16, 4], "texture": "#1"},
				"east": {"uv": [0, 6, 16, 10], "texture": "#1"},
				"south": {"uv": [0, 6, 16, 10], "texture": "#1"},
				"west": {"uv": [0, 0, 16, 4], "texture": "#1"},
				"up": {"uv": [16, 0, 0, 16], "rotation": 90, "texture": "#1"},
				"down": {"uv": [0, 0, 16, 16], "rotation": 270, "texture": "#1"}
			}
		},
		{
			"from": [-16, 11, 16],
			"to": [-15, 15, 30],
			"rotation": {"angle": 0, "axis": "y", "origin": [24, 10, 40]},
			"faces": {
				"north": {"uv": [0, 0, 1, 4], "texture": "#1"},
				"east": {"uv": [14, 0, 0, 4], "texture": "#1"},
				"south": {"uv": [0, 6, 1, 10], "texture": "#1"},
				"west": {"uv": [0, 0, 14, 4], "texture": "#1"},
				"up": {"uv": [14, 0, 0, 1], "rotation": 90, "texture": "#1"},
				"down": {"uv": [0, 0, 14, 1], "rotation": 270, "texture": "#1"}
			}
		},
		{
			"from": [-16, 11, -14],
			"to": [-15, 15, 0],
			"rotation": {"angle": 0, "axis": "y", "origin": [24, 10, 8]},
			"faces": {
				"north": {"uv": [0, 0, 1, 4], "texture": "#1"},
				"east": {"uv": [0, 8, 14, 12], "texture": "#1"},
				"south": {"uv": [0, 0, 1, 4], "texture": "#1"},
				"west": {"uv": [14, 8, 0, 12], "texture": "#1"},
				"up": {"uv": [14, 0, 0, 1], "rotation": 90, "texture": "#1"},
				"down": {"uv": [0, 0, 14, 1], "rotation": 270, "texture": "#1"}
			}
		},
		{
			"from": [-16, 11, 0],
			"to": [-15, 15, 16],
			"rotation": {"angle": 0, "axis": "y", "origin": [24, 10, 24]},
			"faces": {
				"north": {"uv": [0, 0, 1, 4], "texture": "#1"},
				"east": {"uv": [16, 9, 0, 13], "texture": "#1"},
				"south": {"uv": [0, 0, 1, 4], "texture": "#1"},
				"west": {"uv": [0, 9, 16, 13], "texture": "#1"},
				"up": {"uv": [0, 0, 16, 1], "rotation": 90, "texture": "#1"},
				"down": {"uv": [16, 0, 0, 1], "rotation": 270, "texture": "#1"}
			}
		},
		{
			"from": [15, 11, 16],
			"to": [16, 15, 30],
			"rotation": {"angle": 0, "axis": "y", "origin": [24, 10, 40]},
			"faces": {
				"north": {"uv": [0, 0, 1, 4], "texture": "#1"},
				"east": {"uv": [14, 0, 0, 4], "texture": "#1"},
				"south": {"uv": [0, 6, 1, 10], "texture": "#1"},
				"west": {"uv": [0, 0, 14, 4], "texture": "#1"},
				"up": {"uv": [14, 0, 0, 1], "rotation": 90, "texture": "#1"},
				"down": {"uv": [0, 0, 14, 1], "rotation": 270, "texture": "#1"}
			}
		},
		{
			"from": [15, 11, 0],
			"to": [16, 15, 16],
			"rotation": {"angle": 0, "axis": "y", "origin": [24, 10, 24]},
			"faces": {
				"north": {"uv": [0, 0, 1, 4], "texture": "#1"},
				"east": {"uv": [16, 9, 0, 13], "texture": "#1"},
				"south": {"uv": [0, 0, 1, 4], "texture": "#1"},
				"west": {"uv": [0, 9, 16, 13], "texture": "#1"},
				"up": {"uv": [0, 0, 16, 1], "rotation": 90, "texture": "#1"},
				"down": {"uv": [16, 0, 0, 1], "rotation": 270, "texture": "#1"}
			}
		},
		{
			"from": [15, 11, -14],
			"to": [16, 15, 0],
			"rotation": {"angle": 0, "axis": "y", "origin": [24, 10, 8]},
			"faces": {
				"north": {"uv": [0, 0, 1, 4], "texture": "#1"},
				"east": {"uv": [0, 8, 14, 12], "texture": "#1"},
				"south": {"uv": [0, 0, 1, 4], "texture": "#1"},
				"west": {"uv": [14, 8, 0, 12], "texture": "#1"},
				"up": {"uv": [14, 0, 0, 1], "rotation": 90, "texture": "#1"},
				"down": {"uv": [0, 0, 14, 1], "rotation": 270, "texture": "#1"}
			}
		},
		{
			"from": [0, 0, 0],
			"to": [16, 4, 16],
			"rotation": {"angle": 0, "axis": "y", "origin": [24, 10, 24]},
			"faces": {
				"north": {"uv": [0, 0, 16, 4], "texture": "#1"},
				"east": {"uv": [0, 4, 16, 8], "texture": "#1"},
				"south": {"uv": [0, 0, 16, 4], "texture": "#1"},
				"west": {"uv": [0, 0, 16, 4], "texture": "#1"},
				"up": {"uv": [0, 0, 16, 16], "rotation": 90, "texture": "#1"},
				"down": {"uv": [16, 0, 0, 16], "rotation": 270, "texture": "#1"}
			}
		},
		{
			"from": [0, 0, 16],
			"to": [16, 4, 32],
			"rotation": {"angle": 0, "axis": "y", "origin": [24, 10, 40]},
			"faces": {
				"north": {"uv": [0, 0, 16, 4], "texture": "#1"},
				"east": {"uv": [0, 6, 16, 10], "texture": "#1"},
				"south": {"uv": [16, 6, 0, 10], "texture": "#1"},
				"west": {"uv": [0, 0, 16, 4], "texture": "#1"},
				"up": {"uv": [16, 0, 0, 16], "rotation": 90, "texture": "#1"},
				"down": {"uv": [0, 0, 16, 16], "rotation": 270, "texture": "#1"}
			}
		},
		{
			"from": [0, 0, -16],
			"to": [16, 4, 0],
			"rotation": {"angle": 0, "axis": "y", "origin": [24, 10, 8]},
			"faces": {
				"north": {"uv": [0, 0, 16, 4], "texture": "#1"},
				"east": {"uv": [16, 6, 0, 10], "texture": "#1"},
				"south": {"uv": [0, 0, 16, 4], "texture": "#1"},
				"west": {"uv": [0, 0, 16, 4], "texture": "#1"},
				"up": {"uv": [16, 0, 0, 16], "rotation": 90, "texture": "#1"},
				"down": {"uv": [0, 0, 16, 16], "rotation": 270, "texture": "#1"}
			}
		},
		{
			"from": [0, 4, -16],
			"to": [16, 16, -14],
			"rotation": {"angle": 0, "axis": "y", "origin": [24, 12, -7]},
			"faces": {
				"north": {"uv": [0, 4, 16, 16], "texture": "#1"},
				"east": {"uv": [0, 0, 2, 12], "texture": "#1"},
				"south": {"uv": [16, 4, 0, 16], "texture": "#1"},
				"west": {"uv": [0, 0, 2, 12], "texture": "#1"},
				"up": {"uv": [0, 2, 16, 4], "rotation": 180, "texture": "#1"},
				"down": {"uv": [0, 0, 2, 16], "rotation": 270, "texture": "#1"}
			}
		},
		{
			"from": [0, 4, 30],
			"to": [16, 15, 32],
			"rotation": {"angle": 0, "axis": "y", "origin": [24, 12, 39]},
			"faces": {
				"north": {"uv": [0, 0, 16, 11], "texture": "#1"},
				"east": {"uv": [0, 1, 2, 12], "texture": "#1"},
				"south": {"uv": [16, 0, 0, 11], "texture": "#1"},
				"west": {"uv": [0, 0, 2, 11], "texture": "#1"},
				"up": {"uv": [0, 2, 16, 4], "rotation": 180, "texture": "#1"},
				"down": {"uv": [0, 0, 2, 16], "rotation": 270, "texture": "#1"}
			}
		},
		{
			"from": [-16, 4, -16],
			"to": [0, 16, -14],
			"rotation": {"angle": 0, "axis": "y", "origin": [8, 12, -7]},
			"faces": {
				"north": {"uv": [16, 4, 0, 16], "texture": "#1"},
				"east": {"uv": [0, 0, 2, 12], "texture": "#1"},
				"south": {"uv": [0, 4, 16, 16], "texture": "#1"},
				"west": {"uv": [0, 0, 2, 12], "texture": "#1"},
				"up": {"uv": [0, 2, 16, 4], "rotation": 180, "texture": "#1"},
				"down": {"uv": [0, 0, 2, 16], "rotation": 270, "texture": "#1"}
			}
		},
		{
			"from": [-16, 4, 30],
			"to": [0, 15, 32],
			"rotation": {"angle": 0, "axis": "y", "origin": [8, 12, 39]},
			"faces": {
				"north": {"uv": [16, 0, 0, 11], "texture": "#1"},
				"east": {"uv": [0, 0, 2, 11], "texture": "#1"},
				"south": {"uv": [0, 0, 16, 11], "texture": "#1"},
				"west": {"uv": [0, 1, 2, 12], "texture": "#1"},
				"up": {"uv": [0, 2, 16, 4], "rotation": 180, "texture": "#1"},
				"down": {"uv": [0, 0, 2, 16], "rotation": 270, "texture": "#1"}
			}
		},
		{
			"from": [-14, 16, -16],
			"to": [0, 26, -14],
			"rotation": {"angle": 0, "axis": "y", "origin": [24, 22, -7]},
			"faces": {
				"north": {"uv": [14, 0, 0, 10], "texture": "#1"},
				"east": {"uv": [0, 0, 2, 10], "texture": "#1"},
				"south": {"uv": [0, 0, 14, 10], "texture": "#1"},
				"west": {"uv": [0, 0, 2, 10], "texture": "#1"},
				"up": {"uv": [0, 2, 14, 4], "rotation": 180, "texture": "#1"},
				"down": {"uv": [0, 0, 2, 14], "rotation": 270, "texture": "#1"}
			}
		},
		{
			"from": [0, 16, -16],
			"to": [14, 26, -14],
			"rotation": {"angle": 0, "axis": "y", "origin": [24, 22, -7]},
			"faces": {
				"north": {"uv": [0, 0, 14, 10], "texture": "#1"},
				"east": {"uv": [0, 0, 2, 10], "texture": "#1"},
				"south": {"uv": [14, 0, 0, 10], "texture": "#1"},
				"west": {"uv": [0, 0, 2, 10], "texture": "#1"},
				"up": {"uv": [0, 2, 14, 4], "rotation": 180, "texture": "#1"},
				"down": {"uv": [0, 0, 2, 14], "rotation": 270, "texture": "#1"}
			}
		},
		{
			"from": [14, 16, -16],
			"to": [16, 27, -14],
			"rotation": {"angle": 0, "axis": "y", "origin": [24, 24, -6]},
			"faces": {
				"north": {"uv": [0, 0, 2, 11], "texture": "#0"},
				"east": {"uv": [0, 0, 2, 11], "texture": "#1"},
				"south": {"uv": [0, 0, 2, 11], "texture": "#0"},
				"west": {"uv": [0, 0, 1, 11], "texture": "#0"},
				"up": {"uv": [0, 0, 2, 2], "rotation": 90, "texture": "#0"},
				"down": {"uv": [0, 0, 2, 2], "rotation": 270, "texture": "#0"}
			}
		},
		{
			"from": [-16, 16, -16],
			"to": [-14, 27, -14],
			"rotation": {"angle": 0, "axis": "y", "origin": [-6, 24, -6]},
			"faces": {
				"north": {"uv": [0, 0, 2, 11], "texture": "#0"},
				"east": {"uv": [0, 0, 1, 11], "texture": "#0"},
				"south": {"uv": [0, 0, 2, 11], "texture": "#0"},
				"west": {"uv": [0, 0, 2, 11], "texture": "#1"},
				"up": {"uv": [0, 0, 2, 2], "rotation": 90, "texture": "#0"},
				"down": {"uv": [0, 0, 2, 2], "rotation": 270, "texture": "#0"}
			}
		}
	],
	"display": {
		"thirdperson_righthand": {
			"rotation": [75, 45, 0],
			"translation": [0, 2.5, 0],
			"scale": [0.375, 0.375, 0.375]
		},
		"thirdperson_lefthand": {
			"rotation": [75, 45, 0],
			"translation": [0, 2.5, 0],
			"scale": [0.375, 0.375, 0.375]
		},
		"firstperson_righthand": {
			"rotation": [0, 45, 0],
			"scale": [0.4, 0.4, 0.4]
		},
		"firstperson_lefthand": {
			"rotation": [0, 225, 0],
			"scale": [0.4, 0.4, 0.4]
		},
		"ground": {
			"translation": [0, 3, 0],
			"scale": [0.25, 0.25, 0.25]
		},
		"gui": {
			"rotation": [30, 45, 0],
			"translation": [2, -1.25, 0],
			"scale": [0.36, 0.36, 0.36]
		},
		"fixed": {
			"scale": [0.5, 0.5, 0.5]
		}
	}
}