{
	"credit": "Yuushya",
	"ambientocclusion": false,
	"textures": {
		"1": "yuushya:block/dark_concrete",
		"3": "yuushya:block/black_concrete_",
		"4": "yuushya:block/black_concrete_",
		"5": "block/red_mushroom_block",
		"6": "block/stone",
		"particle": "yuushya:0extra_building_material/preview/ventilator",
		"1_3": "yuushya:0extra_building_material/preview/ventilator"
	},
	"elements": [
		{
			"name": "hexadecagon",
			"from": [5.0125, 15.7587, -9],
			"to": [10.9875, 16.7587, 0],
			"rotation": {"angle": 0, "axis": "x", "origin": [8.5, 18.05, -9]},
			"faces": {
				"north": {"uv": [0, 0, 5.975, 0.6826], "texture": "#3"},
				"east": {"uv": [0, 0, 8.75, 0.6826], "texture": "#3"},
				"south": {"uv": [0, 0, 5.975, 0.6826], "texture": "#3"},
				"west": {"uv": [0, 0, 8.75, 0.6826], "texture": "#3"},
				"up": {"uv": [0, 0, 5.975, 8.75], "texture": "#3"},
				"down": {"uv": [0, 0, 5.975, 8.75], "texture": "#3"}
			}
		},
		{
			"name": "hexadecagon",
			"from": [7.0125, 5.4587, 1.25],
			"to": [8.7375, 9.6413, 8],
			"rotation": {"angle": 0, "axis": "x", "origin": [8, 7.05, -1]},
			"faces": {
				"north": {"uv": [0, 0, 1.725, 4.1826], "texture": "#3"},
				"east": {"uv": [0, 0, 6.75, 4.1826], "texture": "#3"},
				"south": {"uv": [0, 0, 1.725, 4.1826], "texture": "#3"},
				"west": {"uv": [0, 0, 6.75, 4.1826], "texture": "#3"},
				"up": {"uv": [0, 0, 1.725, 6.75], "texture": "#3"},
				"down": {"uv": [0, 0, 1.725, 6.75], "texture": "#3"}
			}
		},
		{
			"name": "hexadecagon",
			"from": [7.4125, 6.2087, -4.75],
			"to": [8.6375, 8.8913, 10],
			"rotation": {"angle": 0, "axis": "x", "origin": [8, 7.05, -4]},
			"faces": {
				"north": {"uv": [0, 0, 1.225, 2.6826], "texture": "#3"},
				"east": {"uv": [0, 0, 14.75, 2.6826], "texture": "#3"},
				"south": {"uv": [0, 0, 1.225, 2.6826], "texture": "#3"},
				"west": {"uv": [0, 0, 14.75, 2.6826], "texture": "#3"},
				"up": {"uv": [0, 0, 1.225, 14.75], "texture": "#3"},
				"down": {"uv": [0, 0, 1.225, 14.75], "texture": "#3"}
			}
		},
		{
			"name": "hexadecagon",
			"from": [7.4125, 6.4087, 21.75],
			"to": [8.6375, 9.0913, 24.5],
			"rotation": {"angle": 45, "axis": "x", "origin": [8.025, 7.75, 23.125]},
			"faces": {
				"north": {"uv": [0, 0, 1.225, 2.6826], "texture": "#3"},
				"east": {"uv": [0, 0, 2.75, 2.6826], "texture": "#3"},
				"south": {"uv": [0, 0, 1.225, 2.6826], "texture": "#3"},
				"west": {"uv": [0, 0, 2.75, 2.6826], "texture": "#3"},
				"up": {"uv": [0, 0, 1.225, 2.75], "texture": "#3"},
				"down": {"uv": [0, 0, 1.225, 2.75], "texture": "#3"}
			}
		},
		{
			"name": "hexadecagon",
			"from": [6, 20.1587, 2],
			"to": [10, 21.1587, 7],
			"rotation": {"angle": 0, "axis": "x", "origin": [9, 22.25, -2]},
			"faces": {
				"north": {"uv": [0, 0, 4, 1], "texture": "#3"},
				"east": {"uv": [0, 0, 5, 1], "texture": "#3"},
				"south": {"uv": [0, 0, 4, 1], "texture": "#3"},
				"west": {"uv": [0, 0, 5, 1], "texture": "#3"},
				"up": {"uv": [0, 0, 4, 5], "texture": "#3"},
				"down": {"uv": [0, 0, 4, 5], "texture": "#3"}
			}
		},
		{
			"name": "hexadecagon",
			"from": [10, 25, 15.2125],
			"to": [12, 25.6826, 17.2125],
			"rotation": {"angle": 0, "axis": "y", "origin": [10.5, 25.8, 16.9]},
			"faces": {
				"north": {"uv": [0, 0, 2, 0.6826], "texture": "#1_3"},
				"east": {"uv": [0, 0, 2, 0.6826], "texture": "#1_3"},
				"south": {"uv": [0, 0, 2, 0.6826], "texture": "#1_3"},
				"west": {"uv": [0, 0, 2, 0.6826], "texture": "#1_3"},
				"up": {"uv": [0, 0, 2, 2], "rotation": 270, "texture": "#1_3"},
				"down": {"uv": [0, 0, 2, 2], "rotation": 90, "texture": "#1_3"}
			}
		},
		{
			"name": "hexadecagon",
			"from": [1.5, 24.5, 12.9125],
			"to": [2.5, 25.5, 15.9125],
			"rotation": {"angle": 22.5, "axis": "y", "origin": [2, 25.5, 13.525]},
			"faces": {
				"north": {"uv": [0, 0, 1, 1], "texture": "#3"},
				"east": {"uv": [0, 0, 3, 1], "texture": "#3"},
				"south": {"uv": [0, 0, 1, 1], "texture": "#3"},
				"west": {"uv": [0, 0, 3, 1], "texture": "#3"},
				"up": {"uv": [0, 0, 3, 1], "rotation": 270, "texture": "#3"},
				"down": {"uv": [0, 0, 3, 1], "rotation": 90, "texture": "#3"}
			}
		},
		{
			"name": "hexadecagon",
			"from": [13.5, 24.5, 12.9125],
			"to": [14.5, 25.5, 15.9125],
			"rotation": {"angle": -22.5, "axis": "y", "origin": [14, 25.5, 13.525]},
			"faces": {
				"north": {"uv": [0, 0, 1, 1], "texture": "#3"},
				"east": {"uv": [0, 0, 3, 1], "texture": "#3"},
				"south": {"uv": [0, 0, 1, 1], "texture": "#3"},
				"west": {"uv": [0, 0, 3, 1], "texture": "#3"},
				"up": {"uv": [0, 0, 3, 1], "rotation": 270, "texture": "#3"},
				"down": {"uv": [0, 0, 3, 1], "rotation": 90, "texture": "#3"}
			}
		},
		{
			"name": "hexadecagon",
			"from": [7.5125, 6.2087, 15],
			"to": [8.4875, 9.3913, 16],
			"rotation": {"angle": -45, "axis": "x", "origin": [8, 7.8, 23]},
			"faces": {
				"north": {"uv": [0, 0, 0.975, 3.1826], "texture": "#3"},
				"east": {"uv": [0, 0, 1, 3.1826], "texture": "#3"},
				"south": {"uv": [0, 0, 0.975, 3.1826], "texture": "#3"},
				"west": {"uv": [0, 0, 1, 3.1826], "texture": "#3"},
				"up": {"uv": [0, 0, 0.975, 1], "texture": "#3"},
				"down": {"uv": [0, 0, 0.975, 1], "texture": "#3"}
			}
		},
		{
			"name": "hexadecagon",
			"from": [7.5, 6.2087, 15],
			"to": [8.5, 9.3913, 16],
			"rotation": {"angle": -22.5, "axis": "x", "origin": [8, 7.8, 23]},
			"faces": {
				"north": {"uv": [0, 0, 1, 3.1826], "texture": "#3"},
				"east": {"uv": [0, 0, 1, 3.1826], "texture": "#3"},
				"south": {"uv": [0, 0, 1, 3.1826], "texture": "#3"},
				"west": {"uv": [0, 0, 1, 3.1826], "texture": "#3"},
				"up": {"uv": [0, 0, 1, 1], "texture": "#3"},
				"down": {"uv": [0, 0, 1, 1], "texture": "#3"}
			}
		},
		{
			"name": "hexadecagon",
			"from": [7.5125, 6.2087, 15],
			"to": [8.4875, 9.3913, 16],
			"rotation": {"angle": 0, "axis": "x", "origin": [8, 7.8, 23]},
			"faces": {
				"north": {"uv": [0, 0, 0.975, 3.1826], "texture": "#3"},
				"east": {"uv": [0, 0, 1, 3.1826], "texture": "#3"},
				"south": {"uv": [0, 0, 0.975, 3.1826], "texture": "#3"},
				"west": {"uv": [0, 0, 1, 3.1826], "texture": "#3"},
				"up": {"uv": [0, 0, 0.975, 1], "texture": "#3"},
				"down": {"uv": [0, 0, 0.975, 1], "texture": "#3"}
			}
		},
		{
			"name": "hexadecagon",
			"from": [7.5, 6.2087, 15],
			"to": [8.5, 9.3913, 16],
			"rotation": {"angle": 22.5, "axis": "x", "origin": [8, 7.8, 23]},
			"faces": {
				"north": {"uv": [0, 0, 1, 3.1826], "texture": "#3"},
				"east": {"uv": [0, 0, 1, 3.1826], "texture": "#3"},
				"south": {"uv": [0, 0, 1, 3.1826], "texture": "#3"},
				"west": {"uv": [0, 0, 1, 3.1826], "texture": "#3"},
				"up": {"uv": [0, 0, 1, 1], "texture": "#3"},
				"down": {"uv": [0, 0, 1, 1], "texture": "#3"}
			}
		},
		{
			"name": "hexadecagon",
			"from": [7.5125, 6.2087, 15],
			"to": [8.4875, 9.3913, 16],
			"rotation": {"angle": 45, "axis": "x", "origin": [8, 7.8, 23]},
			"faces": {
				"north": {"uv": [0, 0, 0.975, 3.1826], "texture": "#3"},
				"east": {"uv": [0, 0, 1, 3.1826], "texture": "#3"},
				"south": {"uv": [0, 0, 0.975, 3.1826], "texture": "#3"},
				"west": {"uv": [0, 0, 1, 3.1826], "texture": "#3"},
				"up": {"uv": [0, 0, 0.975, 1], "texture": "#3"},
				"down": {"uv": [0, 0, 0.975, 1], "texture": "#3"}
			}
		},
		{
			"name": "hexadecagon",
			"from": [7.5125, 6.2087, 30],
			"to": [8.4875, 9.3913, 31],
			"rotation": {"angle": -45, "axis": "x", "origin": [8, 7.8, 23]},
			"faces": {
				"north": {"uv": [0, 0, 0.975, 3.1826], "texture": "#3"},
				"east": {"uv": [0, 0, 1, 3.1826], "texture": "#3"},
				"south": {"uv": [0, 0, 0.975, 3.1826], "texture": "#3"},
				"west": {"uv": [0, 0, 1, 3.1826], "texture": "#3"},
				"up": {"uv": [0, 0, 0.975, 1], "texture": "#3"},
				"down": {"uv": [0, 0, 0.975, 1], "texture": "#3"}
			}
		},
		{
			"name": "hexadecagon",
			"from": [7.5, 6.2087, 30],
			"to": [8.5, 9.3913, 31],
			"rotation": {"angle": -22.5, "axis": "x", "origin": [8, 7.8, 23]},
			"faces": {
				"north": {"uv": [0, 0, 1, 3.1826], "texture": "#3"},
				"east": {"uv": [0, 0, 1, 3.1826], "texture": "#3"},
				"south": {"uv": [0, 0, 1, 3.1826], "texture": "#3"},
				"west": {"uv": [0, 0, 1, 3.1826], "texture": "#3"},
				"up": {"uv": [0, 0, 1, 1], "texture": "#3"},
				"down": {"uv": [0, 0, 1, 1], "texture": "#3"}
			}
		},
		{
			"name": "hexadecagon",
			"from": [7.5125, 6.2087, 30],
			"to": [8.4875, 9.3913, 31],
			"rotation": {"angle": 0, "axis": "x", "origin": [8, 7.8, 23]},
			"faces": {
				"north": {"uv": [0, 0, 0.975, 3.1826], "texture": "#3"},
				"east": {"uv": [0, 0, 1, 3.1826], "texture": "#3"},
				"south": {"uv": [0, 0, 0.975, 3.1826], "texture": "#3"},
				"west": {"uv": [0, 0, 1, 3.1826], "texture": "#3"},
				"up": {"uv": [0, 0, 0.975, 1], "texture": "#3"},
				"down": {"uv": [0, 0, 0.975, 1], "texture": "#3"}
			}
		},
		{
			"name": "hexadecagon",
			"from": [7.5, 6.2087, 30],
			"to": [8.5, 9.3913, 31],
			"rotation": {"angle": 22.5, "axis": "x", "origin": [8, 7.8, 23]},
			"faces": {
				"north": {"uv": [0, 0, 1, 3.1826], "texture": "#3"},
				"east": {"uv": [0, 0, 1, 3.1826], "texture": "#3"},
				"south": {"uv": [0, 0, 1, 3.1826], "texture": "#3"},
				"west": {"uv": [0, 0, 1, 3.1826], "texture": "#3"},
				"up": {"uv": [0, 0, 1, 1], "texture": "#3"},
				"down": {"uv": [0, 0, 1, 1], "texture": "#3"}
			}
		},
		{
			"name": "hexadecagon",
			"from": [7.5125, 6.2087, 30],
			"to": [8.4875, 9.3913, 31],
			"rotation": {"angle": 45, "axis": "x", "origin": [8, 7.8, 23]},
			"faces": {
				"north": {"uv": [0, 0, 0.975, 3.1826], "texture": "#3"},
				"east": {"uv": [0, 0, 1, 3.1826], "texture": "#3"},
				"south": {"uv": [0, 0, 0.975, 3.1826], "texture": "#3"},
				"west": {"uv": [0, 0, 1, 3.1826], "texture": "#3"},
				"up": {"uv": [0, 0, 0.975, 1], "texture": "#3"},
				"down": {"uv": [0, 0, 0.975, 1], "texture": "#3"}
			}
		},
		{
			"name": "hexadecagon",
			"from": [7.5, -0.2, 21.4087],
			"to": [8.5, 0.8, 24.5913],
			"rotation": {"angle": -22.5, "axis": "x", "origin": [8, 7.8, 23]},
			"faces": {
				"north": {"uv": [0, 0, 1, 1], "texture": "#3"},
				"east": {"uv": [0, 0, 3.1826, 1], "texture": "#3"},
				"south": {"uv": [0, 0, 1, 1], "texture": "#3"},
				"west": {"uv": [0, 0, 3.1826, 1], "texture": "#3"},
				"up": {"uv": [0, 0, 1, 3.1826], "texture": "#3"},
				"down": {"uv": [0, 0, 1, 3.1826], "texture": "#3"}
			}
		},
		{
			"name": "hexadecagon",
			"from": [7.5125, -0.2, 21.4087],
			"to": [8.4875, 0.8, 24.5913],
			"rotation": {"angle": 0, "axis": "x", "origin": [8, 7.8, 23]},
			"faces": {
				"north": {"uv": [0, 0, 0.975, 1], "texture": "#3"},
				"east": {"uv": [0, 0, 3.1826, 1], "texture": "#3"},
				"south": {"uv": [0, 0, 0.975, 1], "texture": "#3"},
				"west": {"uv": [0, 0, 3.1826, 1], "texture": "#3"},
				"up": {"uv": [0, 0, 0.975, 3.1826], "texture": "#3"},
				"down": {"uv": [0, 0, 0.975, 3.1826], "texture": "#3"}
			}
		},
		{
			"name": "hexadecagon",
			"from": [7.5, -0.2, 21.4087],
			"to": [8.5, 0.8, 24.5913],
			"rotation": {"angle": 22.5, "axis": "x", "origin": [8, 7.8, 23]},
			"faces": {
				"north": {"uv": [0, 0, 1, 1], "texture": "#3"},
				"east": {"uv": [0, 0, 3.1826, 1], "texture": "#3"},
				"south": {"uv": [0, 0, 1, 1], "texture": "#3"},
				"west": {"uv": [0, 0, 3.1826, 1], "texture": "#3"},
				"up": {"uv": [0, 0, 1, 3.1826], "texture": "#3"},
				"down": {"uv": [0, 0, 1, 3.1826], "texture": "#3"}
			}
		},
		{
			"name": "hexadecagon",
			"from": [7.5, 14.8, 21.4087],
			"to": [8.5, 15.8, 24.5913],
			"rotation": {"angle": -22.5, "axis": "x", "origin": [8, 7.8, 23]},
			"faces": {
				"north": {"uv": [0, 0, 1, 1], "texture": "#3"},
				"east": {"uv": [0, 0, 3.1826, 1], "texture": "#3"},
				"south": {"uv": [0, 0, 1, 1], "texture": "#3"},
				"west": {"uv": [0, 0, 3.1826, 1], "texture": "#3"},
				"up": {"uv": [0, 0, 1, 3.1826], "texture": "#3"},
				"down": {"uv": [0, 0, 1, 3.1826], "texture": "#3"}
			}
		},
		{
			"name": "hexadecagon",
			"from": [7.5125, 14.8, 21.4087],
			"to": [8.4875, 15.8, 24.5913],
			"rotation": {"angle": 0, "axis": "x", "origin": [8, 7.8, 23]},
			"faces": {
				"north": {"uv": [0, 0, 0.975, 1], "texture": "#3"},
				"east": {"uv": [0, 0, 3.1826, 1], "texture": "#3"},
				"south": {"uv": [0, 0, 0.975, 1], "texture": "#3"},
				"west": {"uv": [0, 0, 3.1826, 1], "texture": "#3"},
				"up": {"uv": [0, 0, 0.975, 3.1826], "texture": "#3"},
				"down": {"uv": [0, 0, 0.975, 3.1826], "texture": "#3"}
			}
		},
		{
			"name": "hexadecagon",
			"from": [7.5, 14.8, 21.4087],
			"to": [8.5, 15.8, 24.5913],
			"rotation": {"angle": 22.5, "axis": "x", "origin": [8, 7.8, 23]},
			"faces": {
				"north": {"uv": [0, 0, 1, 1], "texture": "#3"},
				"east": {"uv": [0, 0, 3.1826, 1], "texture": "#3"},
				"south": {"uv": [0, 0, 1, 1], "texture": "#3"},
				"west": {"uv": [0, 0, 3.1826, 1], "texture": "#3"},
				"up": {"uv": [0, 0, 1, 3.1826], "texture": "#3"},
				"down": {"uv": [0, 0, 1, 3.1826], "texture": "#3"}
			}
		},
		{
			"name": "hexadecagon",
			"from": [7.75, 0.8, 22.8087],
			"to": [8.25, 14.8, 23.1913],
			"rotation": {"angle": 0, "axis": "x", "origin": [8, 7.8, 23]},
			"faces": {
				"north": {"uv": [0, 0, 0.5, 14], "texture": "#3"},
				"east": {"uv": [2, 1, 2.3826, 15], "texture": "#3"},
				"south": {"uv": [0, 0, 0.5, 14], "texture": "#3"},
				"west": {"uv": [2, 2, 2.3826, 16], "texture": "#3"},
				"up": {"uv": [0, 0, 0.5, 0.3826], "texture": "#3"},
				"down": {"uv": [0, 0, 0.5, 0.3826], "texture": "#3"}
			}
		},
		{
			"name": "hexadecagon",
			"from": [7.75, 0.8, 22.8087],
			"to": [8.25, 14.8, 23.1913],
			"rotation": {"angle": 22.5, "axis": "x", "origin": [8, 7.8, 23]},
			"faces": {
				"north": {"uv": [0, 0, 0.5, 14], "texture": "#3"},
				"east": {"uv": [2, 1, 2.3826, 15], "texture": "#3"},
				"south": {"uv": [0, 0, 0.5, 14], "texture": "#3"},
				"west": {"uv": [2, 2, 2.3826, 16], "texture": "#3"},
				"up": {"uv": [0, 0, 0.5, 0.3826], "texture": "#3"},
				"down": {"uv": [0, 0, 0.5, 0.3826], "texture": "#3"}
			}
		},
		{
			"name": "hexadecagon",
			"from": [7.75, 0.8, 22.8087],
			"to": [8.25, 14.8, 23.1913],
			"rotation": {"angle": 45, "axis": "x", "origin": [8, 7.8, 23]},
			"faces": {
				"north": {"uv": [0, 0, 0.5, 14], "texture": "#3"},
				"east": {"uv": [2, 1, 2.3826, 15], "texture": "#3"},
				"south": {"uv": [0, 0, 0.5, 14], "texture": "#3"},
				"west": {"uv": [2, 2, 2.3826, 16], "texture": "#3"},
				"up": {"uv": [0, 0, 0.5, 0.3826], "texture": "#3"},
				"down": {"uv": [0, 0, 0.5, 0.3826], "texture": "#3"}
			}
		},
		{
			"name": "hexadecagon",
			"from": [7.75, 7.6087, 16],
			"to": [8.25, 7.9913, 30],
			"rotation": {"angle": -22.5, "axis": "x", "origin": [8, 7.8, 23]},
			"faces": {
				"north": {"uv": [0, 0, 0.5, 0.3826], "rotation": 180, "texture": "#3"},
				"east": {"uv": [2, 1, 2.3826, 15], "rotation": 270, "texture": "#3"},
				"south": {"uv": [0, 0, 0.5, 0.3826], "texture": "#3"},
				"west": {"uv": [2, 2, 2.3826, 16], "rotation": 90, "texture": "#3"},
				"up": {"uv": [0, 0, 0.5, 14], "rotation": 180, "texture": "#3"},
				"down": {"uv": [0, 0, 0.5, 14], "texture": "#3"}
			}
		},
		{
			"name": "hexadecagon",
			"from": [7.75, 7.6087, 16],
			"to": [8.25, 7.9913, 30],
			"rotation": {"angle": 0, "axis": "x", "origin": [8, 7.8, 23]},
			"faces": {
				"north": {"uv": [0, 0, 0.5, 0.3826], "rotation": 180, "texture": "#3"},
				"east": {"uv": [2, 1, 2.3826, 15], "rotation": 270, "texture": "#3"},
				"south": {"uv": [0, 0, 0.5, 0.3826], "texture": "#3"},
				"west": {"uv": [2, 2, 2.3826, 16], "rotation": 90, "texture": "#3"},
				"up": {"uv": [0, 0, 0.5, 14], "rotation": 180, "texture": "#3"},
				"down": {"uv": [0, 0, 0.5, 14], "texture": "#3"}
			}
		},
		{
			"name": "hexadecagon",
			"from": [7.75, 7.6087, 16],
			"to": [8.25, 7.9913, 30],
			"rotation": {"angle": 22.5, "axis": "x", "origin": [8, 7.8, 23]},
			"faces": {
				"north": {"uv": [0, 0, 0.5, 0.3826], "rotation": 180, "texture": "#3"},
				"east": {"uv": [2, 1, 2.3826, 15], "rotation": 270, "texture": "#3"},
				"south": {"uv": [0, 0, 0.5, 0.3826], "texture": "#3"},
				"west": {"uv": [2, 2, 2.3826, 16], "rotation": 90, "texture": "#3"},
				"up": {"uv": [0, 0, 0.5, 14], "rotation": 180, "texture": "#3"},
				"down": {"uv": [0, 0, 0.5, 14], "texture": "#3"}
			}
		},
		{
			"name": "hexadecagon",
			"from": [7.75, 7.6087, 16],
			"to": [8.25, 7.9913, 30],
			"rotation": {"angle": 45, "axis": "x", "origin": [8, 7.8, 23]},
			"faces": {
				"north": {"uv": [0, 0, 0.5, 0.3826], "rotation": 180, "texture": "#3"},
				"east": {"uv": [2, 1, 2.3826, 15], "rotation": 270, "texture": "#3"},
				"south": {"uv": [0, 0, 0.5, 0.3826], "texture": "#3"},
				"west": {"uv": [2, 2, 2.3826, 16], "rotation": 90, "texture": "#3"},
				"up": {"uv": [0, 0, 0.5, 14], "rotation": 180, "texture": "#3"},
				"down": {"uv": [0, 0, 0.5, 14], "texture": "#3"}
			}
		},
		{
			"name": "hexadecagon",
			"from": [7.75, 0.8, 22.8087],
			"to": [8.25, 14.8, 23.1913],
			"rotation": {"angle": -22.5, "axis": "x", "origin": [8, 7.8, 23]},
			"faces": {
				"north": {"uv": [0, 0, 0.5, 14], "rotation": 180, "texture": "#3"},
				"east": {"uv": [2, 1, 2.3826, 15], "rotation": 180, "texture": "#3"},
				"south": {"uv": [0, 0, 0.5, 14], "rotation": 180, "texture": "#3"},
				"west": {"uv": [2, 2, 2.3826, 16], "rotation": 180, "texture": "#3"},
				"up": {"uv": [0, 0, 0.5, 0.3826], "texture": "#3"},
				"down": {"uv": [0, 0, 0.5, 0.3826], "texture": "#3"}
			}
		},
		{
			"name": "hexadecagon",
			"from": [7.5125, 6.2087, -12],
			"to": [8.4875, 9.3913, -11],
			"rotation": {"angle": -45, "axis": "x", "origin": [8, 7.8, -4]},
			"faces": {
				"north": {"uv": [0, 0, 0.975, 3.1826], "texture": "#3"},
				"east": {"uv": [0, 0, 1, 3.1826], "texture": "#3"},
				"south": {"uv": [0, 0, 0.975, 3.1826], "texture": "#3"},
				"west": {"uv": [0, 0, 1, 3.1826], "texture": "#3"},
				"up": {"uv": [0, 0, 0.975, 1], "texture": "#3"},
				"down": {"uv": [0, 0, 0.975, 1], "texture": "#3"}
			}
		},
		{
			"name": "hexadecagon",
			"from": [7.5, 6.2087, -12],
			"to": [8.5, 9.3913, -11],
			"rotation": {"angle": -22.5, "axis": "x", "origin": [8, 7.8, -4]},
			"faces": {
				"north": {"uv": [0, 0, 1, 3.1826], "texture": "#3"},
				"east": {"uv": [0, 0, 1, 3.1826], "texture": "#3"},
				"south": {"uv": [0, 0, 1, 3.1826], "texture": "#3"},
				"west": {"uv": [0, 0, 1, 3.1826], "texture": "#3"},
				"up": {"uv": [0, 0, 1, 1], "texture": "#3"},
				"down": {"uv": [0, 0, 1, 1], "texture": "#3"}
			}
		},
		{
			"name": "hexadecagon",
			"from": [7.5125, 6.2087, -12],
			"to": [8.4875, 9.3913, -11],
			"rotation": {"angle": 0, "axis": "x", "origin": [8, 7.8, -4]},
			"faces": {
				"north": {"uv": [0, 0, 0.975, 3.1826], "texture": "#3"},
				"east": {"uv": [0, 0, 1, 3.1826], "texture": "#3"},
				"south": {"uv": [0, 0, 0.975, 3.1826], "texture": "#3"},
				"west": {"uv": [0, 0, 1, 3.1826], "texture": "#3"},
				"up": {"uv": [0, 0, 0.975, 1], "texture": "#3"},
				"down": {"uv": [0, 0, 0.975, 1], "texture": "#3"}
			}
		},
		{
			"name": "hexadecagon",
			"from": [7.5, 6.2087, -12],
			"to": [8.5, 9.3913, -11],
			"rotation": {"angle": 22.5, "axis": "x", "origin": [8, 7.8, -4]},
			"faces": {
				"north": {"uv": [0, 0, 1, 3.1826], "texture": "#3"},
				"east": {"uv": [0, 0, 1, 3.1826], "texture": "#3"},
				"south": {"uv": [0, 0, 1, 3.1826], "texture": "#3"},
				"west": {"uv": [0, 0, 1, 3.1826], "texture": "#3"},
				"up": {"uv": [0, 0, 1, 1], "texture": "#3"},
				"down": {"uv": [0, 0, 1, 1], "texture": "#3"}
			}
		},
		{
			"name": "hexadecagon",
			"from": [7.5125, 6.2087, -12],
			"to": [8.4875, 9.3913, -11],
			"rotation": {"angle": 45, "axis": "x", "origin": [8, 7.8, -4]},
			"faces": {
				"north": {"uv": [0, 0, 0.975, 3.1826], "texture": "#3"},
				"east": {"uv": [0, 0, 1, 3.1826], "texture": "#3"},
				"south": {"uv": [0, 0, 0.975, 3.1826], "texture": "#3"},
				"west": {"uv": [0, 0, 1, 3.1826], "texture": "#3"},
				"up": {"uv": [0, 0, 0.975, 1], "texture": "#3"},
				"down": {"uv": [0, 0, 0.975, 1], "texture": "#3"}
			}
		},
		{
			"name": "hexadecagon",
			"from": [7.5125, 6.2087, 3],
			"to": [8.4875, 9.3913, 4],
			"rotation": {"angle": -45, "axis": "x", "origin": [8, 7.8, -4]},
			"faces": {
				"north": {"uv": [0, 0, 0.975, 3.1826], "texture": "#3"},
				"east": {"uv": [0, 0, 1, 3.1826], "texture": "#3"},
				"south": {"uv": [0, 0, 0.975, 3.1826], "texture": "#3"},
				"west": {"uv": [0, 0, 1, 3.1826], "texture": "#3"},
				"up": {"uv": [0, 0, 0.975, 1], "texture": "#3"},
				"down": {"uv": [0, 0, 0.975, 1], "texture": "#3"}
			}
		},
		{
			"name": "hexadecagon",
			"from": [7.5, 6.2087, 3],
			"to": [8.5, 9.3913, 4],
			"rotation": {"angle": -22.5, "axis": "x", "origin": [8, 7.8, -4]},
			"faces": {
				"north": {"uv": [0, 0, 1, 3.1826], "texture": "#3"},
				"east": {"uv": [0, 0, 1, 3.1826], "texture": "#3"},
				"south": {"uv": [0, 0, 1, 3.1826], "texture": "#3"},
				"west": {"uv": [0, 0, 1, 3.1826], "texture": "#3"},
				"up": {"uv": [0, 0, 1, 1], "texture": "#3"},
				"down": {"uv": [0, 0, 1, 1], "texture": "#3"}
			}
		},
		{
			"name": "hexadecagon",
			"from": [7.5125, 6.2087, 3],
			"to": [8.4875, 9.3913, 4],
			"rotation": {"angle": 0, "axis": "x", "origin": [8, 7.8, -4]},
			"faces": {
				"north": {"uv": [0, 0, 0.975, 3.1826], "texture": "#3"},
				"east": {"uv": [0, 0, 1, 3.1826], "texture": "#3"},
				"south": {"uv": [0, 0, 0.975, 3.1826], "texture": "#3"},
				"west": {"uv": [0, 0, 1, 3.1826], "texture": "#3"},
				"up": {"uv": [0, 0, 0.975, 1], "texture": "#3"},
				"down": {"uv": [0, 0, 0.975, 1], "texture": "#3"}
			}
		},
		{
			"name": "hexadecagon",
			"from": [7.5, 6.2087, 3],
			"to": [8.5, 9.3913, 4],
			"rotation": {"angle": 22.5, "axis": "x", "origin": [8, 7.8, -4]},
			"faces": {
				"north": {"uv": [0, 0, 1, 3.1826], "texture": "#3"},
				"east": {"uv": [0, 0, 1, 3.1826], "texture": "#3"},
				"south": {"uv": [0, 0, 1, 3.1826], "texture": "#3"},
				"west": {"uv": [0, 0, 1, 3.1826], "texture": "#3"},
				"up": {"uv": [0, 0, 1, 1], "texture": "#3"},
				"down": {"uv": [0, 0, 1, 1], "texture": "#3"}
			}
		},
		{
			"name": "hexadecagon",
			"from": [7.5125, 6.2087, 3],
			"to": [8.4875, 9.3913, 4],
			"rotation": {"angle": 45, "axis": "x", "origin": [8, 7.8, -4]},
			"faces": {
				"north": {"uv": [0, 0, 0.975, 3.1826], "texture": "#3"},
				"east": {"uv": [0, 0, 1, 3.1826], "texture": "#3"},
				"south": {"uv": [0, 0, 0.975, 3.1826], "texture": "#3"},
				"west": {"uv": [0, 0, 1, 3.1826], "texture": "#3"},
				"up": {"uv": [0, 0, 0.975, 1], "texture": "#3"},
				"down": {"uv": [0, 0, 0.975, 1], "texture": "#3"}
			}
		},
		{
			"name": "hexadecagon",
			"from": [7.5, -0.2, -5.5913],
			"to": [8.5, 0.8, -2.4087],
			"rotation": {"angle": -22.5, "axis": "x", "origin": [8, 7.8, -4]},
			"faces": {
				"north": {"uv": [0, 0, 1, 1], "texture": "#3"},
				"east": {"uv": [0, 0, 3.1826, 1], "texture": "#3"},
				"south": {"uv": [0, 0, 1, 1], "texture": "#3"},
				"west": {"uv": [0, 0, 3.1826, 1], "texture": "#3"},
				"up": {"uv": [0, 0, 1, 3.1826], "texture": "#3"},
				"down": {"uv": [0, 0, 1, 3.1826], "texture": "#3"}
			}
		},
		{
			"name": "hexadecagon",
			"from": [7.5125, -0.2, -5.5913],
			"to": [8.4875, 0.8, -2.4087],
			"rotation": {"angle": 0, "axis": "x", "origin": [8, 7.8, -4]},
			"faces": {
				"north": {"uv": [0, 0, 0.975, 1], "texture": "#3"},
				"east": {"uv": [0, 0, 3.1826, 1], "texture": "#3"},
				"south": {"uv": [0, 0, 0.975, 1], "texture": "#3"},
				"west": {"uv": [0, 0, 3.1826, 1], "texture": "#3"},
				"up": {"uv": [0, 0, 0.975, 3.1826], "texture": "#3"},
				"down": {"uv": [0, 0, 0.975, 3.1826], "texture": "#3"}
			}
		},
		{
			"name": "hexadecagon",
			"from": [7.5, -0.2, -5.5913],
			"to": [8.5, 0.8, -2.4087],
			"rotation": {"angle": 22.5, "axis": "x", "origin": [8, 7.8, -4]},
			"faces": {
				"north": {"uv": [0, 0, 1, 1], "texture": "#3"},
				"east": {"uv": [0, 0, 3.1826, 1], "texture": "#3"},
				"south": {"uv": [0, 0, 1, 1], "texture": "#3"},
				"west": {"uv": [0, 0, 3.1826, 1], "texture": "#3"},
				"up": {"uv": [0, 0, 1, 3.1826], "texture": "#3"},
				"down": {"uv": [0, 0, 1, 3.1826], "texture": "#3"}
			}
		},
		{
			"name": "hexadecagon",
			"from": [7.5, 14.8, -5.5913],
			"to": [8.5, 15.8, -2.4087],
			"rotation": {"angle": -22.5, "axis": "x", "origin": [8, 7.8, -4]},
			"faces": {
				"north": {"uv": [0, 0, 1, 1], "texture": "#3"},
				"east": {"uv": [0, 0, 3.1826, 1], "texture": "#3"},
				"south": {"uv": [0, 0, 1, 1], "texture": "#3"},
				"west": {"uv": [0, 0, 3.1826, 1], "texture": "#3"},
				"up": {"uv": [0, 0, 1, 3.1826], "texture": "#3"},
				"down": {"uv": [0, 0, 1, 3.1826], "texture": "#3"}
			}
		},
		{
			"name": "hexadecagon",
			"from": [7.5125, 14.8, -5.5913],
			"to": [8.4875, 15.8, -2.4087],
			"rotation": {"angle": 0, "axis": "x", "origin": [8, 7.8, -4]},
			"faces": {
				"north": {"uv": [0, 0, 0.975, 1], "texture": "#3"},
				"east": {"uv": [0, 0, 3.1826, 1], "texture": "#3"},
				"south": {"uv": [0, 0, 0.975, 1], "texture": "#3"},
				"west": {"uv": [0, 0, 3.1826, 1], "texture": "#3"},
				"up": {"uv": [0, 0, 0.975, 3.1826], "texture": "#3"},
				"down": {"uv": [0, 0, 0.975, 3.1826], "texture": "#3"}
			}
		},
		{
			"name": "hexadecagon",
			"from": [7.5, 14.8, -5.5913],
			"to": [8.5, 15.8, -2.4087],
			"rotation": {"angle": 22.5, "axis": "x", "origin": [8, 7.8, -4]},
			"faces": {
				"north": {"uv": [0, 0, 1, 1], "texture": "#3"},
				"east": {"uv": [0, 0, 3.1826, 1], "texture": "#3"},
				"south": {"uv": [0, 0, 1, 1], "texture": "#3"},
				"west": {"uv": [0, 0, 3.1826, 1], "texture": "#3"},
				"up": {"uv": [0, 0, 1, 3.1826], "texture": "#3"},
				"down": {"uv": [0, 0, 1, 3.1826], "texture": "#3"}
			}
		},
		{
			"name": "hexadecagon",
			"from": [7.75, 0.8, -4.1913],
			"to": [8.25, 14.8, -3.8087],
			"rotation": {"angle": 0, "axis": "x", "origin": [8, 7.8, -4]},
			"faces": {
				"north": {"uv": [0, 0, 0.5, 14], "texture": "#3"},
				"east": {"uv": [2, 2, 2.3826, 16], "texture": "#3"},
				"south": {"uv": [0, 0, 0.5, 14], "texture": "#3"},
				"west": {"uv": [2, 2, 2.3826, 16], "texture": "#3"},
				"up": {"uv": [0, 0, 0.5, 0.3826], "texture": "#3"},
				"down": {"uv": [0, 0, 0.5, 0.3826], "texture": "#3"}
			}
		},
		{
			"name": "hexadecagon",
			"from": [7.75, 0.8, -4.1913],
			"to": [8.25, 14.8, -3.8087],
			"rotation": {"angle": 22.5, "axis": "x", "origin": [8, 7.8, -4]},
			"faces": {
				"north": {"uv": [0, 0, 0.5, 14], "texture": "#3"},
				"east": {"uv": [2, 2, 2.3826, 16], "texture": "#3"},
				"south": {"uv": [0, 0, 0.5, 14], "texture": "#3"},
				"west": {"uv": [2, 2, 2.3826, 16], "texture": "#3"},
				"up": {"uv": [0, 0, 0.5, 0.3826], "texture": "#3"},
				"down": {"uv": [0, 0, 0.5, 0.3826], "texture": "#3"}
			}
		},
		{
			"name": "hexadecagon",
			"from": [7.75, 0.8, -4.1913],
			"to": [8.25, 14.8, -3.8087],
			"rotation": {"angle": 45, "axis": "x", "origin": [8, 7.8, -4]},
			"faces": {
				"north": {"uv": [0, 0, 0.5, 14], "texture": "#3"},
				"east": {"uv": [2, 2, 2.3826, 16], "texture": "#3"},
				"south": {"uv": [0, 0, 0.5, 14], "texture": "#3"},
				"west": {"uv": [2, 2, 2.3826, 16], "texture": "#3"},
				"up": {"uv": [0, 0, 0.5, 0.3826], "texture": "#3"},
				"down": {"uv": [0, 0, 0.5, 0.3826], "texture": "#3"}
			}
		},
		{
			"name": "hexadecagon",
			"from": [7.75, 7.6087, -11],
			"to": [8.25, 7.9913, 3],
			"rotation": {"angle": -22.5, "axis": "x", "origin": [8, 7.8, -4]},
			"faces": {
				"north": {"uv": [0, 0, 0.5, 0.3826], "rotation": 180, "texture": "#3"},
				"east": {"uv": [2, 2, 2.3826, 16], "rotation": 270, "texture": "#3"},
				"south": {"uv": [0, 0, 0.5, 0.3826], "texture": "#3"},
				"west": {"uv": [2, 2, 2.3826, 16], "rotation": 90, "texture": "#3"},
				"up": {"uv": [0, 0, 0.5, 14], "rotation": 180, "texture": "#3"},
				"down": {"uv": [0, 0, 0.5, 14], "texture": "#3"}
			}
		},
		{
			"name": "hexadecagon",
			"from": [7.75, 7.6087, -11],
			"to": [8.25, 7.9913, 3],
			"rotation": {"angle": 0, "axis": "x", "origin": [8, 7.8, -4]},
			"faces": {
				"north": {"uv": [0, 0, 0.5, 0.3826], "rotation": 180, "texture": "#3"},
				"east": {"uv": [2, 2, 2.3826, 16], "rotation": 270, "texture": "#3"},
				"south": {"uv": [0, 0, 0.5, 0.3826], "texture": "#3"},
				"west": {"uv": [2, 2, 2.3826, 16], "rotation": 90, "texture": "#3"},
				"up": {"uv": [0, 0, 0.5, 14], "rotation": 180, "texture": "#3"},
				"down": {"uv": [0, 0, 0.5, 14], "texture": "#3"}
			}
		},
		{
			"name": "hexadecagon",
			"from": [7.75, 7.6087, -11],
			"to": [8.25, 7.9913, 3],
			"rotation": {"angle": 22.5, "axis": "x", "origin": [8, 7.8, -4]},
			"faces": {
				"north": {"uv": [0, 0, 0.5, 0.3826], "rotation": 180, "texture": "#3"},
				"east": {"uv": [2, 2, 2.3826, 16], "rotation": 270, "texture": "#3"},
				"south": {"uv": [0, 0, 0.5, 0.3826], "texture": "#3"},
				"west": {"uv": [2, 2, 2.3826, 16], "rotation": 90, "texture": "#3"},
				"up": {"uv": [0, 0, 0.5, 14], "rotation": 180, "texture": "#3"},
				"down": {"uv": [0, 0, 0.5, 14], "texture": "#3"}
			}
		},
		{
			"name": "hexadecagon",
			"from": [7.75, 7.6087, -11],
			"to": [8.25, 7.9913, 3],
			"rotation": {"angle": 45, "axis": "x", "origin": [8, 7.8, -4]},
			"faces": {
				"north": {"uv": [0, 0, 0.5, 0.3826], "rotation": 180, "texture": "#3"},
				"east": {"uv": [2, 2, 2.3826, 16], "rotation": 270, "texture": "#3"},
				"south": {"uv": [0, 0, 0.5, 0.3826], "texture": "#3"},
				"west": {"uv": [2, 2, 2.3826, 16], "rotation": 90, "texture": "#3"},
				"up": {"uv": [0, 0, 0.5, 14], "rotation": 180, "texture": "#3"},
				"down": {"uv": [0, 0, 0.5, 14], "texture": "#3"}
			}
		},
		{
			"name": "hexadecagon",
			"from": [7.75, 0.8, -4.1913],
			"to": [8.25, 14.8, -3.8087],
			"rotation": {"angle": -22.5, "axis": "x", "origin": [8, 7.8, -4]},
			"faces": {
				"north": {"uv": [0, 0, 0.5, 14], "rotation": 180, "texture": "#3"},
				"east": {"uv": [2, 2, 2.3826, 16], "rotation": 180, "texture": "#3"},
				"south": {"uv": [0, 0, 0.5, 14], "rotation": 180, "texture": "#3"},
				"west": {"uv": [2, 2, 2.3826, 16], "rotation": 180, "texture": "#3"},
				"up": {"uv": [0, 0, 0.5, 0.3826], "texture": "#3"},
				"down": {"uv": [0, 0, 0.5, 0.3826], "texture": "#3"}
			}
		},
		{
			"name": "hexadecagon",
			"from": [7.5125, 5.2087, 23],
			"to": [8.5125, 21.3913, 23.75],
			"rotation": {"angle": -22.5, "axis": "x", "origin": [8, 6.8, 16]},
			"faces": {
				"north": {"uv": [0, 0, 0.975, 16], "texture": "#4"},
				"east": {"uv": [0, 0, 0.75, 16], "texture": "#4"},
				"south": {"uv": [0, 0, 0.975, 16], "texture": "#4"},
				"west": {"uv": [0, 0, 0.75, 16], "texture": "#4"},
				"up": {"uv": [0, 0, 0.975, 0.75], "texture": "#4"},
				"down": {"uv": [0, 0, 0.975, 0.75], "texture": "#4"}
			}
		},
		{
			"name": "hexadecagon",
			"from": [7.5, 13.6087, 10],
			"to": [8.5, 27.3913, 11],
			"rotation": {"angle": 45, "axis": "x", "origin": [8, 11.8, 3]},
			"faces": {
				"north": {"uv": [0, 0, 1, 13.7826], "texture": "#1"},
				"east": {"uv": [0, 0, 1, 13.7826], "texture": "#1"},
				"south": {"uv": [0, 0, 1, 13.7826], "texture": "#1"},
				"west": {"uv": [0, 0, 1, 13.7826], "texture": "#1"},
				"up": {"uv": [0, 0, 1, 1], "texture": "#1"},
				"down": {"uv": [0, 0, 1, 1], "texture": "#1"}
			}
		},
		{
			"name": "hexadecagon",
			"from": [7.5125, 5.9174, -0.60749],
			"to": [8.5125, 16.9174, 0.39251],
			"rotation": {"angle": -45, "axis": "x", "origin": [8, 17.16557, -0.48249]},
			"faces": {
				"north": {"uv": [0, 0, 1, 11], "texture": "#4"},
				"east": {"uv": [0, 0, 1, 11], "texture": "#4"},
				"south": {"uv": [0, 0, 1, 11], "texture": "#4"},
				"west": {"uv": [0, 0, 1, 11], "texture": "#4"},
				"up": {"uv": [0, 0, 1, 1], "texture": "#4"},
				"down": {"uv": [0, 0, 1, 1], "texture": "#4"}
			}
		},
		{
			"name": "hexadecagon",
			"from": [7.5, 22.125, 15.6837],
			"to": [8.5, 25.1, 16.6163],
			"rotation": {"angle": -45, "axis": "x", "origin": [8, 24.1, 16.025]},
			"faces": {
				"north": {"uv": [0, 0, 2.975, 1], "rotation": 90, "texture": "#4"},
				"east": {"uv": [0, 0, 2.975, 0.9326], "rotation": 90, "texture": "#4"},
				"south": {"uv": [0, 0, 2.975, 1], "rotation": 90, "texture": "#4"},
				"west": {"uv": [0, 0, 2.975, 0.9326], "rotation": 270, "texture": "#4"},
				"up": {"uv": [0, 0, 1, 0.9326], "texture": "#4"},
				"down": {"uv": [0, 0, 1, 0.9326], "rotation": 180, "texture": "#4"}
			}
		},
		{
			"name": "hexadecagon",
			"from": [2.5125, 24, 15.4],
			"to": [13.5125, 25, 16.4],
			"rotation": {"angle": 0, "axis": "x", "origin": [8, 25.85, 8.4]},
			"faces": {
				"north": {"uv": [0, 0, 11, 1], "texture": "#1"},
				"east": {"uv": [0, 0, 1, 1], "texture": "#1"},
				"south": {"uv": [0, 0, 11, 1], "texture": "#1"},
				"west": {"uv": [0, 0, 1, 1], "texture": "#1"},
				"up": {"uv": [0, 0, 11, 1], "texture": "#1"},
				"down": {"uv": [0, 0, 11, 1], "texture": "#1"}
			}
		},
		{
			"name": "hexadecagon",
			"from": [6.5, 17.05, 19.4087],
			"to": [9.5, 18.05, 24.4087],
			"rotation": {"angle": 0, "axis": "x", "origin": [7.4, 9.8, 23]},
			"faces": {
				"north": {"uv": [0, 0, 3, 1], "texture": "#4"},
				"east": {"uv": [0, 0, 5, 1], "texture": "#4"},
				"south": {"uv": [0, 0, 3, 1], "texture": "#4"},
				"west": {"uv": [0, 0, 5, 1], "texture": "#4"},
				"up": {"uv": [0, 0, 3, 5], "texture": "#4"},
				"down": {"uv": [0, 0, 3, 5], "texture": "#4"}
			}
		},
		{
			"name": "hexadecagon",
			"from": [6.5, 16.95, 21.2087],
			"to": [9.5, 17.95, 26.2087],
			"rotation": {"angle": 22.5, "axis": "x", "origin": [7.4, 9.8, 23]},
			"faces": {
				"north": {"uv": [0, 0, 3, 1], "texture": "#4"},
				"east": {"uv": [0, 0, 5, 1], "texture": "#4"},
				"south": {"uv": [0, 0, 3, 1], "texture": "#4"},
				"west": {"uv": [0, 0, 5, 1], "texture": "#4"},
				"up": {"uv": [0, 0, 3, 5], "texture": "#4"},
				"down": {"uv": [0, 0, 3, 5], "texture": "#4"}
			}
		},
		{
			"name": "hexadecagon",
			"from": [6.5, 6.7087, 31.05],
			"to": [9.5, 10.7087, 32],
			"rotation": {"angle": -45, "axis": "x", "origin": [7.4, 9.8, 24]},
			"faces": {
				"north": {"uv": [0, 0, 3, 4], "texture": "#4"},
				"east": {"uv": [0, 0, 0.75, 4], "texture": "#4"},
				"south": {"uv": [0, 0, 3, 4], "texture": "#4"},
				"west": {"uv": [0, 0, 0.75, 4], "texture": "#4"},
				"up": {"uv": [0, 0, 3, 0.75], "texture": "#4"},
				"down": {"uv": [0, 0, 3, 0.75], "texture": "#4"}
			}
		},
		{
			"name": "hexadecagon",
			"from": [8.5, 7.4587, 6.5125],
			"to": [11.25, 7.8913, 6.9875],
			"rotation": {"angle": 0, "axis": "y", "origin": [9, 8.05, 7.5]},
			"faces": {
				"north": {"uv": [0, 0, 2.75, 0.4326], "texture": "#6"},
				"east": {"uv": [0, 0, 0.475, 0.4326], "texture": "#6"},
				"south": {"uv": [0, 0, 2.75, 0.4326], "texture": "#6"},
				"west": {"uv": [0, 0, 0.475, 0.4326], "texture": "#6"},
				"up": {"uv": [0, 0, 0.475, 2.75], "rotation": 270, "texture": "#6"},
				"down": {"uv": [0, 0, 0.475, 2.75], "rotation": 90, "texture": "#6"}
			}
		},
		{
			"name": "hexadecagon",
			"from": [10.7625, 8.2087, 6.75],
			"to": [11.2375, 8.6413, 10.75],
			"rotation": {"angle": -22.5, "axis": "x", "origin": [11, 8.425, 8.75]},
			"faces": {
				"north": {"uv": [0, 0, 0.475, 0.4326], "texture": "#6"},
				"east": {"uv": [0, 0, 4, 0.4326], "texture": "#6"},
				"south": {"uv": [0, 0, 0.475, 0.4326], "texture": "#6"},
				"west": {"uv": [0, 0, 4, 0.4326], "texture": "#6"},
				"up": {"uv": [0, 0, 0.475, 4], "rotation": 180, "texture": "#6"},
				"down": {"uv": [0, 0, 0.475, 4], "rotation": 180, "texture": "#6"}
			}
		},
		{
			"name": "hexadecagon",
			"from": [9.7625, 9.2087, 10.25],
			"to": [12.7625, 9.6413, 13.25],
			"rotation": {"angle": 0, "axis": "x", "origin": [11, 9.425, 11.25]},
			"faces": {
				"north": {"uv": [0, 0, 3, 0.4326], "texture": "#3"},
				"east": {"uv": [0, 0, 3, 0.4326], "texture": "#3"},
				"south": {"uv": [0, 0, 3, 0.4326], "texture": "#3"},
				"west": {"uv": [0, 0, 3, 0.4326], "texture": "#3"},
				"up": {"uv": [0, 0, 3, 3], "rotation": 180, "texture": "#3"},
				"down": {"uv": [0, 0, 3, 3], "rotation": 180, "texture": "#3"}
			}
		},
		{
			"name": "hexadecagon",
			"from": [4.75, 7.4587, 6.5125],
			"to": [7.5, 7.8913, 6.9875],
			"rotation": {"angle": 0, "axis": "y", "origin": [7, 8.05, 7.5]},
			"faces": {
				"north": {"uv": [2.75, 0, 0, 0.4326], "texture": "#6"},
				"east": {"uv": [0.475, 0, 0, 0.4326], "texture": "#6"},
				"south": {"uv": [2.75, 0, 0, 0.4326], "texture": "#6"},
				"west": {"uv": [0.475, 0, 0, 0.4326], "texture": "#6"},
				"up": {"uv": [0, 2.75, 0.475, 0], "rotation": 270, "texture": "#6"},
				"down": {"uv": [0, 2.75, 0.475, 0], "rotation": 90, "texture": "#6"}
			}
		},
		{
			"name": "hexadecagon",
			"from": [4.7625, 4.99012, 3.58668],
			"to": [5.2375, 5.42272, 7.58668],
			"rotation": {"angle": -45, "axis": "x", "origin": [5, 5.22284, 4.11548]},
			"faces": {
				"north": {"uv": [0.475, 0, 0, 0.4326], "rotation": 180, "texture": "#6"},
				"east": {"uv": [4, 0, 0, 0.4326], "rotation": 180, "texture": "#6"},
				"south": {"uv": [0.475, 0, 0, 0.4326], "rotation": 180, "texture": "#6"},
				"west": {"uv": [4, 0, 0, 0.4326], "rotation": 180, "texture": "#6"},
				"up": {"uv": [0.475, 0, 0, 4], "rotation": 180, "texture": "#6"},
				"down": {"uv": [0.475, 0, 0, 4], "rotation": 180, "texture": "#6"}
			}
		},
		{
			"name": "hexadecagon",
			"from": [3.7625, 4.47785, 2.31359],
			"to": [6.7625, 4.91045, 5.31359],
			"rotation": {"angle": 0, "axis": "x", "origin": [5, 4.69415, 3.56359]},
			"faces": {
				"north": {"uv": [3, 0, 0, 0.4326], "rotation": 180, "texture": "#3"},
				"east": {"uv": [3, 0, 0, 0.4326], "rotation": 180, "texture": "#3"},
				"south": {"uv": [3, 0, 0, 0.4326], "rotation": 180, "texture": "#3"},
				"west": {"uv": [3, 0, 0, 0.4326], "rotation": 180, "texture": "#3"},
				"up": {"uv": [4, 0, 1, 3], "rotation": 180, "texture": "#3"},
				"down": {"uv": [3, 0, 0, 3], "rotation": 180, "texture": "#3"}
			}
		},
		{
			"from": [7.5, 6.25, -3],
			"to": [8.5, 8.25, -1],
			"rotation": {"angle": 0, "axis": "x", "origin": [8, 7.25, -2]},
			"faces": {
				"north": {"uv": [0, 0, 1, 2], "texture": "#1_3"},
				"east": {"uv": [0, 0, 2, 2], "texture": "#1_3"},
				"south": {"uv": [0, 0, 1, 2], "texture": "#1_3"},
				"west": {"uv": [0, 0, 2, 2], "texture": "#1_3"},
				"up": {"uv": [0, 0, 1, 2], "texture": "#1_3"},
				"down": {"uv": [0, 0, 1, 2], "texture": "#1_3"}
			}
		},
		{
			"from": [7.5, 6.25, 21],
			"to": [8.5, 8.25, 23],
			"rotation": {"angle": 0, "axis": "y", "origin": [8, 7.25, 22]},
			"faces": {
				"north": {"uv": [0, 0, 1, 2], "texture": "#1"},
				"east": {"uv": [0, 0, 2, 2], "texture": "#1"},
				"south": {"uv": [0, 0, 1, 2], "texture": "#1"},
				"west": {"uv": [0, 0, 2, 2], "texture": "#1"},
				"up": {"uv": [0, 0, 1, 2], "texture": "#1"},
				"down": {"uv": [0, 0, 1, 2], "texture": "#1"}
			}
		},
		{
			"from": [6.5, 6.75, -2.5],
			"to": [10.5, 7.75, -1.5],
			"rotation": {"angle": 0, "axis": "y", "origin": [15.5, 14.75, 5.5]},
			"faces": {
				"north": {"uv": [0, 0, 3, 1], "texture": "#1_3"},
				"east": {"uv": [0, 0, 1, 1], "texture": "#1_3"},
				"south": {"uv": [0, 0, 3, 1], "texture": "#1_3"},
				"west": {"uv": [0, 0, 1, 1], "texture": "#1_3"},
				"up": {"uv": [0, 0, 3, 1], "texture": "#1_3"},
				"down": {"uv": [0, 0, 3, 1], "texture": "#1_3"}
			}
		},
		{
			"from": [6.5, 15.75, -2.5],
			"to": [9.5, 16.75, -1.5],
			"rotation": {"angle": 0, "axis": "y", "origin": [15.5, 23.75, 5.5]},
			"faces": {
				"north": {"uv": [0, 0, 3, 1], "texture": "#4"},
				"east": {"uv": [0, 0, 1, 1], "texture": "#4"},
				"south": {"uv": [0, 0, 3, 1], "texture": "#4"},
				"west": {"uv": [0, 0, 1, 1], "texture": "#4"},
				"up": {"uv": [0, 0, 3, 1], "texture": "#4"},
				"down": {"uv": [0, 0, 3, 1], "texture": "#4"}
			}
		},
		{
			"from": [6.5, 7.75, -2.5],
			"to": [7, 15.75, -1.5],
			"rotation": {"angle": 0, "axis": "y", "origin": [14, 15.25, 5.5]},
			"faces": {
				"north": {"uv": [0, 0, 0.5, 8], "texture": "#1_3"},
				"east": {"uv": [0, 0, 1, 8], "texture": "#1_3"},
				"south": {"uv": [0, 0, 0.5, 8], "texture": "#1_3"},
				"west": {"uv": [0, 0, 1, 8], "texture": "#1_3"},
				"up": {"uv": [0, 0, 0.5, 1], "texture": "#1_3"},
				"down": {"uv": [0, 0, 0.5, 1], "texture": "#1_3"}
			}
		},
		{
			"from": [10, 7.75, -2.5],
			"to": [10.5, 15.75, -1.5],
			"rotation": {"angle": 0, "axis": "y", "origin": [17.5, 15.25, 5.5]},
			"faces": {
				"north": {"uv": [0, 0, 0.5, 8], "texture": "#1_3"},
				"east": {"uv": [0, 0, 1, 8], "texture": "#1_3"},
				"south": {"uv": [0, 0, 0.5, 8], "texture": "#1_3"},
				"west": {"uv": [0, 0, 1, 8], "texture": "#1_3"},
				"up": {"uv": [0, 0, 0.5, 1], "texture": "#1_3"},
				"down": {"uv": [0, 0, 0.5, 1], "texture": "#1_3"}
			}
		},
		{
			"from": [6, 16.75, -9],
			"to": [10, 17.75, 3],
			"rotation": {"angle": 0, "axis": "y", "origin": [17, 24.25, 6]},
			"faces": {
				"north": {"uv": [0, 0, 4, 0.5], "texture": "#4"},
				"east": {"uv": [0, 0, 12, 0.5], "texture": "#4"},
				"south": {"uv": [0, 0, 4, 0.5], "texture": "#4"},
				"west": {"uv": [0, 0, 12, 0.5], "texture": "#4"},
				"up": {"uv": [0, 0, 4, 12], "texture": "#4"},
				"down": {"uv": [0, 0, 4, 12], "texture": "#4"}
			}
		},
		{
			"from": [7, 14.75, -9.5],
			"to": [9, 16.75, -9],
			"rotation": {"angle": 0, "axis": "y", "origin": [17, 24.25, 6]},
			"faces": {
				"north": {"uv": [2, 0, 4, 2], "texture": "#5"},
				"east": {"uv": [0, 0, 0.5, 2.5], "texture": "#5"},
				"south": {"uv": [0, 0, 2, 2.5], "texture": "#5"},
				"west": {"uv": [0, 0, 0.5, 2.5], "texture": "#5"},
				"up": {"uv": [0, 0, 2, 0.5], "texture": "#5"},
				"down": {"uv": [0, 0, 2, 0.5], "texture": "#5"}
			}
		},
		{
			"from": [6.5, 6.75, -3.5],
			"to": [10.5, 7.75, -2.5],
			"rotation": {"angle": 0, "axis": "x", "origin": [15.5, 14.75, -10.5]},
			"faces": {
				"north": {"uv": [0, 0, 3, 1], "rotation": 180, "texture": "#1_3"},
				"east": {"uv": [0, 0, 1, 1], "rotation": 90, "texture": "#1_3"},
				"south": {"uv": [0, 0, 3, 1], "texture": "#1_3"},
				"west": {"uv": [0, 0, 1, 1], "rotation": 270, "texture": "#1_3"},
				"up": {"uv": [0, 0, 3, 1], "texture": "#1_3"},
				"down": {"uv": [0, 0, 3, 1], "rotation": 180, "texture": "#1_3"}
			}
		},
		{
			"from": [6.8, 6.75, -12.8],
			"to": [9.2, 7.75, -12.5],
			"rotation": {"angle": 0, "axis": "x", "origin": [15.5, 14.75, -11.5]},
			"faces": {
				"north": {"uv": [0, 0, 2.4, 1], "rotation": 180, "texture": "#1_3"},
				"east": {"uv": [0, 0, 1, 0.3], "rotation": 90, "texture": "#1_3"},
				"south": {"uv": [0, 0, 2.4, 1], "texture": "#1_3"},
				"west": {"uv": [0, 0, 1, 0.3], "rotation": 270, "texture": "#1_3"},
				"up": {"uv": [0, 0, 2.4, 0.3], "texture": "#1_3"},
				"down": {"uv": [0, 0, 2.4, 0.3], "rotation": 180, "texture": "#1_3"}
			}
		},
		{
			"from": [6.8, 6.75, -12.5],
			"to": [7.3, 7.75, -3.5],
			"rotation": {"angle": 0, "axis": "x", "origin": [15.8, 14.75, -10.5]},
			"faces": {
				"north": {"uv": [0, 0, 0.5, 1], "rotation": 180, "texture": "#1_3"},
				"east": {"uv": [0, 0, 1, 9], "rotation": 90, "texture": "#1_3"},
				"south": {"uv": [0, 0, 0.5, 1], "texture": "#1_3"},
				"west": {"uv": [0, 0, 1, 9], "rotation": 270, "texture": "#1_3"},
				"up": {"uv": [0, 0, 0.5, 9], "texture": "#1_3"},
				"down": {"uv": [0, 0, 0.5, 9], "rotation": 180, "texture": "#1_3"}
			}
		},
		{
			"from": [8.7, 6.75, -1.5],
			"to": [9.2, 7.75, 8.5],
			"rotation": {"angle": 0, "axis": "x", "origin": [15.2, 14.75, -0.5]},
			"faces": {
				"north": {"uv": [0, 0, 0.5, 1], "rotation": 180, "texture": "#1_3"},
				"east": {"uv": [0, 0, 1, 10], "rotation": 90, "texture": "#1_3"},
				"south": {"uv": [0, 0, 0.5, 1], "texture": "#1_3"},
				"west": {"uv": [0, 0, 1, 10], "rotation": 270, "texture": "#1_3"},
				"up": {"uv": [0, 0, 0.5, 10], "texture": "#1_3"},
				"down": {"uv": [0, 0, 0.5, 10], "rotation": 180, "texture": "#1_3"}
			}
		},
		{
			"from": [6, 5.95, -3.5],
			"to": [6.5, 8.95, -0.5],
			"rotation": {"angle": 0, "axis": "x", "origin": [5.5, 6.95, -2.5]},
			"faces": {
				"north": {"uv": [0, 0, 0.5, 3], "texture": "#1"},
				"east": {"uv": [0, 0, 3, 3], "texture": "#1"},
				"south": {"uv": [0, 0, 0.5, 3], "texture": "#1"},
				"west": {"uv": [0, 8, 3, 11], "texture": "#1"},
				"up": {"uv": [0, 0, 0.5, 3], "texture": "#1"},
				"down": {"uv": [0, 0, 0.5, 3], "texture": "#1"}
			}
		},
		{
			"from": [6, 8.95, -4],
			"to": [6.5, 9.45, 12],
			"rotation": {"angle": 0, "axis": "x", "origin": [5.5, 6.95, -2.5]},
			"faces": {
				"north": {"uv": [0, 0, 0.5, 0.5], "texture": "#6"},
				"east": {"uv": [0, 0, 15, 0.5], "texture": "#6"},
				"south": {"uv": [0, 0, 0.5, 0.5], "texture": "#6"},
				"west": {"uv": [0, 0, 15, 0.5], "texture": "#6"},
				"up": {"uv": [0, 0, 0.5, 15], "texture": "#6"},
				"down": {"uv": [0, 0, 0.5, 15], "texture": "#6"}
			}
		},
		{
			"from": [6, 5.45, -4],
			"to": [6.5, 5.95, 12],
			"rotation": {"angle": 0, "axis": "x", "origin": [5.5, 6.95, -2.5]},
			"faces": {
				"north": {"uv": [0, 0, 0.5, 0.5], "texture": "#6"},
				"east": {"uv": [0, 0, 15, 0.5], "texture": "#6"},
				"south": {"uv": [0, 0, 0.5, 0.5], "texture": "#6"},
				"west": {"uv": [0, 0, 15, 0.5], "texture": "#6"},
				"up": {"uv": [0, 0, 0.5, 15], "texture": "#6"},
				"down": {"uv": [0, 0, 0.5, 15], "texture": "#6"}
			}
		},
		{
			"from": [6, 5.95, 8.5],
			"to": [6.5, 8.95, 11.5],
			"rotation": {"angle": 0, "axis": "x", "origin": [5.5, 6.95, -2.5]},
			"faces": {
				"north": {"uv": [0, 0, 0.5, 3], "texture": "#1"},
				"east": {"uv": [0, 0, 3, 3], "texture": "#1"},
				"south": {"uv": [0, 0, 0.5, 3], "texture": "#1"},
				"west": {"uv": [0, 8, 3, 11], "texture": "#1"},
				"up": {"uv": [0, 0, 0.5, 3], "texture": "#1"},
				"down": {"uv": [0, 0, 0.5, 3], "texture": "#1"}
			}
		},
		{
			"from": [6, 5.95, -4],
			"to": [6.5, 8.95, -3.5],
			"rotation": {"angle": 0, "axis": "x", "origin": [5.5, 6.95, -2.5]},
			"faces": {
				"north": {"uv": [0, 0, 0.5, 3], "rotation": 180, "texture": "#6"},
				"east": {"uv": [0, 0, 3, 0.5], "rotation": 270, "texture": "#6"},
				"south": {"uv": [0, 0, 0.5, 3], "texture": "#6"},
				"west": {"uv": [0, 0, 3, 0.5], "rotation": 90, "texture": "#6"},
				"up": {"uv": [0, 0, 0.5, 0.5], "rotation": 180, "texture": "#6"},
				"down": {"uv": [0, 0, 0.5, 0.5], "texture": "#6"}
			}
		},
		{
			"from": [6, 5.95, 11.5],
			"to": [6.5, 8.95, 12],
			"rotation": {"angle": 0, "axis": "x", "origin": [5.5, 6.95, -2.5]},
			"faces": {
				"north": {"uv": [0, 0, 0.5, 3], "rotation": 180, "texture": "#6"},
				"east": {"uv": [0, 0, 3, 0.5], "rotation": 270, "texture": "#6"},
				"south": {"uv": [0, 0, 0.5, 3], "texture": "#6"},
				"west": {"uv": [0, 0, 3, 0.5], "rotation": 90, "texture": "#6"},
				"up": {"uv": [0, 0, 0.5, 0.5], "rotation": 180, "texture": "#6"},
				"down": {"uv": [0, 0, 0.5, 0.5], "texture": "#6"}
			}
		},
		{
			"from": [8.7, 6.75, -12.5],
			"to": [9.2, 7.75, -3.5],
			"rotation": {"angle": 0, "axis": "y", "origin": [15.2, 14.75, -10.5]},
			"faces": {
				"north": {"uv": [0, 0, 0.5, 1], "rotation": 180, "texture": "#1_3"},
				"east": {"uv": [0, 0, 1, 9], "rotation": 90, "texture": "#1_3"},
				"south": {"uv": [0, 0, 0.5, 1], "texture": "#1_3"},
				"west": {"uv": [0, 0, 1, 9], "rotation": 270, "texture": "#1_3"},
				"up": {"uv": [0, 0, 0.5, 9], "texture": "#1_3"},
				"down": {"uv": [0, 0, 0.5, 9], "rotation": 180, "texture": "#1_3"}
			}
		},
		{
			"from": [6.5, 5.95, 8.5],
			"to": [9.2, 8.95, 11.5],
			"rotation": {"angle": 0, "axis": "y", "origin": [6, 6.95, -2.5]},
			"faces": {
				"north": {"uv": [0, 0, 2.7, 3], "texture": "#4"},
				"east": {"uv": [0, 0, 3, 3], "texture": "#4"},
				"south": {"uv": [0, 0, 2.7, 3], "texture": "#4"},
				"west": {"uv": [0, 0, 3, 3], "texture": "#4"},
				"up": {"uv": [0, 0, 2.7, 3], "texture": "#4"},
				"down": {"uv": [0, 0, 2.7, 3], "texture": "#4"}
			}
		},
		{
			"from": [7.1, 9, 5.8],
			"to": [8.9, 20, 7.8],
			"rotation": {"angle": -22.5, "axis": "x", "origin": [15, 17.25, 13.8]},
			"faces": {
				"north": {"uv": [0, 0, 2, 11], "texture": "#1"},
				"east": {"uv": [0, 0, 2, 11], "texture": "#1"},
				"south": {"uv": [0, 0, 2, 11], "texture": "#1"},
				"west": {"uv": [0, 0, 2, 11], "texture": "#1"},
				"up": {"uv": [0, 0, 2, 2], "texture": "#1"},
				"down": {"uv": [0, 0, 2, 2], "texture": "#1"}
			}
		},
		{
			"from": [7, 22.25, 5.8],
			"to": [9, 23.25, 7.8],
			"rotation": {"angle": -22.5, "axis": "x", "origin": [15, 17.25, 13.8]},
			"faces": {
				"north": {"uv": [0, 0, 2, 1], "texture": "#1_3"},
				"east": {"uv": [0, 0, 2, 1], "texture": "#1_3"},
				"south": {"uv": [0, 0, 2, 1], "texture": "#1_3"},
				"west": {"uv": [0, 0, 2, 1], "texture": "#1_3"},
				"up": {"uv": [0, 0, 2, 2], "texture": "#1_3"},
				"down": {"uv": [0, 0, 2, 2], "texture": "#1_3"}
			}
		},
		{
			"from": [7.5, 20.25, 6.3],
			"to": [8.5, 22.25, 7.3],
			"rotation": {"angle": -22.5, "axis": "x", "origin": [15, 17.25, 13.8]},
			"faces": {
				"north": {"uv": [0, 0, 1, 2], "texture": "#1_3"},
				"east": {"uv": [0, 0, 1, 2], "texture": "#1_3"},
				"south": {"uv": [0, 0, 1, 2], "texture": "#1_3"},
				"west": {"uv": [0, 0, 1, 2], "texture": "#1_3"},
				"up": {"uv": [0, 0, 1, 1], "texture": "#1_3"},
				"down": {"uv": [0, 0, 1, 1], "texture": "#1_3"}
			}
		},
		{
			"from": [6, 21.15, 1],
			"to": [10, 21.65, 8],
			"rotation": {"angle": 0, "axis": "x", "origin": [15, 18.15, 13]},
			"faces": {
				"north": {"uv": [0, 0, 4, 0.5], "texture": "#4"},
				"east": {"uv": [0, 0, 7, 0.5], "texture": "#4"},
				"south": {"uv": [0, 0, 4, 0.5], "texture": "#4"},
				"west": {"uv": [0, 0, 7, 0.5], "texture": "#4"},
				"up": {"uv": [0, 0, 4, 7], "texture": "#4"},
				"down": {"uv": [0, 0, 4, 7], "texture": "#4"}
			}
		},
		{
			"from": [7, 23.25, 5.8],
			"to": [9, 23.95, 6.8],
			"rotation": {"angle": -22.5, "axis": "x", "origin": [15, 17.25, 13.8]},
			"faces": {
				"north": {"uv": [0, 0, 2, 0.7], "texture": "#1_3"},
				"east": {"uv": [0, 0, 1, 0.7], "texture": "#1_3"},
				"south": {"uv": [0, 0, 2, 0.7], "texture": "#1_3"},
				"west": {"uv": [0, 0, 1, 0.7], "texture": "#1_3"},
				"up": {"uv": [0, 0, 2, 1], "texture": "#1_3"},
				"down": {"uv": [0, 0, 2, 1], "texture": "#1_3"}
			}
		},
		{
			"from": [7, 8.25, 15.4],
			"to": [9, 20.25, 17.4],
			"rotation": {"angle": 45, "axis": "x", "origin": [15, 17.25, 13.8]},
			"faces": {
				"north": {"uv": [0, 0, 2, 12], "texture": "#4"},
				"east": {"uv": [0, 0, 2, 12], "texture": "#4"},
				"south": {"uv": [0, 0, 2, 12], "texture": "#4"},
				"west": {"uv": [0, 0, 2, 12], "texture": "#4"},
				"up": {"uv": [0, 0, 2, 2], "texture": "#4"},
				"down": {"uv": [0, 0, 2, 2], "texture": "#4"}
			}
		},
		{
			"from": [6.8, 19.25, 17.8],
			"to": [9.2, 20.25, 19.8],
			"rotation": {"angle": -22.5, "axis": "x", "origin": [15, 17.25, 25.8]},
			"faces": {
				"north": {"uv": [0, 0, 2.4, 1], "texture": "#1_3"},
				"east": {"uv": [0, 0, 2, 1], "texture": "#1_3"},
				"south": {"uv": [0, 0, 2.4, 1], "texture": "#1_3"},
				"west": {"uv": [0, 0, 2, 1], "texture": "#1_3"},
				"up": {"uv": [0, 0, 2.4, 2], "texture": "#1_3"},
				"down": {"uv": [0, 0, 2.4, 2], "texture": "#1_3"}
			}
		},
		{
			"from": [6.8, 9.25, 17.8],
			"to": [7.2, 19.25, 19.8],
			"rotation": {"angle": -22.5, "axis": "x", "origin": [15, 17.25, 25.8]},
			"faces": {
				"north": {"uv": [0, 0, 0.4, 10], "texture": "#1_3"},
				"east": {"uv": [0, 0, 2, 10], "texture": "#1_3"},
				"south": {"uv": [0, 0, 0.4, 10], "texture": "#1_3"},
				"west": {"uv": [0, 0, 2, 10], "texture": "#1_3"},
				"up": {"uv": [0, 0, 0.4, 2], "texture": "#1_3"},
				"down": {"uv": [0, 0, 0.4, 2], "texture": "#1_3"}
			}
		},
		{
			"from": [8.8, 9.25, 17.8],
			"to": [9.2, 19.25, 19.8],
			"rotation": {"angle": -22.5, "axis": "x", "origin": [15, 17.25, 25.8]},
			"faces": {
				"north": {"uv": [0, 0, 0.4, 10], "texture": "#1_3"},
				"east": {"uv": [0, 0, 2, 10], "texture": "#1_3"},
				"south": {"uv": [0, 0, 0.4, 10], "texture": "#1_3"},
				"west": {"uv": [0, 0, 2, 10], "texture": "#1_3"},
				"up": {"uv": [0, 0, 0.4, 2], "texture": "#1_3"},
				"down": {"uv": [0, 0, 0.4, 2], "texture": "#1_3"}
			}
		},
		{
			"from": [7.6, 16.65, 5.8],
			"to": [8.4, 17.65, 18.8],
			"rotation": {"angle": 0, "axis": "x", "origin": [15, 19.25, 13.8]},
			"faces": {
				"north": {"uv": [0, 0, 0.8, 1], "rotation": 180, "texture": "#4"},
				"east": {"uv": [0, 0, 1, 13], "rotation": 270, "texture": "#4"},
				"south": {"uv": [0, 0, 0.8, 1], "texture": "#4"},
				"west": {"uv": [0, 0, 1, 13], "rotation": 90, "texture": "#4"},
				"up": {"uv": [0, 0, 0.8, 13], "rotation": 180, "texture": "#4"},
				"down": {"uv": [0, 0, 0.8, 13], "texture": "#4"}
			}
		},
		{
			"from": [7.6, 15.15, 7.8],
			"to": [8.4, 15.65, 15.8],
			"rotation": {"angle": 0, "axis": "y", "origin": [15, 17.25, 13.8]},
			"faces": {
				"north": {"uv": [0, 0, 0.8, 0.5], "rotation": 180, "texture": "#4"},
				"east": {"uv": [0, 0, 0.5, 8], "rotation": 270, "texture": "#4"},
				"south": {"uv": [0, 0, 0.8, 0.5], "texture": "#4"},
				"west": {"uv": [0, 0, 0.5, 8], "rotation": 90, "texture": "#4"},
				"up": {"uv": [0, 0, 0.8, 8], "rotation": 180, "texture": "#4"},
				"down": {"uv": [0, 0, 0.8, 8], "texture": "#4"}
			}
		},
		{
			"from": [6, 23.5, 14.5],
			"to": [10, 24.5, 16.5],
			"rotation": {"angle": -22.5, "axis": "x", "origin": [8, 24, 15.1]},
			"faces": {
				"north": {"uv": [0, 0, 4, 1], "texture": "#4"},
				"east": {"uv": [0, 0, 2, 1], "texture": "#4"},
				"south": {"uv": [0, 0, 4, 1], "texture": "#4"},
				"west": {"uv": [0, 0, 2, 1], "texture": "#4"},
				"up": {"uv": [0, 0, 4, 2], "texture": "#4"},
				"down": {"uv": [0, 0, 4, 2], "texture": "#4"}
			}
		},
		{
			"from": [6.5, 11.75, 2.5],
			"to": [9.5, 13.75, 3.5],
			"rotation": {"angle": 45, "axis": "x", "origin": [15.5, 10.75, 10.5]},
			"faces": {
				"north": {"uv": [0, 0, 3, 2], "texture": "#1_3"},
				"east": {"uv": [0, 0, 1, 2], "texture": "#1_3"},
				"south": {"uv": [0, 0, 3, 2], "texture": "#1_3"},
				"west": {"uv": [0, 0, 1, 2], "texture": "#1_3"},
				"up": {"uv": [0, 0, 3, 1], "texture": "#1_3"},
				"down": {"uv": [0, 0, 3, 1], "texture": "#1_3"}
			}
		},
		{
			"from": [6.5, -1.25, 2.5],
			"to": [7.5, 11.75, 3.5],
			"rotation": {"angle": 45, "axis": "x", "origin": [15.7, 10.75, 10.5]},
			"faces": {
				"north": {"uv": [0, 0, 0.5, 13], "texture": "#1_3"},
				"east": {"uv": [0, 0, 1, 13], "texture": "#1_3"},
				"south": {"uv": [0, 0, 0.5, 13], "texture": "#1_3"},
				"west": {"uv": [0, 0, 1, 13], "texture": "#1_3"},
				"up": {"uv": [0, 0, 0.5, 1], "texture": "#1_3"},
				"down": {"uv": [0, 0, 0.5, 1], "texture": "#1_3"}
			}
		},
		{
			"from": [8.5, -1.25, 2.5],
			"to": [9.5, 11.75, 3.5],
			"rotation": {"angle": 45, "axis": "x", "origin": [15.3, 10.75, 10.5]},
			"faces": {
				"north": {"uv": [0, 0, 0.5, 13], "texture": "#1_3"},
				"east": {"uv": [0, 0, 1, 13], "texture": "#1_3"},
				"south": {"uv": [0, 0, 0.5, 13], "texture": "#1_3"},
				"west": {"uv": [0, 0, 1, 13], "texture": "#1_3"},
				"up": {"uv": [0, 0, 0.5, 1], "texture": "#1_3"},
				"down": {"uv": [0, 0, 0.5, 1], "texture": "#1_3"}
			}
		}
	],
	"display": {
		"thirdperson_righthand": {
			"rotation": [75, 45, 0],
			"translation": [0, 2.5, 0],
			"scale": [0.375, 0.375, 0.375]
		},
		"thirdperson_lefthand": {
			"rotation": [75, 45, 0],
			"translation": [0, 2.5, 0],
			"scale": [0.375, 0.375, 0.375]
		},
		"firstperson_righthand": {
			"rotation": [0, 45, 0],
			"scale": [0.4, 0.4, 0.4]
		},
		"firstperson_lefthand": {
			"rotation": [0, 225, 0],
			"scale": [0.4, 0.4, 0.4]
		},
		"ground": {
			"translation": [0, 3, 0],
			"scale": [0.25, 0.25, 0.25]
		},
		"gui": {
			"rotation": [30, -45, 0],
			"translation": [0, -1, 0],
			"scale": [0.6, 0.6, 0.6]
		},
		"head": {
			"rotation": [0, 180, 0],
			"translation": [0, 13, 7]
		},
		"fixed": {
			"rotation": [-90, 0, 0],
			"translation": [0, 0, -14.5],
			"scale": [2, 2, 2]
		}
	},
	"groups": [
		{
			"name": "Bicycle",
			"origin": [8, 8, 8],
			"color": 0,
			"children": [0, 1, 2, 3, 4, 5, 6, 7,
				{
					"name": "tyre",
					"origin": [8, 8, 8],
					"color": 0,
					"children": [
						{
							"name": "group",
							"origin": [8, 8, 8],
							"color": 0,
							"children": [
								{
									"name": "hexadecagon",
									"origin": [8, 8, 8],
									"color": 0,
									"children": [8, 9, 10, 11, 12, 13, 14, 15, 16, 17, 18, 19, 20, 21, 22, 23]
								},
								{
									"name": "hexadecagon",
									"origin": [8, 8, 8],
									"color": 0,
									"children": [24, 25, 26, 27, 28, 29, 30, 31]
								}
							]
						},
						{
							"name": "group",
							"origin": [8, 8, 8],
							"color": 0,
							"children": [
								{
									"name": "hexadecagon",
									"origin": [8, 8, 8],
									"color": 0,
									"children": [32, 33, 34, 35, 36, 37, 38, 39, 40, 41, 42, 43, 44, 45, 46, 47]
								},
								{
									"name": "hexadecagon",
									"origin": [8, 8, 8],
									"color": 0,
									"children": [48, 49, 50, 51, 52, 53, 54, 55]
								}
							]
						}
					]
				},
				{
					"name": "iron",
					"origin": [8, 10, 24],
					"color": 0,
					"children": [56, 57, 58, 59, 60, 61, 62, 63]
				},
				{
					"name": "pedal",
					"origin": [8, 8, 8],
					"color": 0,
					"children": [
						{
							"name": "group",
							"origin": [11.25, 9.625, 11.25],
							"color": 0,
							"children": [64, 65, 66]
						},
						{
							"name": "group",
							"origin": [11.25, 9.625, 11.25],
							"color": 0,
							"children": [67, 68, 69]
						}
					]
				}
			]
		},
		{
			"name": "bicycle_legacy",
			"origin": [8, 8, 8],
			"color": 0,
			"children": [70, 71,
				{
					"name": "group",
					"origin": [16.5, 16, 3.5],
					"color": 0,
					"children": [72, 73, 74, 75]
				}, 76, 77,
				{
					"name": "group",
					"origin": [16.5, 16, 3.5],
					"color": 0,
					"children": [78, 79, 80, 81]
				}, 82, 83, 84, 85, 86, 87, 88, 89, 90, 91, 92, 93, 94, 95, 96, 97, 98, 99, 100, 101,
				{
					"name": "group",
					"origin": [16.5, 16, 3.5],
					"color": 0,
					"children": [102, 103, 104]
				}
			]
		}
	]
}