{
	"ambientocclusion": false,
	"texture_size": [48, 48],
	"textures": {
		"0": "yuushya:0extra_building_block/big_plank",
		"particle": "yuushya:0extra_building_block/big_plank"
	},
	"elements": [
		{
			"from": [-8, -4, 12.8],
			"to": [16, 32, 14.8],
			"rotation": {"angle": -22.5, "axis": "x", "origin": [-4, 0, 3.8]},
			"faces": {
				"north": {"uv": [0, 0, 8, 12], "texture": "#0"},
				"east": {"uv": [0, 0, 0.66667, 12], "texture": "#0"},
				"south": {"uv": [0, 0, 8, 12], "rotation": 180, "texture": "#0"},
				"west": {"uv": [0, 0, 0.66667, 12], "texture": "#0"},
				"up": {"uv": [0, 0, 8, 0.66667], "texture": "#0"},
				"down": {"uv": [0, 0, 8, 0.66667], "texture": "#0"}
			}
		},
		{
			"from": [-1, -8, 25.6],
			"to": [15, 16, 27.6],
			"rotation": {"angle": -45, "axis": "x", "origin": [3, -4, 16.6]},
			"faces": {
				"north": {"uv": [0, 0, 5.33333, 8], "texture": "#0"},
				"east": {"uv": [0, 0, 0.66667, 8], "texture": "#0"},
				"south": {"uv": [1, 4, 6.33333, 12], "texture": "#0"},
				"west": {"uv": [0, 0, 0.66667, 8], "texture": "#0"},
				"up": {"uv": [0, 0, 5.33333, 0.66667], "texture": "#0"},
				"down": {"uv": [0, 0, 5.33333, 0.66667], "texture": "#0"}
			}
		}
	],
	"gui_light": "front",
	"display": {
		"thirdperson_righthand": {
			"rotation": [75, 45, 0],
			"translation": [0, 2.5, 0],
			"scale": [0.375, 0.375, 0.375]
		},
		"thirdperson_lefthand": {
			"rotation": [75, 45, 0],
			"translation": [0, 2.5, 0],
			"scale": [0.375, 0.375, 0.375]
		},
		"firstperson_righthand": {
			"rotation": [0, 45, 0],
			"scale": [0.4, 0.4, 0.4]
		},
		"firstperson_lefthand": {
			"rotation": [0, 225, 0],
			"scale": [0.4, 0.4, 0.4]
		},
		"ground": {
			"translation": [0, 3, 0],
			"scale": [0.25, 0.25, 0.25]
		},
		"gui": {
			"rotation": [30, 45, 0],
			"translation": [0, -2, 0],
			"scale": [0.45, 0.45, 0.45]
		},
		"fixed": {
			"scale": [0.5, 0.5, 0.5]
		}
	}
}