{
	"credit": "Yuushya",
	"textures": {
		"particle": "#3"
	},
	"elements": [
		{
			"from": [0, 0, 0],
			"to": [16, 16, 15],
			"faces": {
				"north": {"uv": [0, 0, 8, 8], "texture": "#3"},
				"east": {"uv": [7.5, 0, 0, 8], "texture": "#3"},
				"south": {"uv": [0, 0, 8, 8], "texture": "#3"},
				"west": {"uv": [0, 0, 7.5, 8], "texture": "#3"},
				"up": {"uv": [8, 0, 16, 8], "texture": "#3"},
				"down": {"uv": [0, 8, 8, 16], "texture": "#3"}
			}
		},
		{
			"from": [0, 22, 0],
			"to": [16, 24, 15],
			"rotation": {"angle": 0, "axis": "y", "origin": [8, 24, 8]},
			"faces": {
				"north": {"uv": [0, 8, 8, 9], "texture": "#3"},
				"east": {"uv": [7.5, 8, 0, 9], "texture": "#3"},
				"south": {"uv": [0, 8, 8, 9], "texture": "#3"},
				"west": {"uv": [0, 8, 7.5, 9], "texture": "#3"},
				"up": {"uv": [0, 8, 8, 15.5], "texture": "#3"},
				"down": {"uv": [0, 8, 8, 16], "texture": "#3"}
			}
		},
		{
			"from": [1, 16, 1],
			"to": [2, 22, 2],
			"rotation": {"angle": 0, "axis": "y", "origin": [9, 24, 9]},
			"faces": {
				"north": {"uv": [0, 8, 0.5, 11], "texture": "#3"},
				"east": {"uv": [0, 8, 0.5, 11], "texture": "#3"},
				"south": {"uv": [0, 8, 0.5, 11], "texture": "#3"},
				"west": {"uv": [0, 8, 0.5, 11], "texture": "#3"},
				"up": {"uv": [0, 0, 1, 1], "texture": "#missing"},
				"down": {"uv": [0, 0, 1, 1], "texture": "#missing"}
			}
		},
		{
			"from": [14, 16, 1],
			"to": [15, 22, 2],
			"rotation": {"angle": 0, "axis": "y", "origin": [22, 24, 9]},
			"faces": {
				"north": {"uv": [0, 8, 0.5, 11], "texture": "#3"},
				"east": {"uv": [0, 8, 0.5, 11], "texture": "#3"},
				"south": {"uv": [0, 8, 0.5, 11], "texture": "#3"},
				"west": {"uv": [0, 8, 0.5, 11], "texture": "#3"},
				"up": {"uv": [0, 0, 1, 1], "texture": "#3"},
				"down": {"uv": [0, 0, 1, 1], "texture": "#3"}
			}
		},
		{
			"from": [1, 16, 13],
			"to": [2, 22, 14],
			"rotation": {"angle": 0, "axis": "y", "origin": [9, 24, 21]},
			"faces": {
				"north": {"uv": [0, 8, 0.5, 11], "texture": "#3"},
				"east": {"uv": [0, 8, 0.5, 11], "texture": "#3"},
				"south": {"uv": [0, 8, 0.5, 11], "texture": "#3"},
				"west": {"uv": [0, 8, 0.5, 11], "texture": "#3"},
				"up": {"uv": [0, 0, 1, 1], "texture": "#3"},
				"down": {"uv": [0, 0, 1, 1], "texture": "#3"}
			}
		},
		{
			"from": [14, 16, 13],
			"to": [15, 22, 14],
			"rotation": {"angle": 0, "axis": "y", "origin": [22, 24, 21]},
			"faces": {
				"north": {"uv": [0, 8, 0.5, 11], "texture": "#3"},
				"east": {"uv": [0, 8, 0.5, 11], "texture": "#3"},
				"south": {"uv": [0, 8, 0.5, 11], "texture": "#3"},
				"west": {"uv": [0, 8, 0.5, 11], "texture": "#3"},
				"up": {"uv": [0, 0, 1, 1], "texture": "#3"},
				"down": {"uv": [0, 0, 1, 1], "texture": "#3"}
			}
		},
		{
			"from": [2, 3, 15],
			"to": [14, 15, 16],
			"rotation": {"angle": 0, "axis": "y", "origin": [10, 11, 23]},
			"faces": {
				"north": {"uv": [0, 0, 12, 12], "texture": "#missing"},
				"east": {"uv": [9, 9, 9.5, 15], "texture": "#3"},
				"south": {"uv": [9, 9, 15, 15], "texture": "#3"},
				"west": {"uv": [9, 9, 9.5, 15], "texture": "#3"},
				"up": {"uv": [9, 9, 15, 9.5], "texture": "#3"},
				"down": {"uv": [9, 9, 15, 9.5], "texture": "#3"}
			}
		}
	],
	"gui_light": "front",
	"display": {
		"thirdperson_righthand": {
			"rotation": [75, 45, 0],
			"translation": [0, 2.5, 0],
			"scale": [0.375, 0.375, 0.375]
		},
		"thirdperson_lefthand": {
			"rotation": [75, 45, 0],
			"translation": [0, 2.5, 0],
			"scale": [0.375, 0.375, 0.375]
		},
		"firstperson_righthand": {
			"rotation": [0, 45, 0],
			"scale": [0.4, 0.4, 0.4]
		},
		"firstperson_lefthand": {
			"rotation": [0, 225, 0],
			"scale": [0.4, 0.4, 0.4]
		},
		"ground": {
			"translation": [0, 3, 0],
			"scale": [0.25, 0.25, 0.25]
		},
		"gui": {
			"rotation": [30, 45, 0],
			"translation": [0.25, -1.75, 0],
			"scale": [0.625, 0.625, 0.625]
		},
		"head": {
			"rotation": [0, 180, 0],
			"translation": [0, 13, 7]
		},
		"fixed": {
			"rotation": [-90, 0, 0],
			"translation": [0, 0, -14],
			"scale": [2, 2, 2]
		}
	}
}