{
	"textures": {
		"particle": "yuushya:block/birch_planks___",
		"1_texture": "yuushya:block/birch_planks___"
	},
	"elements": [
		{
			"from": [5, 0, 0.9],
			"to": [7, 16, 1.9],
			"rotation": {"angle": 0, "axis": "y", "origin": [8, 8, 8]},
			"faces": {
				"north": {"uv": [6, 0, 8, 16], "texture": "#1_texture"},
				"east": {"uv": [6, 0, 7, 16], "texture": "#1_texture"},
				"south": {"uv": [6, 0, 8, 16], "texture": "#1_texture"},
				"west": {"uv": [8, 0, 9, 16], "texture": "#1_texture"},
				"up": {"uv": [7, 2, 8, 4], "rotation": 90, "texture": "#1_texture"},
				"down": {"uv": [8, 0, 9, 2], "rotation": 270, "texture": "#1_texture"}
			}
		},
		{
			"name": "Center post",
			"from": [11.9, 0, 0],
			"to": [14.9, 16, 3],
			"rotation": {"angle": 0, "axis": "y", "origin": [7.9, 7.9, 8]},
			"faces": {
				"north": {"uv": [13, 0, 16, 16], "texture": "#1_texture"},
				"east": {"uv": [13, 0, 16, 16], "texture": "#1_texture"},
				"south": {"uv": [13, 0, 16, 16], "texture": "#1_texture"},
				"west": {"uv": [13, 0, 16, 16], "texture": "#1_texture"},
				"up": {"uv": [13, 2, 16, 5], "rotation": 90, "texture": "#1_texture"},
				"down": {"uv": [8, 0, 11, 3], "rotation": 90, "texture": "#1_texture"}
			}
		},
		{
			"name": "Center post",
			"from": [0.9, 0, 0],
			"to": [3.9, 16, 3],
			"rotation": {"angle": 0, "axis": "y", "origin": [7.9, 7.9, 8]},
			"faces": {
				"north": {"uv": [13, 0, 16, 16], "texture": "#1_texture"},
				"east": {"uv": [13, 0, 16, 16], "texture": "#1_texture"},
				"south": {"uv": [13, 0, 16, 16], "texture": "#1_texture"},
				"west": {"uv": [13, 0, 16, 16], "texture": "#1_texture"},
				"up": {"uv": [13, 2, 16, 5], "rotation": 90, "texture": "#1_texture"},
				"down": {"uv": [8, 0, 11, 3], "rotation": 90, "texture": "#1_texture"}
			}
		},
		{
			"from": [0, 4, 0.4],
			"to": [16, 6, 2.4],
			"rotation": {"angle": 0, "axis": "y", "origin": [8, 8, 8]},
			"faces": {
				"north": {"uv": [4, 0, 6, 16], "rotation": 90, "texture": "#1_texture"},
				"east": {"uv": [8, 0, 10, 2], "rotation": 90, "texture": "#1_texture"},
				"south": {"uv": [4, 0, 6, 16], "rotation": 90, "texture": "#1_texture"},
				"west": {"uv": [8, 0, 10, 2], "rotation": 90, "texture": "#1_texture"},
				"up": {"uv": [4, 0, 6, 16], "rotation": 90, "texture": "#1_texture"},
				"down": {"uv": [4, 0, 6, 16], "rotation": 90, "texture": "#1_texture"}
			}
		},
		{
			"from": [9, 0, 0.9],
			"to": [11, 16, 1.9],
			"rotation": {"angle": 0, "axis": "y", "origin": [8, 8, 8]},
			"faces": {
				"north": {"uv": [6, 0, 8, 16], "texture": "#1_texture"},
				"east": {"uv": [6, 0, 7, 16], "texture": "#1_texture"},
				"south": {"uv": [6, 0, 8, 16], "texture": "#1_texture"},
				"west": {"uv": [6, 0, 7, 16], "texture": "#1_texture"},
				"up": {"uv": [7, 2, 8, 4], "rotation": 90, "texture": "#1_texture"},
				"down": {"uv": [8, 0, 9, 2], "rotation": 90, "texture": "#1_texture"}
			}
		}
	],
	"display": {
		"thirdperson_righthand": {
			"rotation": [75, 45, 0],
			"translation": [0, 2.5, 0],
			"scale": [0.375, 0.375, 0.375]
		},
		"thirdperson_lefthand": {
			"rotation": [75, 45, 0],
			"translation": [0, 2.5, 0],
			"scale": [0.375, 0.375, 0.375]
		},
		"firstperson_righthand": {
			"rotation": [0, 45, 0],
			"scale": [0.4, 0.4, 0.4]
		},
		"firstperson_lefthand": {
			"rotation": [0, 225, 0],
			"scale": [0.4, 0.4, 0.4]
		},
		"ground": {
			"translation": [0, 3, 0],
			"scale": [0.25, 0.25, 0.25]
		},
		"gui": {
			"rotation": [30, 45, 0],
			"translation": [2, -1.5, 0],
			"scale": [0.7, 0.7, 0.7]
		},
		"fixed": {
			"rotation": [-90, 0, 0],
			"translation": [13, 0, -14],
			"scale": [2, 2, 2]
		}
	},
	"groups": [0, 1, 2, 3, 4,
		{
			"name": "birch_fence_post",
			"origin": [8, 8, 8],
			"children": []
		}
	]
}