{
	"credit": "Yuushya",
	"ambientocclusion": false,
	"textures": {
		"0": "yuushya:0extra_building_block/ventilator_black_gs",
		"1": "yuushya:0extra_building_block/concrete/blue_concrete_",
		"particle": "yuushya:0extra_building_block/ventilator_black_gs"
	},
	"elements": [
		{
			"from": [6, 4, -10],
			"to": [15, 9, -8],
			"rotation": {"angle": 0, "axis": "y", "origin": [10.5, 6.5, -10]},
			"faces": {
				"north": {"uv": [5, 6, 14, 11], "texture": "#0"},
				"east": {"uv": [0, 6, 2, 11], "texture": "#0"},
				"south": {"uv": [2, 6, 11, 11], "texture": "#0"},
				"west": {"uv": [14, 6, 16, 11], "texture": "#0"},
				"up": {"uv": [7, 5, 16, 7], "rotation": 180, "texture": "#0"},
				"down": {"uv": [5, 14, 14, 16], "rotation": 180, "texture": "#0"}
			}
		},
		{
			"from": [6, 4, -12],
			"to": [15, 9, -10],
			"rotation": {"angle": 0, "axis": "y", "origin": [10.5, 6.5, -10]},
			"faces": {
				"north": {"uv": [5, 6, 14, 11], "texture": "#1"},
				"east": {"uv": [2, 6, 4, 11], "texture": "#1"},
				"south": {"uv": [2, 6, 11, 11], "texture": "#1"},
				"west": {"uv": [12, 6, 14, 11], "texture": "#1"},
				"up": {"uv": [5, 2, 14, 4], "rotation": 180, "texture": "#1"},
				"down": {"uv": [5, 12, 14, 14], "rotation": 180, "texture": "#1"}
			}
		}
	],
	"display": {
		"thirdperson_righthand": {
			"rotation": [75, 45, 0],
			"translation": [0, 2.5, 0],
			"scale": [0.375, 0.375, 0.375]
		},
		"thirdperson_lefthand": {
			"rotation": [75, 45, 0],
			"translation": [0, 2.5, 0],
			"scale": [0.375, 0.375, 0.375]
		},
		"firstperson_righthand": {
			"rotation": [0, 45, 0],
			"scale": [0.4, 0.4, 0.4]
		},
		"firstperson_lefthand": {
			"rotation": [0, 225, 0],
			"scale": [0.4, 0.4, 0.4]
		},
		"ground": {
			"translation": [0, 3, 0],
			"scale": [0.25, 0.25, 0.25]
		},
		"gui": {
			"rotation": [-60, 0, 45],
			"translation": [-2, 3, 0],
			"scale": [0.8, 0.8, 0.8]
		},
		"fixed": {
			"scale": [0.5, 0.5, 0.5]
		}
	}
}