{
	"credit": "Yuushya",
	"textures": {
		"0": "yuushya:0extra_building_block/concrete/black_concrete_",
		"1": "yuushya:0extra_building_block/concrete/gray_concrete_",
		"2": "yuushya:block/white_stained_glass_top",
		"3": "yuushya:0extra_building_block/concrete/lime_concrete_",
		"4": "yuushya:0extra_building_block/concrete/red_concrete",
		"5": "yuushya:block/machine_grid",
		"particle": "yuushya:0extra_building_block/concrete/black_concrete_"
	},
	"elements": [
		{
			"from": [4.5, 0, 4.5],
			"to": [10.5, 4, 10.5],
			"faces": {
				"north": {"uv": [5, 12, 11, 16], "texture": "#5"},
				"east": {"uv": [5, 12, 11, 16], "texture": "#5"},
				"south": {"uv": [5, 12, 11, 16], "texture": "#5"},
				"west": {"uv": [5, 12, 11, 16], "texture": "#5"},
				"up": {"uv": [5, 4.5, 11, 10.5], "rotation": 90, "texture": "#5"},
				"down": {"uv": [5, 5.5, 11, 11.5], "rotation": 270, "texture": "#5"}
			}
		},
		{
			"from": [10, 5, 5],
			"to": [11, 14, 10],
			"faces": {
				"north": {"uv": [6, 4, 7, 12], "texture": "#2"},
				"east": {"uv": [5, 4, 10, 12], "texture": "#2"},
				"south": {"uv": [5, 4, 6, 12], "texture": "#2"},
				"west": {"uv": [5, 4, 10, 12], "texture": "#2"},
				"up": {"uv": [5, 6, 10, 7], "rotation": 90, "texture": "#2"},
				"down": {"uv": [6, 6, 11, 7], "rotation": 270, "texture": "#2"}
			}
		},
		{
			"from": [5, 5, 4],
			"to": [10, 14, 5],
			"faces": {
				"north": {"uv": [6, 4, 11, 12], "texture": "#2"},
				"east": {"uv": [5, 4, 6, 12], "texture": "#2"},
				"south": {"uv": [5, 4, 10, 12], "texture": "#2"},
				"west": {"uv": [5, 4, 6, 12], "texture": "#2"},
				"up": {"uv": [5, 6, 10, 7], "rotation": 180, "texture": "#2"},
				"down": {"uv": [6, 6, 11, 7], "rotation": 180, "texture": "#2"}
			}
		},
		{
			"from": [5, 5, 10],
			"to": [10, 14, 11],
			"faces": {
				"north": {"uv": [6, 4, 11, 12], "texture": "#2"},
				"east": {"uv": [5, 4, 6, 12], "texture": "#2"},
				"south": {"uv": [5, 4, 10, 12], "texture": "#2"},
				"west": {"uv": [5, 4, 6, 12], "texture": "#2"},
				"up": {"uv": [5, 6, 10, 7], "rotation": 180, "texture": "#2"},
				"down": {"uv": [6, 6, 11, 7], "rotation": 180, "texture": "#2"}
			}
		},
		{
			"from": [4, 5, 5],
			"to": [5, 14, 10],
			"faces": {
				"north": {"uv": [6, 4, 7, 12], "texture": "#2"},
				"east": {"uv": [5, 4, 10, 12], "texture": "#2"},
				"south": {"uv": [5, 4, 6, 12], "texture": "#2"},
				"west": {"uv": [5, 4, 10, 12], "texture": "#2"},
				"up": {"uv": [5, 6, 10, 7], "rotation": 90, "texture": "#2"},
				"down": {"uv": [6, 6, 11, 7], "rotation": 270, "texture": "#2"}
			}
		},
		{
			"from": [4, 5, 10],
			"to": [5, 14, 11],
			"faces": {
				"north": {"uv": [5, 3, 6, 11], "texture": "#2"},
				"east": {"uv": [6, 3, 7, 11], "texture": "#2"},
				"south": {"uv": [4, 3, 5, 11], "texture": "#2"},
				"west": {"uv": [7, 5, 8, 13], "texture": "#2"},
				"up": {"uv": [4, 5, 5, 6], "rotation": 90, "texture": "#2"},
				"down": {"uv": [4, 5, 5, 6], "rotation": 270, "texture": "#2"}
			}
		},
		{
			"from": [4, 5, 4],
			"to": [5, 14, 5],
			"faces": {
				"north": {"uv": [5, 3, 6, 11], "texture": "#2"},
				"east": {"uv": [6, 3, 7, 11], "texture": "#2"},
				"south": {"uv": [4, 3, 5, 11], "texture": "#2"},
				"west": {"uv": [7, 5, 8, 13], "texture": "#2"},
				"up": {"uv": [4, 5, 5, 6], "rotation": 90, "texture": "#2"},
				"down": {"uv": [4, 5, 5, 6], "rotation": 270, "texture": "#2"}
			}
		},
		{
			"from": [10, 5, 4],
			"to": [11, 14, 5],
			"faces": {
				"north": {"uv": [5, 3, 6, 11], "texture": "#2"},
				"east": {"uv": [6, 3, 7, 11], "texture": "#2"},
				"south": {"uv": [4, 3, 5, 11], "texture": "#2"},
				"west": {"uv": [7, 5, 8, 13], "texture": "#2"},
				"up": {"uv": [4, 5, 5, 6], "rotation": 90, "texture": "#2"},
				"down": {"uv": [4, 5, 5, 6], "rotation": 270, "texture": "#2"}
			}
		},
		{
			"from": [10, 5, 10],
			"to": [11, 14, 11],
			"faces": {
				"north": {"uv": [5, 3, 6, 11], "texture": "#2"},
				"east": {"uv": [6, 3, 7, 11], "texture": "#2"},
				"south": {"uv": [4, 3, 5, 11], "texture": "#2"},
				"west": {"uv": [7, 5, 8, 13], "texture": "#2"},
				"up": {"uv": [4, 5, 5, 6], "rotation": 90, "texture": "#2"},
				"down": {"uv": [4, 5, 5, 6], "rotation": 270, "texture": "#2"}
			}
		},
		{
			"from": [4, 14, 4],
			"to": [11, 15, 11],
			"faces": {
				"north": {"uv": [0, 0, 7, 1], "texture": "#0"},
				"east": {"uv": [0, 0, 7, 1], "texture": "#0"},
				"south": {"uv": [0, 0, 7, 1], "texture": "#0"},
				"west": {"uv": [0, 0, 7, 1], "texture": "#0"},
				"up": {"uv": [0, 0, 7, 7], "rotation": 90, "texture": "#0"},
				"down": {"uv": [0, 0, 7, 7], "rotation": 270, "texture": "#0"}
			}
		},
		{
			"from": [4, 4, 4],
			"to": [11, 5, 11],
			"faces": {
				"north": {"uv": [0, 0, 7, 1], "texture": "#0"},
				"east": {"uv": [0, 0, 7, 1], "texture": "#0"},
				"south": {"uv": [0, 0, 7, 1], "texture": "#0"},
				"west": {"uv": [0, 0, 7, 1], "texture": "#0"},
				"up": {"uv": [0, 0, 7, 7], "rotation": 90, "texture": "#0"},
				"down": {"uv": [0, 0, 7, 7], "rotation": 270, "texture": "#0"}
			}
		},
		{
			"from": [5, 15, 5],
			"to": [10, 15.2, 10],
			"faces": {
				"north": {"uv": [0, 0, 5, 0.2], "texture": "#1"},
				"east": {"uv": [0, 0, 5, 0.2], "texture": "#1"},
				"south": {"uv": [0, 0, 5, 0.2], "texture": "#1"},
				"west": {"uv": [0, 0, 5, 0.2], "texture": "#1"},
				"up": {"uv": [0, 0, 5, 5], "rotation": 90, "texture": "#1"},
				"down": {"uv": [0, 0, 5, 5], "rotation": 270, "texture": "#1"}
			}
		},
		{
			"from": [7, 6, 2],
			"to": [8, 13, 3],
			"faces": {
				"north": {"uv": [0, 0, 1, 7], "texture": "#0"},
				"east": {"uv": [0, 0, 1, 7], "texture": "#0"},
				"south": {"uv": [0, 0, 1, 7], "texture": "#0"},
				"west": {"uv": [0, 0, 1, 7], "texture": "#0"},
				"up": {"uv": [0, 0, 1, 1], "rotation": 90, "texture": "#0"},
				"down": {"uv": [0, 0, 1, 1], "rotation": 270, "texture": "#0"}
			}
		},
		{
			"from": [7, 6, 3],
			"to": [8, 7, 4],
			"faces": {
				"north": {"uv": [0, 0, 1, 1], "texture": "#0"},
				"east": {"uv": [0, 0, 1, 1], "texture": "#0"},
				"south": {"uv": [0, 0, 1, 1], "texture": "#0"},
				"west": {"uv": [0, 0, 1, 1], "texture": "#0"},
				"up": {"uv": [0, 0, 1, 1], "rotation": 90, "texture": "#0"},
				"down": {"uv": [0, 0, 1, 1], "rotation": 270, "texture": "#0"}
			}
		},
		{
			"from": [7, 12, 3],
			"to": [8, 13, 4],
			"faces": {
				"north": {"uv": [0, 0, 1, 1], "texture": "#0"},
				"east": {"uv": [0, 0, 1, 1], "texture": "#0"},
				"south": {"uv": [0, 0, 1, 1], "texture": "#0"},
				"west": {"uv": [0, 0, 1, 1], "texture": "#0"},
				"up": {"uv": [0, 0, 1, 1], "rotation": 90, "texture": "#0"},
				"down": {"uv": [0, 0, 1, 1], "rotation": 270, "texture": "#0"}
			}
		},
		{
			"from": [4, 2.5, 5.5],
			"to": [5, 3.5, 6.5],
			"faces": {
				"north": {"uv": [0, 0, 1, 1], "texture": "#3"},
				"east": {"uv": [0, 0, 1, 1], "texture": "#3"},
				"south": {"uv": [0, 0, 1, 1], "texture": "#3"},
				"west": {"uv": [0, 0, 1, 1], "texture": "#3"},
				"up": {"uv": [0, 0, 1, 1], "rotation": 90, "texture": "#3"},
				"down": {"uv": [0, 0, 1, 1], "rotation": 270, "texture": "#3"}
			}
		},
		{
			"from": [4, 0.5, 5.5],
			"to": [5, 1.5, 6.5],
			"faces": {
				"north": {"uv": [0, 0, 1, 1], "texture": "#4"},
				"east": {"uv": [0, 0, 1, 1], "texture": "#4"},
				"south": {"uv": [0, 0, 1, 1], "texture": "#4"},
				"west": {"uv": [0, 0, 1, 1], "texture": "#4"},
				"up": {"uv": [0, 0, 1, 1], "rotation": 90, "texture": "#4"},
				"down": {"uv": [0, 0, 1, 1], "rotation": 270, "texture": "#4"}
			}
		}
	],
	"display": {
		"thirdperson_righthand": {
			"rotation": [0, 180, 0],
			"translation": [-0.75, -3.75, -5.75]
		}
	}
}