{
	"credit": "Yuushya",
	"textures": {
		"0": "yuushya:block/book1",
		"1": "yuushya:block/book2",
		"2": "yuushya:block/book3",
		"3": "yuushya:block/book4",
		"particle": "yuushya:block/book1"
	},
	"elements": [
		{
			"from": [8, 0, 3],
			"to": [15, 3, 13],
			"rotation": {"angle": 0, "axis": "y", "origin": [-7, 0, 2]},
			"faces": {
				"north": {"uv": [4, 0, 7, 7], "rotation": 90, "texture": "#0"},
				"east": {"uv": [4, 5, 7, 15], "rotation": 90, "texture": "#0"},
				"south": {"uv": [4, 0, 7, 7], "rotation": 270, "texture": "#0"},
				"west": {"uv": [0, 0, 3, 10], "rotation": 90, "texture": "#0"},
				"up": {"uv": [16, 0, 9, 10], "rotation": 180, "texture": "#0"},
				"down": {"uv": [9, 0, 16, 10], "texture": "#0"}
			}
		},
		{
			"from": [4, 3, 2],
			"to": [14, 6, 9],
			"rotation": {"angle": -45, "axis": "y", "origin": [7, 8, 6]},
			"faces": {
				"north": {"uv": [4, 5, 7, 15], "rotation": 90, "texture": "#2"},
				"east": {"uv": [4, 0, 7, 7], "rotation": 270, "texture": "#2"},
				"south": {"uv": [0, 0, 3, 10], "rotation": 90, "texture": "#2"},
				"west": {"uv": [4, 0, 7, 7], "rotation": 90, "texture": "#2"},
				"up": {"uv": [16, 0, 9, 10], "rotation": 90, "texture": "#2"},
				"down": {"uv": [9, 0, 16, 10], "rotation": 90, "texture": "#2"}
			}
		},
		{
			"from": [1, 0, 2],
			"to": [8, 3, 12],
			"rotation": {"angle": 0, "axis": "y", "origin": [-7, 0, 2]},
			"faces": {
				"north": {"uv": [4, 0, 7, 7], "rotation": 90, "texture": "#1"},
				"east": {"uv": [4, 5, 7, 15], "rotation": 90, "texture": "#1"},
				"south": {"uv": [4, 0, 7, 7], "rotation": 270, "texture": "#1"},
				"west": {"uv": [0, 0, 3, 10], "rotation": 90, "texture": "#1"},
				"up": {"uv": [16, 0, 9, 10], "rotation": 180, "texture": "#1"},
				"down": {"uv": [9, 0, 16, 10], "texture": "#1"}
			}
		},
		{
			"from": [5, 6, 2],
			"to": [12, 9, 12],
			"rotation": {"angle": 0, "axis": "y", "origin": [-3, 6, 2]},
			"faces": {
				"north": {"uv": [4, 0, 7, 7], "rotation": 90, "texture": "#3"},
				"east": {"uv": [4, 5, 7, 15], "rotation": 90, "texture": "#3"},
				"south": {"uv": [4, 0, 7, 7], "rotation": 270, "texture": "#3"},
				"west": {"uv": [0, 0, 3, 10], "rotation": 90, "texture": "#3"},
				"up": {"uv": [16, 0, 9, 10], "rotation": 180, "texture": "#3"},
				"down": {"uv": [9, 0, 16, 10], "texture": "#3"}
			}
		}
	],
	"display": {
		"thirdperson_righthand": {
			"rotation": [75, 45, 0],
			"translation": [0, 2.5, 0],
			"scale": [0.375, 0.375, 0.375]
		},
		"thirdperson_lefthand": {
			"rotation": [75, 45, 0],
			"translation": [0, 2.5, 0],
			"scale": [0.375, 0.375, 0.375]
		},
		"firstperson_righthand": {
			"rotation": [0, 45, 0],
			"scale": [0.4, 0.4, 0.4]
		},
		"firstperson_lefthand": {
			"rotation": [0, 225, 0],
			"scale": [0.4, 0.4, 0.4]
		},
		"ground": {
			"translation": [0, 3, 0],
			"scale": [0.25, 0.25, 0.25]
		},
		"gui": {
			"rotation": [30, 225, 0],
			"translation": [-0.25, 1, 0],
			"scale": [0.8, 0.8, 0.8]
		},
		"fixed": {
			"scale": [0.5, 0.5, 0.5]
		}
	},
	"groups": [
		{
			"name": "sample_book",
			"origin": [8, 8, 8],
			"children": [0, 1, 2, 3]
		}
	]
}