{
	"credit": "Yuushya",
	"ambientocclusion": false,
	"textures": {
		"0": "yuushya:0extra_building_material/preview/bin",
		"particle": "yuushya:0extra_building_material/preview/bin",
		"2_0": "yuushya:0extra_building_material/preview/bottle"
	},
	"elements": [
		{
			"from": [1, 0, 1],
			"to": [15, 2, 13],
			"rotation": {"angle": 0, "axis": "y", "origin": [4, 8, 2]},
			"faces": {
				"north": {"uv": [0.5, 7.5, 14.5, 8.5], "texture": "#0"},
				"east": {"uv": [1, 7.5, 13, 8.5], "texture": "#0"},
				"south": {"uv": [0.5, 7.5, 14.5, 8.5], "texture": "#0"},
				"west": {"uv": [1, 7.5, 13, 8.5], "texture": "#0"},
				"up": {"uv": [1, 0.5, 13, 14.5], "rotation": 270, "texture": "#0"},
				"down": {"uv": [2, 1, 14, 15], "rotation": 90, "texture": "#0"}
			}
		},
		{
			"from": [0, 0, 13],
			"to": [4, 16, 14],
			"rotation": {"angle": 0, "axis": "y", "origin": [4, 8, 3]},
			"faces": {
				"north": {"uv": [13, 0, 14, 16], "texture": "#0"},
				"east": {"uv": [0.5, 0, 1.5, 16], "texture": "#0"},
				"south": {"uv": [12, 0, 16, 16], "texture": "#0"},
				"west": {"uv": [0, 0, 1, 16], "texture": "#0"},
				"up": {"uv": [5, 6, 6, 10], "rotation": 270, "texture": "#0"},
				"down": {"uv": [0, 6, 1, 10], "rotation": 90, "texture": "#0"}
			}
		},
		{
			"from": [0, 0, 0],
			"to": [4, 16, 1],
			"rotation": {"angle": 0, "axis": "y", "origin": [4, 8, -10]},
			"faces": {
				"north": {"uv": [0, 0, 4, 16], "texture": "#0"},
				"east": {"uv": [7, 0, 8, 16], "texture": "#0"},
				"south": {"uv": [13, 0, 14, 16], "texture": "#0"},
				"west": {"uv": [0, 0, 1, 16], "texture": "#0"},
				"up": {"uv": [8, 5, 9, 9], "rotation": 270, "texture": "#0"},
				"down": {"uv": [7, 6, 8, 10], "rotation": 90, "texture": "#0"}
			}
		},
		{
			"from": [12, 0, 13],
			"to": [16, 16, 14],
			"rotation": {"angle": 0, "axis": "y", "origin": [16, 8, 3]},
			"faces": {
				"north": {"uv": [13, 0, 14, 16], "texture": "#0"},
				"east": {"uv": [0, 0, 1, 16], "texture": "#0"},
				"south": {"uv": [0, 0, 4, 16], "texture": "#0"},
				"west": {"uv": [7, 0, 8, 16], "texture": "#0"},
				"up": {"uv": [0, 6, 1, 10], "rotation": 270, "texture": "#0"},
				"down": {"uv": [0, 0, 1, 4], "rotation": 90, "texture": "#0"}
			}
		},
		{
			"from": [12, 0, 0],
			"to": [16, 16, 1],
			"rotation": {"angle": 0, "axis": "y", "origin": [16, 8, -10]},
			"faces": {
				"north": {"uv": [12, 0, 16, 16], "texture": "#0"},
				"east": {"uv": [0, 0, 1, 16], "texture": "#0"},
				"south": {"uv": [13, 0, 14, 16], "texture": "#0"},
				"west": {"uv": [0.5, 0, 1.5, 16], "texture": "#0"},
				"up": {"uv": [7, 6, 8, 10], "rotation": 270, "texture": "#0"},
				"down": {"uv": [7, 0, 8, 4], "rotation": 90, "texture": "#0"}
			}
		},
		{
			"from": [4, 0, 13],
			"to": [12, 10, 14],
			"rotation": {"angle": 0, "axis": "y", "origin": [8, 9, 3]},
			"faces": {
				"north": {"uv": [2, 3, 10, 13], "texture": "#0"},
				"east": {"uv": [0.5, 3, 1.5, 13], "texture": "#0"},
				"south": {"uv": [3, 1, 11, 11], "texture": "#0"},
				"west": {"uv": [7, 3, 8, 13], "texture": "#0"},
				"up": {"uv": [0.5, 2, 1.5, 10], "rotation": 270, "texture": "#0"},
				"down": {"uv": [0, 2, 1, 10], "rotation": 90, "texture": "#0"}
			}
		},
		{
			"from": [4, 0, 0],
			"to": [12, 10, 1],
			"rotation": {"angle": 0, "axis": "y", "origin": [8, 9, -10]},
			"faces": {
				"north": {"uv": [4, 1, 12, 11], "texture": "#0"},
				"east": {"uv": [7, 3, 8, 13], "texture": "#0"},
				"south": {"uv": [2, 3, 10, 13], "texture": "#0"},
				"west": {"uv": [0.5, 3, 1.5, 13], "texture": "#0"},
				"up": {"uv": [7, 2, 8, 10], "rotation": 270, "texture": "#0"},
				"down": {"uv": [7, 2, 8, 10], "rotation": 90, "texture": "#0"}
			}
		},
		{
			"from": [4, 12, 13],
			"to": [12, 15, 14],
			"rotation": {"angle": 0, "axis": "y", "origin": [8, 16, 3]},
			"faces": {
				"north": {"uv": [3, 1, 11, 4], "texture": "#0"},
				"east": {"uv": [0.5, 0, 1.5, 3], "texture": "#0"},
				"south": {"uv": [5, 1, 13, 4], "texture": "#0"},
				"west": {"uv": [7, 0, 8, 3], "texture": "#0"},
				"up": {"uv": [1, 4, 2, 12], "rotation": 270, "texture": "#0"},
				"down": {"uv": [0.5, 2, 1.5, 10], "rotation": 90, "texture": "#0"}
			}
		},
		{
			"from": [4, 12, 0],
			"to": [12, 15, 1],
			"rotation": {"angle": 0, "axis": "y", "origin": [8, 16, -10]},
			"faces": {
				"north": {"uv": [4, 1, 12, 4], "texture": "#0"},
				"east": {"uv": [7, 0, 8, 3], "texture": "#0"},
				"south": {"uv": [4, 1, 12, 4], "texture": "#0"},
				"west": {"uv": [0.5, 0, 1.5, 3], "texture": "#0"},
				"up": {"uv": [7, 5, 8, 13], "rotation": 270, "texture": "#0"},
				"down": {"uv": [7, 2, 8, 10], "rotation": 90, "texture": "#0"}
			}
		},
		{
			"from": [0, 0, 1],
			"to": [1, 6, 13],
			"rotation": {"angle": 0, "axis": "y", "origin": [4, 8, 2]},
			"faces": {
				"north": {"uv": [7.5, 5, 8.5, 11], "texture": "#0"},
				"east": {"uv": [1, 5, 13, 11], "texture": "#0"},
				"south": {"uv": [0, 5, 1, 11], "texture": "#0"},
				"west": {"uv": [4, 3, 16, 9], "texture": "#0"},
				"up": {"uv": [1, 0, 13, 1], "rotation": 270, "texture": "#0"},
				"down": {"uv": [1, 7, 13, 8], "rotation": 90, "texture": "#0"}
			}
		},
		{
			"from": [15, 0, 1],
			"to": [16, 6, 13],
			"rotation": {"angle": 0, "axis": "y", "origin": [19, 8, 2]},
			"faces": {
				"north": {"uv": [0, 5, 1, 11], "texture": "#0"},
				"east": {"uv": [1, 3, 13, 9], "texture": "#0"},
				"south": {"uv": [7.5, 5, 8.5, 11], "texture": "#0"},
				"west": {"uv": [1, 5, 13, 11], "texture": "#0"},
				"up": {"uv": [1, 7.5, 13, 8.5], "rotation": 270, "texture": "#0"},
				"down": {"uv": [1, 0, 13, 1], "rotation": 90, "texture": "#0"}
			}
		},
		{
			"from": [0, 11, 1],
			"to": [1, 15, 13],
			"rotation": {"angle": 0, "axis": "y", "origin": [4, 17, 2]},
			"faces": {
				"north": {"uv": [7.5, 0, 8.5, 4], "texture": "#0"},
				"east": {"uv": [1, 0, 13, 4], "texture": "#0"},
				"south": {"uv": [0, 0, 1, 4], "texture": "#0"},
				"west": {"uv": [2, 1, 14, 5], "texture": "#0"},
				"up": {"uv": [2, 6, 14, 7], "rotation": 270, "texture": "#0"},
				"down": {"uv": [1, 7.5, 13, 8.5], "rotation": 90, "texture": "#0"}
			}
		},
		{
			"from": [15, 11, 1],
			"to": [16, 15, 13],
			"rotation": {"angle": 0, "axis": "y", "origin": [19, 17, 2]},
			"faces": {
				"north": {"uv": [0, 0, 1, 4], "texture": "#0"},
				"east": {"uv": [2, 1, 14, 5], "texture": "#0"},
				"south": {"uv": [7.5, 0, 8.5, 4], "texture": "#0"},
				"west": {"uv": [1, 0, 13, 4], "texture": "#0"},
				"up": {"uv": [1, 7, 13, 8], "rotation": 270, "texture": "#0"},
				"down": {"uv": [1, 0, 13, 1], "rotation": 90, "texture": "#0"}
			}
		},
		{
			"from": [0.5, 6, 1],
			"to": [1, 11, 13],
			"rotation": {"angle": 0, "axis": "y", "origin": [4, 14, 10]},
			"faces": {
				"north": {"uv": [7.5, 2, 8, 7], "texture": "#0"},
				"east": {"uv": [1, 2, 13, 7], "texture": "#0"},
				"south": {"uv": [0.25, 2, 0.75, 7], "texture": "#0"},
				"west": {"uv": [2, 2, 14, 7], "texture": "#0"},
				"up": {"uv": [1, 0.25, 13, 0.75], "rotation": 270, "texture": "#0"},
				"down": {"uv": [1, 7.5, 13, 8], "rotation": 90, "texture": "#0"}
			}
		},
		{
			"from": [15, 6, 1],
			"to": [15.5, 11, 13],
			"rotation": {"angle": 0, "axis": "y", "origin": [18.5, 14, 10]},
			"faces": {
				"north": {"uv": [0.25, 2, 0.75, 7], "texture": "#0"},
				"east": {"uv": [2, 2, 14, 7], "texture": "#0"},
				"south": {"uv": [7.5, 2, 8, 7], "texture": "#0"},
				"west": {"uv": [1, 2, 13, 7], "texture": "#0"},
				"up": {"uv": [1, 7.5, 13, 8], "rotation": 270, "texture": "#0"},
				"down": {"uv": [1, 0.25, 13, 0.75], "rotation": 90, "texture": "#0"}
			}
		},
		{
			"from": [6, 2, 1],
			"to": [10, 10, 5],
			"rotation": {"angle": 0, "axis": "y", "origin": [10, 10, -6]},
			"faces": {
				"north": {"uv": [0, 6, 4, 14], "texture": "#2_0"},
				"east": {"uv": [0, 6, 4, 14], "texture": "#2_0"},
				"south": {"uv": [0, 6, 4, 14], "texture": "#2_0"},
				"west": {"uv": [0, 6, 4, 14], "texture": "#2_0"},
				"up": {"uv": [0, 5, 1, 6], "rotation": 90, "texture": "#2_0"},
				"down": {"uv": [5, 10, 9, 14], "rotation": 90, "texture": "#2_0"}
			}
		},
		{
			"from": [6.5, 10, 1.5],
			"to": [9.5, 11, 4.5],
			"rotation": {"angle": 0, "axis": "y", "origin": [10.5, 18, -6.5]},
			"faces": {
				"north": {"uv": [0, 5, 1, 6], "rotation": 180, "texture": "#2_0"},
				"east": {"uv": [0, 5, 1, 6], "rotation": 180, "texture": "#2_0"},
				"south": {"uv": [0, 5, 1, 6], "rotation": 180, "texture": "#2_0"},
				"west": {"uv": [0, 5, 1, 6], "rotation": 180, "texture": "#2_0"},
				"up": {"uv": [0, 5, 1, 6], "rotation": 90, "texture": "#2_0"},
				"down": {"uv": [0, 5, 1, 6], "rotation": 270, "texture": "#2_0"}
			}
		},
		{
			"from": [7, 11, 2],
			"to": [9, 15, 4],
			"rotation": {"angle": 0, "axis": "y", "origin": [10, 21, -7]},
			"faces": {
				"north": {"uv": [0, 0, 2, 4], "texture": "#2_0"},
				"east": {"uv": [0, 0, 2, 4], "texture": "#2_0"},
				"south": {"uv": [0, 0, 2, 4], "texture": "#2_0"},
				"west": {"uv": [0, 0, 2, 4], "texture": "#2_0"},
				"up": {"uv": [0, 0, 2, 2], "rotation": 270, "texture": "#2_0"},
				"down": {"uv": [0, 0, 2, 2], "rotation": 90, "texture": "#2_0"}
			}
		},
		{
			"from": [11, 2, 1],
			"to": [15, 10, 5],
			"rotation": {"angle": 0, "axis": "y", "origin": [15, 10, -6]},
			"faces": {
				"north": {"uv": [5, 6, 9, 14], "texture": "#2_0"},
				"east": {"uv": [5, 6, 9, 14], "texture": "#2_0"},
				"south": {"uv": [5, 6, 9, 14], "texture": "#2_0"},
				"west": {"uv": [5, 6, 9, 14], "texture": "#2_0"},
				"up": {"uv": [5, 4, 6, 5], "rotation": 270, "texture": "#2_0"},
				"down": {"uv": [5, 10, 9, 14], "rotation": 90, "texture": "#2_0"}
			}
		},
		{
			"from": [1, 2, 1],
			"to": [5, 10, 5],
			"rotation": {"angle": 0, "axis": "y", "origin": [5, 10, -6]},
			"faces": {
				"north": {"uv": [5, 6, 9, 14], "texture": "#2_0"},
				"east": {"uv": [5, 6, 9, 14], "texture": "#2_0"},
				"south": {"uv": [5, 6, 9, 14], "texture": "#2_0"},
				"west": {"uv": [5, 6, 9, 14], "texture": "#2_0"},
				"up": {"uv": [5, 4, 6, 5], "rotation": 270, "texture": "#2_0"},
				"down": {"uv": [5, 10, 9, 14], "rotation": 90, "texture": "#2_0"}
			}
		},
		{
			"from": [11.5, 10, 1.5],
			"to": [14.5, 11, 4.5],
			"rotation": {"angle": 0, "axis": "y", "origin": [15.5, 18, -6.5]},
			"faces": {
				"north": {"uv": [5, 4, 6, 5], "texture": "#2_0"},
				"east": {"uv": [5, 4, 6, 5], "texture": "#2_0"},
				"south": {"uv": [5, 4, 6, 5], "texture": "#2_0"},
				"west": {"uv": [5, 4, 6, 5], "texture": "#2_0"},
				"up": {"uv": [5, 4, 6, 5], "rotation": 270, "texture": "#2_0"},
				"down": {"uv": [5, 4, 6, 5], "rotation": 90, "texture": "#2_0"}
			}
		},
		{
			"from": [1.5, 10, 1.5],
			"to": [4.5, 11, 4.5],
			"rotation": {"angle": 0, "axis": "y", "origin": [5.5, 18, -6.5]},
			"faces": {
				"north": {"uv": [5, 4, 6, 5], "texture": "#2_0"},
				"east": {"uv": [5, 4, 6, 5], "texture": "#2_0"},
				"south": {"uv": [5, 4, 6, 5], "texture": "#2_0"},
				"west": {"uv": [5, 4, 6, 5], "texture": "#2_0"},
				"up": {"uv": [5, 4, 6, 5], "rotation": 270, "texture": "#2_0"},
				"down": {"uv": [5, 4, 6, 5], "rotation": 90, "texture": "#2_0"}
			}
		},
		{
			"from": [12, 11, 2],
			"to": [14, 15, 4],
			"rotation": {"angle": 0, "axis": "y", "origin": [15, 21, -7]},
			"faces": {
				"north": {"uv": [5, 0, 7, 4], "texture": "#2_0"},
				"east": {"uv": [5, 0, 7, 4], "texture": "#2_0"},
				"south": {"uv": [5, 0, 7, 4], "texture": "#2_0"},
				"west": {"uv": [5, 0, 7, 4], "texture": "#2_0"},
				"up": {"uv": [5, 0, 7, 2], "rotation": 270, "texture": "#2_0"},
				"down": {"uv": [5, 0, 7, 2], "rotation": 90, "texture": "#2_0"}
			}
		},
		{
			"from": [2, 11, 2],
			"to": [4, 15, 4],
			"rotation": {"angle": 0, "axis": "y", "origin": [5, 21, -7]},
			"faces": {
				"north": {"uv": [5, 0, 7, 4], "texture": "#2_0"},
				"east": {"uv": [5, 0, 7, 4], "texture": "#2_0"},
				"south": {"uv": [5, 0, 7, 4], "texture": "#2_0"},
				"west": {"uv": [5, 0, 7, 4], "texture": "#2_0"},
				"up": {"uv": [5, 0, 7, 2], "rotation": 270, "texture": "#2_0"},
				"down": {"uv": [5, 0, 7, 2], "rotation": 90, "texture": "#2_0"}
			}
		},
		{
			"from": [6, 2, 5],
			"to": [10, 10, 9],
			"rotation": {"angle": 0, "axis": "y", "origin": [4, 9.83333, 4]},
			"faces": {
				"north": {"uv": [0, 6, 4, 14], "texture": "#2_0"},
				"east": {"uv": [0, 6, 4, 14], "texture": "#2_0"},
				"south": {"uv": [0, 6, 4, 14], "texture": "#2_0"},
				"west": {"uv": [0, 6, 4, 14], "texture": "#2_0"},
				"up": {"uv": [0, 5, 1, 6], "rotation": 90, "texture": "#2_0"},
				"down": {"uv": [5, 10, 9, 14], "rotation": 270, "texture": "#2_0"}
			}
		},
		{
			"from": [6.5, 10, 5.5],
			"to": [9.5, 11, 8.5],
			"rotation": {"angle": 0, "axis": "y", "origin": [4, 9.83333, 4]},
			"faces": {
				"north": {"uv": [0, 5, 1, 6], "rotation": 180, "texture": "#2_0"},
				"east": {"uv": [0, 5, 1, 6], "rotation": 180, "texture": "#2_0"},
				"south": {"uv": [0, 5, 1, 6], "rotation": 180, "texture": "#2_0"},
				"west": {"uv": [0, 5, 1, 6], "rotation": 180, "texture": "#2_0"},
				"up": {"uv": [0, 5, 1, 6], "rotation": 90, "texture": "#2_0"},
				"down": {"uv": [0, 5, 1, 6], "rotation": 270, "texture": "#2_0"}
			}
		},
		{
			"from": [7, 11, 6],
			"to": [9, 15, 8],
			"rotation": {"angle": 0, "axis": "y", "origin": [4, 9.83333, 4]},
			"faces": {
				"north": {"uv": [0, 0, 2, 4], "texture": "#2_0"},
				"east": {"uv": [0, 0, 2, 4], "texture": "#2_0"},
				"south": {"uv": [0, 0, 2, 4], "texture": "#2_0"},
				"west": {"uv": [0, 0, 2, 4], "texture": "#2_0"},
				"up": {"uv": [0, 0, 2, 2], "rotation": 90, "texture": "#2_0"},
				"down": {"uv": [0, 0, 2, 2], "rotation": 270, "texture": "#2_0"}
			}
		},
		{
			"from": [1, 2, 5],
			"to": [5, 10, 9],
			"rotation": {"angle": 0, "axis": "y", "origin": [4, 9.83333, 4]},
			"faces": {
				"north": {"uv": [5, 6, 9, 14], "texture": "#2_0"},
				"east": {"uv": [5, 6, 9, 14], "texture": "#2_0"},
				"south": {"uv": [5, 6, 9, 14], "texture": "#2_0"},
				"west": {"uv": [5, 6, 9, 14], "texture": "#2_0"},
				"up": {"uv": [5, 4, 6, 5], "rotation": 90, "texture": "#2_0"},
				"down": {"uv": [5, 10, 9, 14], "rotation": 270, "texture": "#2_0"}
			}
		},
		{
			"from": [11, 2, 5],
			"to": [15, 10, 9],
			"rotation": {"angle": 0, "axis": "y", "origin": [4, 9.83333, 4]},
			"faces": {
				"north": {"uv": [5, 6, 9, 14], "texture": "#2_0"},
				"east": {"uv": [5, 6, 9, 14], "texture": "#2_0"},
				"south": {"uv": [5, 6, 9, 14], "texture": "#2_0"},
				"west": {"uv": [5, 6, 9, 14], "texture": "#2_0"},
				"up": {"uv": [5, 4, 6, 5], "rotation": 90, "texture": "#2_0"},
				"down": {"uv": [5, 10, 9, 14], "rotation": 270, "texture": "#2_0"}
			}
		},
		{
			"from": [1.5, 10, 5.5],
			"to": [4.5, 11, 8.5],
			"rotation": {"angle": 0, "axis": "y", "origin": [4, 9.83333, 4]},
			"faces": {
				"north": {"uv": [5, 4, 6, 5], "texture": "#2_0"},
				"east": {"uv": [5, 4, 6, 5], "texture": "#2_0"},
				"south": {"uv": [5, 4, 6, 5], "texture": "#2_0"},
				"west": {"uv": [5, 4, 6, 5], "texture": "#2_0"},
				"up": {"uv": [5, 4, 6, 5], "rotation": 90, "texture": "#2_0"},
				"down": {"uv": [5, 4, 6, 5], "rotation": 270, "texture": "#2_0"}
			}
		},
		{
			"from": [11.5, 10, 5.5],
			"to": [14.5, 11, 8.5],
			"rotation": {"angle": 0, "axis": "y", "origin": [4, 9.83333, 4]},
			"faces": {
				"north": {"uv": [5, 4, 6, 5], "texture": "#2_0"},
				"east": {"uv": [5, 4, 6, 5], "texture": "#2_0"},
				"south": {"uv": [5, 4, 6, 5], "texture": "#2_0"},
				"west": {"uv": [5, 4, 6, 5], "texture": "#2_0"},
				"up": {"uv": [5, 4, 6, 5], "rotation": 90, "texture": "#2_0"},
				"down": {"uv": [5, 4, 6, 5], "rotation": 270, "texture": "#2_0"}
			}
		},
		{
			"from": [2, 11, 6],
			"to": [4, 15, 8],
			"rotation": {"angle": 0, "axis": "y", "origin": [4, 9.83333, 4]},
			"faces": {
				"north": {"uv": [5, 0, 7, 4], "texture": "#2_0"},
				"east": {"uv": [5, 0, 7, 4], "texture": "#2_0"},
				"south": {"uv": [5, 0, 7, 4], "texture": "#2_0"},
				"west": {"uv": [5, 0, 7, 4], "texture": "#2_0"},
				"up": {"uv": [5, 0, 7, 2], "rotation": 90, "texture": "#2_0"},
				"down": {"uv": [5, 0, 7, 2], "rotation": 270, "texture": "#2_0"}
			}
		},
		{
			"from": [12, 11, 6],
			"to": [14, 15, 8],
			"rotation": {"angle": 0, "axis": "y", "origin": [4, 9.83333, 4]},
			"faces": {
				"north": {"uv": [5, 0, 7, 4], "texture": "#2_0"},
				"east": {"uv": [5, 0, 7, 4], "texture": "#2_0"},
				"south": {"uv": [5, 0, 7, 4], "texture": "#2_0"},
				"west": {"uv": [5, 0, 7, 4], "texture": "#2_0"},
				"up": {"uv": [5, 0, 7, 2], "rotation": 90, "texture": "#2_0"},
				"down": {"uv": [5, 0, 7, 2], "rotation": 270, "texture": "#2_0"}
			}
		},
		{
			"from": [6, 2, 9],
			"to": [10, 10, 13],
			"rotation": {"angle": 0, "axis": "y", "origin": [4, 9.83333, 8]},
			"faces": {
				"north": {"uv": [0, 6, 4, 14], "texture": "#2_0"},
				"east": {"uv": [0, 6, 4, 14], "texture": "#2_0"},
				"south": {"uv": [0, 6, 4, 14], "texture": "#2_0"},
				"west": {"uv": [0, 6, 4, 14], "texture": "#2_0"},
				"up": {"uv": [0, 5, 1, 6], "rotation": 90, "texture": "#2_0"},
				"down": {"uv": [5, 10, 9, 14], "rotation": 90, "texture": "#2_0"}
			}
		},
		{
			"from": [6.5, 10, 9.5],
			"to": [9.5, 11, 12.5],
			"rotation": {"angle": 0, "axis": "y", "origin": [4, 9.83333, 8]},
			"faces": {
				"north": {"uv": [0, 5, 1, 6], "rotation": 180, "texture": "#2_0"},
				"east": {"uv": [0, 5, 1, 6], "rotation": 180, "texture": "#2_0"},
				"south": {"uv": [0, 5, 1, 6], "rotation": 180, "texture": "#2_0"},
				"west": {"uv": [0, 5, 1, 6], "rotation": 180, "texture": "#2_0"},
				"up": {"uv": [0, 5, 1, 6], "rotation": 90, "texture": "#2_0"},
				"down": {"uv": [0, 5, 1, 6], "rotation": 270, "texture": "#2_0"}
			}
		},
		{
			"from": [7, 11, 10],
			"to": [9, 15, 12],
			"rotation": {"angle": 0, "axis": "y", "origin": [4, 9.83333, 8]},
			"faces": {
				"north": {"uv": [0, 0, 2, 4], "texture": "#2_0"},
				"east": {"uv": [0, 0, 2, 4], "texture": "#2_0"},
				"south": {"uv": [0, 0, 2, 4], "texture": "#2_0"},
				"west": {"uv": [0, 0, 2, 4], "texture": "#2_0"},
				"up": {"uv": [0, 0, 2, 2], "rotation": 270, "texture": "#2_0"},
				"down": {"uv": [0, 0, 2, 2], "rotation": 90, "texture": "#2_0"}
			}
		},
		{
			"from": [11, 2, 9],
			"to": [15, 10, 13],
			"rotation": {"angle": 0, "axis": "y", "origin": [4, 9.83333, 8]},
			"faces": {
				"north": {"uv": [5, 6, 9, 14], "texture": "#2_0"},
				"east": {"uv": [5, 6, 9, 14], "texture": "#2_0"},
				"south": {"uv": [5, 6, 9, 14], "texture": "#2_0"},
				"west": {"uv": [5, 6, 9, 14], "texture": "#2_0"},
				"up": {"uv": [5, 4, 6, 5], "rotation": 270, "texture": "#2_0"},
				"down": {"uv": [5, 10, 9, 14], "rotation": 90, "texture": "#2_0"}
			}
		},
		{
			"from": [1, 2, 9],
			"to": [5, 10, 13],
			"rotation": {"angle": 0, "axis": "y", "origin": [4, 9.83333, 8]},
			"faces": {
				"north": {"uv": [5, 6, 9, 14], "texture": "#2_0"},
				"east": {"uv": [5, 6, 9, 14], "texture": "#2_0"},
				"south": {"uv": [5, 6, 9, 14], "texture": "#2_0"},
				"west": {"uv": [5, 6, 9, 14], "texture": "#2_0"},
				"up": {"uv": [5, 4, 6, 5], "rotation": 270, "texture": "#2_0"},
				"down": {"uv": [5, 10, 9, 14], "rotation": 90, "texture": "#2_0"}
			}
		},
		{
			"from": [11.5, 10, 9.5],
			"to": [14.5, 11, 12.5],
			"rotation": {"angle": 0, "axis": "y", "origin": [4, 9.83333, 8]},
			"faces": {
				"north": {"uv": [5, 4, 6, 5], "texture": "#2_0"},
				"east": {"uv": [5, 4, 6, 5], "texture": "#2_0"},
				"south": {"uv": [5, 4, 6, 5], "texture": "#2_0"},
				"west": {"uv": [5, 4, 6, 5], "texture": "#2_0"},
				"up": {"uv": [5, 4, 6, 5], "rotation": 270, "texture": "#2_0"},
				"down": {"uv": [5, 4, 6, 5], "rotation": 90, "texture": "#2_0"}
			}
		},
		{
			"from": [1.5, 10, 9.5],
			"to": [4.5, 11, 12.5],
			"rotation": {"angle": 0, "axis": "y", "origin": [4, 9.83333, 8]},
			"faces": {
				"north": {"uv": [5, 4, 6, 5], "texture": "#2_0"},
				"east": {"uv": [5, 4, 6, 5], "texture": "#2_0"},
				"south": {"uv": [5, 4, 6, 5], "texture": "#2_0"},
				"west": {"uv": [5, 4, 6, 5], "texture": "#2_0"},
				"up": {"uv": [5, 4, 6, 5], "rotation": 270, "texture": "#2_0"},
				"down": {"uv": [5, 4, 6, 5], "rotation": 90, "texture": "#2_0"}
			}
		},
		{
			"from": [12, 11, 10],
			"to": [14, 15, 12],
			"rotation": {"angle": 0, "axis": "y", "origin": [4, 9.83333, 8]},
			"faces": {
				"north": {"uv": [5, 0, 7, 4], "texture": "#2_0"},
				"east": {"uv": [5, 0, 7, 4], "texture": "#2_0"},
				"south": {"uv": [5, 0, 7, 4], "texture": "#2_0"},
				"west": {"uv": [5, 0, 7, 4], "texture": "#2_0"},
				"up": {"uv": [5, 0, 7, 2], "rotation": 270, "texture": "#2_0"},
				"down": {"uv": [5, 0, 7, 2], "rotation": 90, "texture": "#2_0"}
			}
		},
		{
			"from": [2, 11, 10],
			"to": [4, 15, 12],
			"rotation": {"angle": 0, "axis": "y", "origin": [4, 9.83333, 8]},
			"faces": {
				"north": {"uv": [5, 0, 7, 4], "texture": "#2_0"},
				"east": {"uv": [5, 0, 7, 4], "texture": "#2_0"},
				"south": {"uv": [5, 0, 7, 4], "texture": "#2_0"},
				"west": {"uv": [5, 0, 7, 4], "texture": "#2_0"},
				"up": {"uv": [5, 0, 7, 2], "rotation": 270, "texture": "#2_0"},
				"down": {"uv": [5, 0, 7, 2], "rotation": 90, "texture": "#2_0"}
			}
		},
		{
			"from": [0, 15, 11],
			"to": [1, 16, 13],
			"rotation": {"angle": 0, "axis": "y", "origin": [4, 23, 2]},
			"faces": {
				"north": {"uv": [0, 0, 1, 1], "texture": "#0"},
				"east": {"uv": [0, 0, 2, 1], "texture": "#0"},
				"south": {"uv": [0, 0, 1, 1], "texture": "#0"},
				"west": {"uv": [0, 0, 2, 1], "texture": "#0"},
				"up": {"uv": [4, 6, 6, 7], "rotation": 270, "texture": "#0"},
				"down": {"uv": [0, 0, 2, 1], "rotation": 90, "texture": "#0"}
			}
		},
		{
			"from": [15, 15, 11],
			"to": [16, 16, 13],
			"rotation": {"angle": 0, "axis": "y", "origin": [19, 23, 2]},
			"faces": {
				"north": {"uv": [0, 0, 1, 1], "texture": "#0"},
				"east": {"uv": [0, 0, 2, 1], "texture": "#0"},
				"south": {"uv": [0, 0, 1, 1], "texture": "#0"},
				"west": {"uv": [0, 0, 2, 1], "texture": "#0"},
				"up": {"uv": [0, 5, 2, 6], "rotation": 270, "texture": "#0"},
				"down": {"uv": [0, 0, 2, 1], "rotation": 90, "texture": "#0"}
			}
		},
		{
			"from": [0, 15, 1],
			"to": [1, 16, 3],
			"rotation": {"angle": 0, "axis": "y", "origin": [4, 23, -8]},
			"faces": {
				"north": {"uv": [0, 0, 1, 1], "texture": "#0"},
				"east": {"uv": [0, 0, 2, 1], "texture": "#0"},
				"south": {"uv": [0, 0, 1, 1], "texture": "#0"},
				"west": {"uv": [0, 0, 2, 1], "texture": "#0"},
				"up": {"uv": [0, 5, 2, 6], "rotation": 270, "texture": "#0"},
				"down": {"uv": [0, 0, 2, 1], "rotation": 90, "texture": "#0"}
			}
		},
		{
			"from": [15, 15, 1],
			"to": [16, 16, 3],
			"rotation": {"angle": 0, "axis": "y", "origin": [19, 23, -8]},
			"faces": {
				"north": {"uv": [0, 0, 1, 1], "texture": "#0"},
				"east": {"uv": [0, 0, 2, 1], "texture": "#0"},
				"south": {"uv": [0, 0, 1, 1], "texture": "#0"},
				"west": {"uv": [0, 0, 2, 1], "texture": "#0"},
				"up": {"uv": [0, 4, 2, 5], "rotation": 270, "texture": "#0"},
				"down": {"uv": [0, 0, 2, 1], "rotation": 90, "texture": "#0"}
			}
		}
	],
	"gui_light": "front",
	"display": {
		"thirdperson_righthand": {
			"rotation": [75, 45, 0],
			"translation": [0, 2.5, 0],
			"scale": [0.375, 0.375, 0.375]
		},
		"thirdperson_lefthand": {
			"rotation": [75, 45, 0],
			"translation": [0, 2.5, 0],
			"scale": [0.375, 0.375, 0.375]
		},
		"firstperson_righthand": {
			"rotation": [0, 45, 0],
			"scale": [0.4, 0.4, 0.4]
		},
		"firstperson_lefthand": {
			"rotation": [0, 225, 0],
			"scale": [0.4, 0.4, 0.4]
		},
		"ground": {
			"translation": [0, 3, 0],
			"scale": [0.25, 0.25, 0.25]
		},
		"gui": {
			"rotation": [30, -45, 0],
			"scale": [0.6, 0.6, 0.6]
		},
		"head": {
			"rotation": [0, 180, 0],
			"translation": [0, 13, 0.25]
		},
		"fixed": {
			"rotation": [-90, -90, 0],
			"translation": [0, 0, -14],
			"scale": [2, 2, 2]
		}
	}
}