{
	"credit": "Made with Blockbench",
	"textures": {
		"1": "yuushya:0extra_building_material/preview/napkin_red",
		"3": "yuushya:0extra_building_material/preview/bread",
		"4": "yuushya:0extra_building_material/preview/fried_egg",
		"5": "yuushya:block_/reinforced_concrete",
		"particle": "yuushya:block/black_wool"
	},
	"elements": [
		{
			"from": [4.5, 0.01, -1],
			"to": [16.5, 1.01, 10],
			"rotation": {"angle": -22.5, "axis": "y", "origin": [0, 0, 0]},
			"faces": {
				"north": {"uv": [2, 0, 14, 1], "texture": "#1"},
				"east": {"uv": [2, 1, 13, 2], "texture": "#1"},
				"south": {"uv": [2, 2, 14, 3], "texture": "#1"},
				"west": {"uv": [3, 1, 14, 2], "texture": "#1"},
				"up": {"uv": [2, 3, 14, 14], "texture": "#1"},
				"down": {"uv": [2, 3, 14, 14], "texture": "#1"}
			}
		},
		{
			"from": [4, 1, 4],
			"to": [12, 3, 12],
			"faces": {
				"north": {"uv": [8, 0, 16, 2], "texture": "#3"},
				"east": {"uv": [8, 2, 16, 4], "texture": "#3"},
				"south": {"uv": [8, 4, 16, 6], "texture": "#3"},
				"west": {"uv": [8, 6, 16, 8], "texture": "#3"},
				"up": {"uv": [8, 8, 0, 0], "texture": "#3"},
				"down": {"uv": [8, 8, 0, 16], "texture": "#3"}
			}
		},
		{
			"from": [6.9, 3.3, 7],
			"to": [8.9, 3.8, 9],
			"rotation": {"angle": -22.5, "axis": "y", "origin": [8, 3.55, 8]},
			"faces": {
				"north": {"uv": [8, 4, 10, 5], "texture": "#4"},
				"east": {"uv": [8, 5, 10, 6], "texture": "#4"},
				"south": {"uv": [8, 6, 10, 7], "texture": "#4"},
				"west": {"uv": [8, 7, 10, 8], "texture": "#4"},
				"up": {"uv": [10, 2, 8, 0], "texture": "#4"},
				"down": {"uv": [10, 2, 8, 4], "texture": "#4"}
			}
		},
		{
			"from": [6.3, 3.01, 0.3],
			"to": [14.3, 3.01, 8.3],
			"rotation": {"angle": -22.5, "axis": "y", "origin": [0, 0, 0]},
			"faces": {
				"north": {"uv": [0, 0, 8, 0], "texture": "#4"},
				"east": {"uv": [0, 0, 8, 0], "texture": "#4"},
				"south": {"uv": [0, 0, 8, 0], "texture": "#4"},
				"west": {"uv": [0, 0, 8, 0], "texture": "#4"},
				"up": {"uv": [8, 8, 0, 0], "texture": "#4"},
				"down": {"uv": [8, 0, 0, 8], "texture": "#4"}
			}
		},
		{
			"from": [6.3, 3.11, 0.3],
			"to": [14.3, 3.11, 8.3],
			"rotation": {"angle": -22.5, "axis": "y", "origin": [0, 0.1, 0]},
			"faces": {
				"north": {"uv": [0, 0, 8, 0], "texture": "#4"},
				"east": {"uv": [0, 0, 8, 0], "texture": "#4"},
				"south": {"uv": [0, 0, 8, 0], "texture": "#4"},
				"west": {"uv": [0, 0, 8, 0], "texture": "#4"},
				"up": {"uv": [8, 8, 0, 0], "texture": "#4"},
				"down": {"uv": [8, 0, 0, 8], "texture": "#4"}
			}
		},
		{
			"from": [6.3, 3.21, 0.3],
			"to": [14.3, 3.21, 8.3],
			"rotation": {"angle": -22.5, "axis": "y", "origin": [0, 0.2, 0]},
			"faces": {
				"north": {"uv": [0, 0, 8, 0], "texture": "#4"},
				"east": {"uv": [0, 0, 8, 0], "texture": "#4"},
				"south": {"uv": [0, 0, 8, 0], "texture": "#4"},
				"west": {"uv": [0, 0, 8, 0], "texture": "#4"},
				"up": {"uv": [8, 8, 0, 0], "texture": "#4"},
				"down": {"uv": [8, 0, 0, 8], "texture": "#4"}
			}
		},
		{
			"from": [6.3, 3.31, 0.3],
			"to": [14.3, 3.31, 8.3],
			"rotation": {"angle": -22.5, "axis": "y", "origin": [0, 0.3, 0]},
			"faces": {
				"north": {"uv": [0, 0, 8, 0], "texture": "#4"},
				"east": {"uv": [0, 0, 8, 0], "texture": "#4"},
				"south": {"uv": [0, 0, 8, 0], "texture": "#4"},
				"west": {"uv": [0, 0, 8, 0], "texture": "#4"},
				"up": {"uv": [8, 8, 0, 0], "texture": "#4"},
				"down": {"uv": [8, 0, 0, 8], "texture": "#4"}
			}
		},
		{
			"from": [6.3, 3.41, 0.3],
			"to": [14.3, 3.41, 8.3],
			"rotation": {"angle": -22.5, "axis": "y", "origin": [0, 0.4, 0]},
			"faces": {
				"north": {"uv": [0, 0, 8, 0], "texture": "#4"},
				"east": {"uv": [0, 0, 8, 0], "texture": "#4"},
				"south": {"uv": [0, 0, 8, 0], "texture": "#4"},
				"west": {"uv": [0, 0, 8, 0], "texture": "#4"},
				"up": {"uv": [8, 8, 0, 0], "texture": "#4"},
				"down": {"uv": [8, 0, 0, 8], "texture": "#4"}
			}
		},
		{
			"from": [12.8552, 1, 4.5984],
			"to": [15.0224, 1.7224, 5.3208],
			"rotation": {"angle": -22.5, "axis": "x", "origin": [7.9328, 1.4306, 4.3104]},
			"faces": {
				"north": {"uv": [0, 0, 3, 1], "texture": "#5"},
				"east": {"uv": [0, 0, 1, 1], "texture": "#5"},
				"south": {"uv": [0, 0, 3, 1], "texture": "#5"},
				"west": {"uv": [0, 0, 1, 1], "texture": "#5"},
				"up": {"uv": [0, 0, 1, 3], "rotation": 90, "texture": "#5"},
				"down": {"uv": [0, 0, 1, 3], "rotation": 270, "texture": "#5"}
			}
		},
		{
			"from": [14.5224, 1, 5.3208],
			"to": [15.0224, 1.7224, 6.7656],
			"rotation": {"angle": -22.5, "axis": "x", "origin": [7.9328, 1.4306, 4.3104]},
			"faces": {
				"north": {"uv": [2, 1, 3, 2], "texture": "#5"},
				"east": {"uv": [2, 2, 4, 3], "texture": "#5"},
				"south": {"uv": [3, 1, 4, 2], "texture": "#5"},
				"west": {"uv": [2, 2, 4, 3], "texture": "#5"},
				"up": {"uv": [2, 2, 4, 3], "rotation": 90, "texture": "#5"},
				"down": {"uv": [2, 2, 4, 3], "rotation": 270, "texture": "#5"}
			}
		},
		{
			"from": [13.7432, 1, 5.3208],
			"to": [14.2432, 1.7224, 6.7656],
			"rotation": {"angle": -22.5, "axis": "x", "origin": [7.9328, 1.4306, 4.3104]},
			"faces": {
				"north": {"uv": [2, 0, 3, 1], "texture": "#5"},
				"east": {"uv": [2, 1, 4, 2], "texture": "#5"},
				"south": {"uv": [2, 0, 3, 1], "texture": "#5"},
				"west": {"uv": [2, 1, 4, 2], "texture": "#5"},
				"up": {"uv": [2, 1, 4, 2], "rotation": 90, "texture": "#5"},
				"down": {"uv": [2, 1, 4, 2], "rotation": 270, "texture": "#5"}
			}
		},
		{
			"from": [12.8432, 1, 5.3208],
			"to": [13.3432, 1.7224, 6.7656],
			"rotation": {"angle": -22.5, "axis": "x", "origin": [7.9328, 1.4306, 4.3104]},
			"faces": {
				"north": {"uv": [2, 1, 3, 2], "texture": "#5"},
				"east": {"uv": [2, 1, 4, 2], "texture": "#5"},
				"south": {"uv": [2, 1, 3, 2], "texture": "#5"},
				"west": {"uv": [2, 1, 4, 2], "texture": "#5"},
				"up": {"uv": [2, 1, 4, 2], "rotation": 270, "texture": "#5"},
				"down": {"uv": [2, 1, 4, 2], "rotation": 270, "texture": "#5"}
			}
		},
		{
			"from": [13.4432, 1, 0.5776],
			"to": [14.4432, 2, 4.5776],
			"rotation": {"angle": -22.5, "axis": "x", "origin": [7.9328, 1.4306, 4.3104]},
			"faces": {
				"north": {"uv": [0, 0, 1, 1], "texture": "#5"},
				"east": {"uv": [0, 0, 4, 1], "texture": "#5"},
				"south": {"uv": [0, 0, 1, 1], "texture": "#5"},
				"west": {"uv": [0, 0, 4, 1], "texture": "#5"},
				"up": {"uv": [0, 0, 4, 1], "rotation": 90, "texture": "#5"},
				"down": {"uv": [0, 0, 4, 1], "rotation": 270, "texture": "#5"}
			}
		}
	],
	"display": {
		"thirdperson_righthand": {
			"rotation": [75, 45, 0],
			"translation": [0, 2.5, 0],
			"scale": [0.375, 0.375, 0.375]
		},
		"thirdperson_lefthand": {
			"rotation": [75, 45, 0],
			"translation": [0, 2.5, 0],
			"scale": [0.375, 0.375, 0.375]
		},
		"firstperson_righthand": {
			"rotation": [0, 45, 0],
			"scale": [0.4, 0.4, 0.4]
		},
		"firstperson_lefthand": {
			"rotation": [0, 225, 0],
			"scale": [0.4, 0.4, 0.4]
		},
		"ground": {
			"translation": [0, 3, 0],
			"scale": [0.25, 0.25, 0.25]
		},
		"gui": {
			"rotation": [30, 225, 0],
			"scale": [0.8, 0.8, 0.8]
		},
		"fixed": {
			"scale": [0.5, 0.5, 0.5]
		}
	}
}