{
	"credit": "Yuushya",
	"textures": {
		"0": "yuushya:block/stone_bricks",
		"1": "yuushya:block/smooth_stone",
		"particle": "yuushya:block/stone_bricks"
	},
	"elements": [
		{
			"from": [0, 0, 6],
			"to": [16, 8, 16],
			"rotation": {"angle": 0, "axis": "y", "origin": [0, -8, 0]},
			"faces": {
				"north": {"uv": [0, 0, 16, 8], "texture": "#0"},
				"east": {"uv": [3, 0, 13, 8], "texture": "#0"},
				"south": {"uv": [0, 0, 16, 8], "texture": "#0"},
				"west": {"uv": [3, 0, 13, 8], "texture": "#0"},
				"up": {"uv": [0, 6, 16, 16], "texture": "#1"},
				"down": {"uv": [0, 0, 16, 10], "texture": "#1"}
			}
		},
		{
			"from": [0, 14, 6],
			"to": [16, 16, 16],
			"rotation": {"angle": 0, "axis": "y", "origin": [0, 8, 0]},
			"faces": {
				"north": {"uv": [0, 8, 16, 10], "texture": "#0"},
				"east": {"uv": [3, 8, 13, 10], "texture": "#0"},
				"south": {"uv": [0, 8, 16, 10], "texture": "#0"},
				"west": {"uv": [3, 8, 13, 10], "texture": "#0"},
				"up": {"uv": [0, 6, 16, 16], "texture": "#1"},
				"down": {"uv": [0, 0, 16, 10], "texture": "#1"}
			}
		},
		{
			"from": [0, 8, 6],
			"to": [16, 11, 16],
			"rotation": {"angle": 0, "axis": "y", "origin": [0, 8, 0]},
			"faces": {
				"north": {"uv": [0, 13, 16, 16], "texture": "#0"},
				"east": {"uv": [3, 13, 13, 16], "texture": "#0"},
				"south": {"uv": [0, 13, 16, 16], "texture": "#0"},
				"west": {"uv": [3, 13, 13, 16], "texture": "#0"},
				"up": {"uv": [0, 6, 16, 16], "texture": "#1"},
				"down": {"uv": [0, 0, 16, 10], "texture": "#1"}
			}
		},
		{
			"from": [0, 11, 6],
			"to": [2, 14, 16],
			"rotation": {"angle": 0, "axis": "y", "origin": [0, 8, 0]},
			"faces": {
				"north": {"uv": [14, 10, 16, 13], "texture": "#0"},
				"east": {"uv": [3, 10, 13, 13], "texture": "#0"},
				"south": {"uv": [0, 10, 2, 13], "texture": "#0"},
				"west": {"uv": [3, 10, 13, 13], "texture": "#0"},
				"up": {"uv": [0, 6, 2, 16], "texture": "#1"},
				"down": {"uv": [0, 0, 2, 10], "texture": "#1"}
			}
		},
		{
			"from": [14, 11, 6],
			"to": [16, 14, 16],
			"rotation": {"angle": 0, "axis": "y", "origin": [0, 8, 0]},
			"faces": {
				"north": {"uv": [0, 10, 2, 13], "texture": "#0"},
				"east": {"uv": [3, 10, 13, 13], "texture": "#0"},
				"south": {"uv": [14, 10, 16, 13], "texture": "#0"},
				"west": {"uv": [4, 10, 14, 13], "texture": "#0"},
				"up": {"uv": [14, 6, 16, 16], "texture": "#1"},
				"down": {"uv": [14, 0, 16, 10], "texture": "#1"}
			}
		},
		{
			"from": [0.6, 9, 7],
			"to": [7.6, 11, 15],
			"rotation": {"angle": -45, "axis": "z", "origin": [7.6, 10, 6]},
			"faces": {
				"north": {"uv": [7, 7, 14, 9], "texture": "#1"},
				"east": {"uv": [0, 0, 8, 2], "texture": "#1"},
				"south": {"uv": [4, 9, 11, 11], "texture": "#1"},
				"west": {"uv": [0, 0, 8, 2], "texture": "#1"},
				"up": {"uv": [5, 5, 12, 13], "texture": "#1"},
				"down": {"uv": [0, 0, 7, 8], "texture": "#1"}
			}
		},
		{
			"from": [8.4, 9, 7],
			"to": [15.4, 11, 15],
			"rotation": {"angle": 45, "axis": "z", "origin": [8.4, 10, 8]},
			"faces": {
				"north": {"uv": [0, 11, 7, 13], "texture": "#1"},
				"east": {"uv": [0, 0, 8, 2], "texture": "#1"},
				"south": {"uv": [5, 7, 12, 9], "texture": "#1"},
				"west": {"uv": [0, 0, 8, 2], "texture": "#1"},
				"up": {"uv": [0, 0, 7, 8], "texture": "#1"},
				"down": {"uv": [0, 0, 7, 8], "texture": "#1"}
			}
		}
	],
	"display": {
		"thirdperson_righthand": {
			"rotation": [75, 45, 0],
			"translation": [0, 2.5, 0],
			"scale": [0.375, 0.375, 0.375]
		},
		"thirdperson_lefthand": {
			"rotation": [75, 45, 0],
			"translation": [0, 2.5, 0],
			"scale": [0.375, 0.375, 0.375]
		},
		"firstperson_righthand": {
			"rotation": [0, 45, 0],
			"scale": [0.4, 0.4, 0.4]
		},
		"firstperson_lefthand": {
			"rotation": [0, 225, 0],
			"scale": [0.4, 0.4, 0.4]
		},
		"ground": {
			"translation": [0, 3, 0],
			"scale": [0.25, 0.25, 0.25]
		},
		"gui": {
			"rotation": [30, 45, 0],
			"translation": [-1, 0.5, 0],
			"scale": [0.625, 0.625, 0.625]
		},
		"fixed": {
			"scale": [0.5, 0.5, 0.5]
		}
	}
}