{
	"credit": "Yuushya",
	"ambientocclusion": false,
	"textures": {
		"0": "yuushya:block/stone_bricks",
		"1": "yuushya:block/smooth_stone",
		"particle": "yuushya:block/stone_bricks"
	},
	"elements": [
		{
			"from": [0, 8, 6],
			"to": [16, 16, 16],
			"faces": {
				"north": {"uv": [0, 0, 16, 8], "texture": "#0"},
				"east": {"uv": [3, 0, 13, 8], "texture": "#0"},
				"south": {"uv": [0, 0, 16, 8], "texture": "#0"},
				"west": {"uv": [3, 0, 13, 8], "texture": "#0"},
				"up": {"uv": [0, 6, 16, 16], "texture": "#1"},
				"down": {"uv": [0, 0, 16, 10], "texture": "#1"}
			}
		},
		{
			"from": [0, 6, 6],
			"to": [16, 8, 16],
			"faces": {
				"north": {"uv": [0, 8, 16, 10], "texture": "#0"},
				"east": {"uv": [3, 8, 13, 10], "texture": "#0"},
				"south": {"uv": [0, 8, 16, 10], "texture": "#0"},
				"west": {"uv": [3, 8, 13, 10], "texture": "#0"},
				"up": {"uv": [0, 6, 16, 16], "texture": "#1"},
				"down": {"uv": [0, 0, 16, 10], "texture": "#1"}
			}
		},
		{
			"from": [0, 0, 6],
			"to": [16, 3, 16],
			"faces": {
				"north": {"uv": [0, 13, 16, 16], "texture": "#0"},
				"east": {"uv": [3, 13, 13, 16], "texture": "#0"},
				"south": {"uv": [0, 13, 16, 16], "texture": "#0"},
				"west": {"uv": [3, 13, 13, 16], "texture": "#0"},
				"up": {"uv": [0, 6, 16, 16], "texture": "#1"},
				"down": {"uv": [0, 0, 16, 10], "texture": "#1"}
			}
		},
		{
			"from": [0, 3, 6],
			"to": [2, 6, 16],
			"faces": {
				"north": {"uv": [14, 10, 16, 13], "texture": "#0"},
				"east": {"uv": [3, 10, 13, 13], "texture": "#0"},
				"south": {"uv": [0, 10, 2, 13], "texture": "#0"},
				"west": {"uv": [3, 10, 13, 13], "texture": "#0"},
				"up": {"uv": [0, 6, 2, 16], "texture": "#1"},
				"down": {"uv": [0, 0, 2, 10], "texture": "#1"}
			}
		},
		{
			"from": [14, 3, 6],
			"to": [16, 6, 16],
			"faces": {
				"north": {"uv": [0, 10, 2, 13], "texture": "#0"},
				"east": {"uv": [3, 10, 13, 13], "texture": "#0"},
				"south": {"uv": [14, 10, 16, 13], "texture": "#0"},
				"west": {"uv": [4, 10, 14, 13], "texture": "#0"},
				"up": {"uv": [14, 6, 16, 16], "texture": "#1"},
				"down": {"uv": [14, 0, 16, 10], "texture": "#1"}
			}
		}
	],
	"display": {
		"thirdperson_righthand": {
			"rotation": [75, 45, 0],
			"translation": [0, 2.5, 0],
			"scale": [0.375, 0.375, 0.375]
		},
		"thirdperson_lefthand": {
			"rotation": [75, 45, 0],
			"translation": [0, 2.5, 0],
			"scale": [0.375, 0.375, 0.375]
		},
		"firstperson_righthand": {
			"rotation": [0, 45, 0],
			"scale": [0.4, 0.4, 0.4]
		},
		"firstperson_lefthand": {
			"rotation": [0, 225, 0],
			"scale": [0.4, 0.4, 0.4]
		},
		"ground": {
			"translation": [0, 3, 0],
			"scale": [0.25, 0.25, 0.25]
		},
		"gui": {
			"rotation": [30, 45, 0],
			"translation": [-1, 0.5, 0],
			"scale": [0.625, 0.625, 0.625]
		},
		"fixed": {
			"scale": [0.5, 0.5, 0.5]
		}
	}
}