{
	"credit": "Yuushya",
	"ambientocclusion": false,
	"textures": {
		"0": "yuushya:block/stone_bricks_",
		"1": "yuushya:block/smooth_stone",
		"particle": "yuushya:block/stone_bricks_"
	},
	"elements": [
		{
			"from": [0, 0, 6],
			"to": [16, 14, 16],
			"faces": {
				"north": {"uv": [0, 2, 16, 16], "texture": "#0"},
				"east": {"uv": [3, 2, 13, 16], "texture": "#0"},
				"south": {"uv": [0, 2, 16, 16], "texture": "#0"},
				"west": {"uv": [6, 2, 16, 16], "texture": "#0"},
				"up": {"uv": [0, 6, 16, 16], "texture": "#1"},
				"down": {"uv": [0, 0, 16, 10], "texture": "#1"}
			}
		},
		{
			"from": [0, 0, 0],
			"to": [10, 14, 6],
			"rotation": {"angle": 0, "axis": "y", "origin": [16, 0, 0]},
			"faces": {
				"north": {"uv": [2, 2, 12, 16], "texture": "#0"},
				"east": {"uv": [10, 2, 16, 16], "texture": "#0"},
				"south": {"uv": [0, 2, 10, 16], "texture": "#0"},
				"west": {"uv": [0, 2, 6, 16], "texture": "#0"},
				"up": {"uv": [0, 0, 10, 6], "rotation": 90, "texture": "#1"},
				"down": {"uv": [0, 10, 10, 16], "rotation": 270, "texture": "#1"}
			}
		},
		{
			"from": [-2, 14, 0],
			"to": [12, 16, 6],
			"rotation": {"angle": 0, "axis": "y", "origin": [0, 14, 0]},
			"faces": {
				"north": {"uv": [0, 0, 14, 2], "texture": "#1"},
				"east": {"uv": [0, 0, 6, 2], "texture": "#1"},
				"south": {"uv": [0, 0, 14, 2], "texture": "#1"},
				"west": {"uv": [0, 0, 6, 2], "texture": "#1"},
				"up": {"uv": [0, 0, 14, 6], "texture": "#1"},
				"down": {"uv": [0, 0, 14, 6], "texture": "#1"}
			}
		},
		{
			"from": [-2, 14, 6],
			"to": [16, 16, 18],
			"rotation": {"angle": 0, "axis": "y", "origin": [0, 14, 6]},
			"faces": {
				"north": {"uv": [0, 0, 16, 2], "texture": "#1"},
				"east": {"uv": [0, 0, 12, 2], "texture": "#1"},
				"south": {"uv": [0, 0, 16, 2], "texture": "#1"},
				"west": {"uv": [0, 0, 12, 2], "texture": "#1"},
				"up": {"uv": [0, 0, 16, 12], "texture": "#1"},
				"down": {"uv": [0, 0, 16, 12], "texture": "#1"}
			}
		},
		{
			"from": [12, 14, 4],
			"to": [16, 16, 6],
			"rotation": {"angle": 0, "axis": "y", "origin": [0, 14, 4]},
			"faces": {
				"north": {"uv": [0, 0, 4, 2], "texture": "#1"},
				"east": {"uv": [0, 0, 2, 2], "texture": "#1"},
				"south": {"uv": [0, 0, 4, 2], "texture": "#1"},
				"west": {"uv": [0, 0, 2, 2], "texture": "#1"},
				"up": {"uv": [0, 0, 4, 2], "texture": "#1"},
				"down": {"uv": [0, 0, 4, 2], "texture": "#1"}
			}
		}
	],
	"display": {
		"thirdperson_righthand": {
			"rotation": [75, 45, 0],
			"translation": [0, 2.5, 0],
			"scale": [0.375, 0.375, 0.375]
		},
		"thirdperson_lefthand": {
			"rotation": [75, 45, 0],
			"translation": [0, 2.5, 0],
			"scale": [0.375, 0.375, 0.375]
		},
		"firstperson_righthand": {
			"rotation": [0, 45, 0],
			"scale": [0.4, 0.4, 0.4]
		},
		"firstperson_lefthand": {
			"rotation": [0, 225, 0],
			"scale": [0.4, 0.4, 0.4]
		},
		"ground": {
			"translation": [0, 3, 0],
			"scale": [0.25, 0.25, 0.25]
		},
		"gui": {
			"rotation": [30, 45, 0],
			"translation": [0, 0.5, 0],
			"scale": [0.625, 0.625, 0.625]
		},
		"fixed": {
			"scale": [0.5, 0.5, 0.5]
		}
	}
}