{
	"textures": {
		"1": "yuushya:0extra_building_material/preview/soot_pipe",
		"particle": "yuushya:0extra_building_block/pipe"
	},
	"elements": [
		{
			"from": [4, 1, 2],
			"to": [14, 12, 3],
			"rotation": {"angle": 0, "axis": "y", "origin": [12, 9, 10]},
			"faces": {
				"north": {"uv": [0, 0, 10, 11], "texture": "#1"},
				"east": {"uv": [0, 0, 1, 11], "texture": "#1"},
				"south": {"uv": [0, 0, 10, 11], "texture": "#1"},
				"west": {"uv": [0, 0, 1, 11], "texture": "#1"},
				"up": {"uv": [0, 0, 10, 1], "texture": "#1"},
				"down": {"uv": [0, 0, 10, 1], "texture": "#1"}
			}
		},
		{
			"from": [4, 1, 11],
			"to": [14, 12, 12],
			"rotation": {"angle": 0, "axis": "y", "origin": [6, 9, 4]},
			"faces": {
				"north": {"uv": [0, 0, 10, 11], "texture": "#1"},
				"east": {"uv": [0, 0, 1, 11], "texture": "#1"},
				"south": {"uv": [0, 0, 10, 11], "texture": "#1"},
				"west": {"uv": [0, 0, 1, 11], "texture": "#1"},
				"up": {"uv": [0, 0, 10, 1], "rotation": 180, "texture": "#1"},
				"down": {"uv": [0, 0, 10, 1], "rotation": 180, "texture": "#1"}
			}
		},
		{
			"from": [4, 1, 3],
			"to": [5, 12, 11],
			"rotation": {"angle": 0, "axis": "y", "origin": [12, 9, 11]},
			"faces": {
				"north": {"uv": [0, 0, 1, 11], "texture": "#1"},
				"east": {"uv": [0, 0, 8, 11], "texture": "#1"},
				"south": {"uv": [0, 0, 1, 11], "texture": "#1"},
				"west": {"uv": [1, 0, 9, 11], "texture": "#1"},
				"up": {"uv": [0, 0, 8, 1], "rotation": 90, "texture": "#1"},
				"down": {"uv": [0, 0, 8, 1], "rotation": 90, "texture": "#1"}
			}
		},
		{
			"from": [13, 1, 3],
			"to": [14, 12, 11],
			"rotation": {"angle": 0, "axis": "y", "origin": [6, 9, 3]},
			"faces": {
				"north": {"uv": [0, 0, 1, 11], "texture": "#1"},
				"east": {"uv": [1, 0, 9, 11], "texture": "#1"},
				"south": {"uv": [0, 0, 1, 11], "texture": "#1"},
				"west": {"uv": [0, 0, 8, 11], "texture": "#1"},
				"up": {"uv": [0, 0, 8, 1], "rotation": 270, "texture": "#1"},
				"down": {"uv": [0, 0, 8, 1], "rotation": 270, "texture": "#1"}
			}
		},
		{
			"from": [5, 1, 3],
			"to": [13, 2, 11],
			"rotation": {"angle": 0, "axis": "y", "origin": [13, 9, 11]},
			"faces": {
				"north": {"uv": [0, 0, 8, 1], "texture": "#1"},
				"east": {"uv": [0, 0, 8, 1], "texture": "#1"},
				"south": {"uv": [0, 0, 8, 1], "texture": "#1"},
				"west": {"uv": [0, 0, 8, 1], "texture": "#1"},
				"up": {"uv": [7, 8, 15, 16], "texture": "#1"},
				"down": {"uv": [0, 0, 8, 8], "texture": "#1"}
			}
		},
		{
			"from": [4, 0, 2],
			"to": [14, 1, 12],
			"rotation": {"angle": 0, "axis": "y", "origin": [12, 8, 10]},
			"faces": {
				"north": {"uv": [0, 0, 10, 1], "texture": "#1"},
				"east": {"uv": [0, 0, 10, 1], "texture": "#1"},
				"south": {"uv": [0, 0, 10, 1], "texture": "#1"},
				"west": {"uv": [0, 0, 10, 1], "texture": "#1"},
				"up": {"uv": [0, 0, 10, 10], "texture": "#1"},
				"down": {"uv": [6, 6, 16, 16], "texture": "#1"}
			}
		},
		{
			"from": [3, 9, 1],
			"to": [14, 12, 2],
			"rotation": {"angle": 0, "axis": "y", "origin": [12, 20, 9]},
			"faces": {
				"north": {"uv": [0, 0, 11, 3], "texture": "#1"},
				"east": {"uv": [0, 0, 1, 3], "texture": "#1"},
				"south": {"uv": [0, 0, 11, 3], "texture": "#1"},
				"west": {"uv": [0, 0, 1, 3], "texture": "#1"},
				"up": {"uv": [0, 0, 11, 1], "texture": "#1"},
				"down": {"uv": [0, 0, 11, 1], "texture": "#1"}
			}
		},
		{
			"from": [4, 9, 12],
			"to": [15, 12, 13],
			"rotation": {"angle": 0, "axis": "y", "origin": [6.5, 10.5, 10]},
			"faces": {
				"north": {"uv": [0, 0, 11, 3], "texture": "#1"},
				"east": {"uv": [0, 0, 1, 3], "texture": "#1"},
				"south": {"uv": [0, 0, 11, 3], "texture": "#1"},
				"west": {"uv": [0, 0, 1, 3], "texture": "#1"},
				"up": {"uv": [0, 0, 11, 1], "rotation": 180, "texture": "#1"},
				"down": {"uv": [0, 0, 11, 1], "rotation": 180, "texture": "#1"}
			}
		},
		{
			"from": [14, 9, 1],
			"to": [15, 12, 12],
			"rotation": {"angle": 0, "axis": "y", "origin": [7, 20, 10]},
			"faces": {
				"north": {"uv": [0, 0, 1, 3], "texture": "#1"},
				"east": {"uv": [0, 0, 11, 3], "texture": "#1"},
				"south": {"uv": [0, 0, 1, 3], "texture": "#1"},
				"west": {"uv": [0, 0, 11, 3], "texture": "#1"},
				"up": {"uv": [0, 0, 11, 1], "rotation": 90, "texture": "#1"},
				"down": {"uv": [0, 0, 11, 1], "rotation": 270, "texture": "#1"}
			}
		},
		{
			"from": [3, 9, 2],
			"to": [4, 12, 13],
			"rotation": {"angle": 0, "axis": "y", "origin": [6.5, 10.5, 10]},
			"faces": {
				"north": {"uv": [0, 0, 1, 3], "texture": "#1"},
				"east": {"uv": [0, 0, 11, 3], "texture": "#1"},
				"south": {"uv": [0, 0, 1, 3], "texture": "#1"},
				"west": {"uv": [0, 0, 11, 3], "texture": "#1"},
				"up": {"uv": [0, 0, 11, 1], "rotation": 270, "texture": "#1"},
				"down": {"uv": [0, 0, 11, 1], "rotation": 90, "texture": "#1"}
			}
		},
		{
			"from": [-2, 11, 0.5],
			"to": [6.6, 12, 1],
			"rotation": {"angle": 22.5, "axis": "z", "origin": [11, 19, 8]},
			"faces": {
				"north": {"uv": [0, 0, 8.6, 1], "texture": "#1"},
				"east": {"uv": [0, 0, 0.5, 1], "texture": "#1"},
				"south": {"uv": [0, 0, 8.6, 1], "texture": "#1"},
				"west": {"uv": [0, 0, 0.5, 1], "texture": "#1"},
				"up": {"uv": [0, 0, 8.6, 0.5], "texture": "#1"},
				"down": {"uv": [0, 0, 8.6, 0.5], "texture": "#1"}
			}
		},
		{
			"from": [-2, 11, 13],
			"to": [6.8, 12, 13.5],
			"rotation": {"angle": 22.5, "axis": "z", "origin": [11, 19, 20.5]},
			"faces": {
				"north": {"uv": [0, 0, 8.8, 1], "texture": "#1"},
				"east": {"uv": [0, 0, 0.5, 1], "texture": "#1"},
				"south": {"uv": [0, 0, 8.8, 1], "texture": "#1"},
				"west": {"uv": [0, 0, 0.5, 1], "texture": "#1"},
				"up": {"uv": [0, 0, 8.8, 0.5], "texture": "#1"},
				"down": {"uv": [0, 0, 8.8, 0.5], "texture": "#1"}
			}
		},
		{
			"from": [-2, 11, 1],
			"to": [-1.5, 12, 13],
			"rotation": {"angle": 22.5, "axis": "z", "origin": [11, 19, 20]},
			"faces": {
				"north": {"uv": [0, 0, 0.5, 1], "texture": "#1"},
				"east": {"uv": [0, 0, 12, 1], "texture": "#1"},
				"south": {"uv": [0, 0, 0.5, 1], "texture": "#1"},
				"west": {"uv": [0, 0, 12, 1], "texture": "#1"},
				"up": {"uv": [0, 0, 12, 0.5], "rotation": 90, "texture": "#1"},
				"down": {"uv": [0, 0, 12, 0.5], "rotation": 90, "texture": "#1"}
			}
		},
		{
			"from": [8, 9, 0],
			"to": [10, 11, 1],
			"rotation": {"angle": 0, "axis": "y", "origin": [17, 18, 8]},
			"faces": {
				"north": {"uv": [0, 0, 2, 2], "texture": "#1"},
				"east": {"uv": [0, 0, 1, 2], "texture": "#1"},
				"south": {"uv": [0, 0, 2, 2], "texture": "#1"},
				"west": {"uv": [0, 0, 1, 2], "texture": "#1"},
				"up": {"uv": [0, 0, 2, 1], "texture": "#1"},
				"down": {"uv": [0, 0, 2, 1], "texture": "#1"}
			}
		},
		{
			"from": [8, 9, 13],
			"to": [10, 11, 14],
			"rotation": {"angle": 0, "axis": "y", "origin": [17, 18, 21]},
			"faces": {
				"north": {"uv": [0, 0, 2, 2], "texture": "#1"},
				"east": {"uv": [0, 0, 1, 2], "texture": "#1"},
				"south": {"uv": [0, 0, 2, 2], "texture": "#1"},
				"west": {"uv": [0, 0, 1, 2], "texture": "#1"},
				"up": {"uv": [0, 0, 2, 1], "texture": "#1"},
				"down": {"uv": [0, 0, 2, 1], "texture": "#1"}
			}
		}
	],
	"display": {
		"thirdperson_righthand": {
			"rotation": [29.5, 87.75, 0],
			"translation": [0, 0.5, -3.5],
			"scale": [0.6, 0.6, 0.6]
		},
		"thirdperson_lefthand": {
			"rotation": [29.5, -90, 0],
			"translation": [0, 0.5, -3.5],
			"scale": [0.6, 0.6, 0.6]
		},
		"firstperson_righthand": {
			"rotation": [0, 45, 0],
			"scale": [0.6, 0.6, 0.6]
		},
		"firstperson_lefthand": {
			"rotation": [0, 225, 0],
			"scale": [0.6, 0.6, 0.6]
		},
		"ground": {
			"translation": [0, 3, 0],
			"scale": [0.4, 0.4, 0.4]
		},
		"gui": {
			"rotation": [30, 135, 0],
			"translation": [1.25, 1, 0],
			"scale": [0.8, 0.8, 0.8]
		},
		"fixed": {
			"rotation": [-90, 0, 0],
			"translation": [0, 0, -14],
			"scale": [2, 2, 2]
		}
	}
}