{
	"credit": "Yuushya",
	"ambientocclusion": false,
	"textures": {
		"0": "yuushya:0extra_building_material/preview/iron_bars_alt",
		"particle": "yuushya:0extra_building_material/preview/iron"
	},
	"elements": [
		{
			"from": [1.6, 0, 8],
			"to": [3.6, 16, 10],
			"faces": {
				"north": {"uv": [2, 0, 4, 16], "rotation": 180, "texture": "#0"},
				"east": {"uv": [14, 0, 16, 16], "texture": "#0"},
				"south": {"uv": [2, 0, 4, 16], "texture": "#0"},
				"west": {"uv": [14, 0, 16, 16], "texture": "#0"},
				"up": {"uv": [2, 6, 4, 8], "texture": "#0"},
				"down": {"uv": [2, 0, 4, 2], "texture": "#0"}
			}
		},
		{
			"from": [7, 0, 8],
			"to": [9, 16, 10],
			"faces": {
				"north": {"uv": [2, 0, 4, 16], "rotation": 180, "texture": "#0"},
				"east": {"uv": [14, 0, 16, 16], "texture": "#0"},
				"south": {"uv": [2, 0, 4, 16], "texture": "#0"},
				"west": {"uv": [14, 0, 16, 16], "texture": "#0"},
				"up": {"uv": [2, 6, 4, 8], "texture": "#0"},
				"down": {"uv": [2, 0, 4, 2], "texture": "#0"}
			}
		},
		{
			"from": [12.4, 0, 8],
			"to": [14.4, 16, 10],
			"faces": {
				"north": {"uv": [2, 0, 4, 16], "rotation": 180, "texture": "#0"},
				"east": {"uv": [14, 0, 16, 16], "texture": "#0"},
				"south": {"uv": [2, 0, 4, 16], "texture": "#0"},
				"west": {"uv": [14, 0, 16, 16], "texture": "#0"},
				"up": {"uv": [2, 6, 4, 8], "texture": "#0"},
				"down": {"uv": [2, 0, 4, 2], "texture": "#0"}
			}
		},
		{
			"from": [1.6, 14, 0],
			"to": [3.6, 16, 8],
			"faces": {
				"north": {"uv": [2, 0, 4, 2], "rotation": 180, "texture": "#0"},
				"east": {"uv": [14, 0, 16, 8], "rotation": 90, "texture": "#0"},
				"south": {"uv": [2, 0, 4, 2], "texture": "#0"},
				"west": {"uv": [14, 0, 16, 8], "rotation": 90, "texture": "#0"},
				"up": {"uv": [2, 0, 4, 8], "texture": "#0"},
				"down": {"uv": [2, 0, 4, 8], "texture": "#0"}
			}
		},
		{
			"from": [7, 14, 0],
			"to": [9, 16, 8],
			"faces": {
				"north": {"uv": [2, 0, 4, 2], "rotation": 180, "texture": "#0"},
				"east": {"uv": [14, 0, 16, 8], "rotation": 90, "texture": "#0"},
				"south": {"uv": [2, 0, 4, 2], "texture": "#0"},
				"west": {"uv": [14, 0, 16, 8], "rotation": 90, "texture": "#0"},
				"up": {"uv": [2, 0, 4, 8], "texture": "#0"},
				"down": {"uv": [2, 0, 4, 8], "texture": "#0"}
			}
		},
		{
			"from": [12.4, 14, 0],
			"to": [14.4, 16, 8],
			"faces": {
				"north": {"uv": [2, 0, 4, 2], "rotation": 180, "texture": "#0"},
				"east": {"uv": [14, 0, 16, 8], "rotation": 90, "texture": "#0"},
				"south": {"uv": [2, 0, 4, 2], "texture": "#0"},
				"west": {"uv": [14, 0, 16, 8], "rotation": 90, "texture": "#0"},
				"up": {"uv": [2, 0, 4, 8], "texture": "#0"},
				"down": {"uv": [2, 0, 4, 8], "texture": "#0"}
			}
		}
	],
	"gui_light": "front",
	"display": {
		"thirdperson_righthand": {
			"rotation": [75, 45, 0],
			"translation": [0, 2.5, 0],
			"scale": [0.375, 0.375, 0.375]
		},
		"thirdperson_lefthand": {
			"rotation": [75, 45, 0],
			"translation": [0, 2.5, 0],
			"scale": [0.375, 0.375, 0.375]
		},
		"firstperson_righthand": {
			"rotation": [0, 45, 0],
			"scale": [0.4, 0.4, 0.4]
		},
		"firstperson_lefthand": {
			"rotation": [0, 225, 0],
			"scale": [0.4, 0.4, 0.4]
		},
		"ground": {
			"translation": [0, 3, 0],
			"scale": [0.25, 0.25, 0.25]
		},
		"gui": {
			"rotation": [30, 45, 0],
			"translation": [1.5, 0, 0],
			"scale": [0.625, 0.625, 0.625]
		},
		"head": {
			"rotation": [0, 180, 0],
			"translation": [0, 13, 0.25]
		},
		"fixed": {
			"scale": [0.5, 0.5, 0.5]
		}
	},
	"groups": [0, 1, 2, 3, 4, 5,
		{
			"name": "platform_metal",
			"origin": [8, 8, 8],
			"color": 0,
			"children": []
		}
	]
}