{
	"credit": "Yuushya",
	"ambientocclusion": false,
	"textures": {
		"1": "yuushya:0extra_building_block/wool/gray_couch",
		"2": "yuushya:0extra_building_material/transparent",
		"particle": "yuushya:0extra_building_block/bed_pattern/pattern_7_alt",
		"top": "yuushya:0extra_building_block/bed_pattern/pattern_7_alt"
	},
	"elements": [
		{
			"from": [6.5, 0, 2.9],
			"to": [8.5, 4.9, 10.1],
			"rotation": {"angle": 0, "axis": "y", "origin": [6.5, -3, 0.9]},
			"faces": {
				"north": {"uv": [0, 0, 2, 3.9], "texture": "#1"},
				"east": {"uv": [0, 0, 10.2, 3.9], "texture": "#1"},
				"south": {"uv": [0, 0, 2, 3.9], "texture": "#1"},
				"west": {"uv": [0, 0, 10.2, 3.9], "texture": "#1"},
				"up": {"uv": [0, 0, 2, 10.2], "texture": "#1"},
				"down": {"uv": [0, 0, 2, 10.2], "texture": "#2"}
			}
		},
		{
			"from": [2.9, 0, 6.5],
			"to": [10.1, 4.9, 8.5],
			"rotation": {"angle": 0, "axis": "y", "origin": [8, 1, 7.5]},
			"faces": {
				"north": {"uv": [0, 0, 10.2, 3.9], "texture": "#1"},
				"east": {"uv": [0, 0, 2, 3.9], "texture": "#1"},
				"south": {"uv": [0, 0, 10.2, 3.9], "texture": "#1"},
				"west": {"uv": [0, 0, 2, 3.9], "texture": "#1"},
				"up": {"uv": [0, 0, 2, 10.2], "rotation": 270, "texture": "#1"},
				"down": {"uv": [0, 0, 2, 10.2], "rotation": 90, "texture": "#2"}
			}
		},
		{
			"from": [2.4, 4.9, 6.5],
			"to": [10.6, 7.1, 8.5],
			"rotation": {"angle": 0, "axis": "y", "origin": [8, 10, 7.5]},
			"faces": {
				"north": {"uv": [0, 0, 11.2, 2.2], "texture": "#1"},
				"east": {"uv": [0, 0, 2, 2.2], "texture": "#1"},
				"south": {"uv": [0, 0, 11.2, 2.2], "texture": "#1"},
				"west": {"uv": [0, 0, 2, 2.2], "texture": "#1"},
				"up": {"uv": [0, 0, 2, 11.2], "rotation": 270, "texture": "#1"},
				"down": {"uv": [0, 0, 2, 11.2], "rotation": 90, "texture": "#1"}
			}
		},
		{
			"from": [6.5, 4.9, 2.4],
			"to": [8.5, 7.15, 10.6],
			"rotation": {"angle": 0, "axis": "y", "origin": [7.5, 10, 8]},
			"faces": {
				"north": {"uv": [0, 0, 2, 2.25], "texture": "#1"},
				"east": {"uv": [0, 0, 11.2, 2.25], "texture": "#1"},
				"south": {"uv": [0, 0, 2, 2.25], "texture": "#1"},
				"west": {"uv": [0, 0, 11.2, 2.25], "texture": "#1"},
				"up": {"uv": [0, 0, 2, 11.2], "rotation": 180, "texture": "#1"},
				"down": {"uv": [0, 0, 2, 11.2], "rotation": 180, "texture": "#1"}
			}
		},
		{
			"from": [2.5, 5, 2.5],
			"to": [10.5, 7, 10.5],
			"rotation": {"angle": 0, "axis": "y", "origin": [2.5, 4, 2.5]},
			"faces": {
				"north": {"uv": [0, 0, 4, 1], "texture": "#top"},
				"east": {"uv": [0, 0, 4, 1], "texture": "#top"},
				"south": {"uv": [0, 0, 4, 1], "texture": "#top"},
				"west": {"uv": [0, 0, 4, 1], "texture": "#top"},
				"up": {"uv": [0, 7.5, 4, 11.5], "texture": "#top"},
				"down": {"uv": [0, 0, 4, 4], "texture": "#top"}
			}
		},
		{
			"from": [3, 0, 3],
			"to": [10, 5, 10],
			"rotation": {"angle": 0, "axis": "y", "origin": [3, -3, 3]},
			"faces": {
				"north": {"uv": [11, 11.5, 14.5, 14], "texture": "#top"},
				"east": {"uv": [0, 9, 3.5, 11.5], "texture": "#top"},
				"south": {"uv": [11, 9.5, 14.5, 12], "texture": "#top"},
				"west": {"uv": [5.5, 9.5, 9, 12], "texture": "#top"},
				"up": {"uv": [10, 9, 13.5, 12.5], "texture": "#top"},
				"down": {"uv": [5, 9, 8.5, 12.5], "texture": "#top"}
			}
		},
		{
			"from": [9.5, 6.3, 6.5],
			"to": [9.5, 10.6, 8.5],
			"rotation": {"angle": 45, "axis": "z", "origin": [9.6, 8, 6.5]},
			"faces": {
				"north": {"uv": [0, 0, 2, 0], "rotation": 90, "texture": "#1"},
				"east": {"uv": [0, 0, 1, 2], "rotation": 180, "texture": "#1"},
				"south": {"uv": [0, 0, 2.15, 0], "rotation": 270, "texture": "#1"},
				"west": {"uv": [0, 0, 1, 2.15], "texture": "#1"},
				"up": {"uv": [0, 0, 1, 0], "rotation": 270, "texture": "#1"},
				"down": {"uv": [0, 0, 1, 0], "rotation": 270, "texture": "#1"}
			}
		},
		{
			"from": [7.6, 7, 6.5],
			"to": [8.6, 9, 8.5],
			"rotation": {"angle": -22.5, "axis": "z", "origin": [8.6, 7, 6.5]},
			"faces": {
				"north": {"uv": [0, 0, 1.5, 0.5], "rotation": 90, "texture": "#1"},
				"east": {"uv": [0, 0, 1, 1.5], "rotation": 180, "texture": "#1"},
				"south": {"uv": [0, 0, 1.5, 0.5], "rotation": 270, "texture": "#1"},
				"west": {"uv": [0, 0, 1, 1.5], "texture": "#1"},
				"up": {"uv": [0, 0, 1, 0.5], "rotation": 270, "texture": "#1"},
				"down": {"uv": [0, 0, 1, 0.5], "rotation": 270, "texture": "#1"}
			}
		},
		{
			"from": [6.6, 7, 6.5],
			"to": [7.6, 9, 8.5],
			"rotation": {"angle": 22.5, "axis": "z", "origin": [6.6, 7, 6.5]},
			"faces": {
				"north": {"uv": [0, 0, 1.5, 0.5], "rotation": 90, "texture": "#1"},
				"east": {"uv": [1, 0, 2, 1.5], "texture": "#1"},
				"south": {"uv": [0, 0, 1.5, 0.5], "rotation": 270, "texture": "#1"},
				"west": {"uv": [1, 0, 2, 1.5], "rotation": 180, "texture": "#1"},
				"up": {"uv": [0, 0, 1, 0.5], "rotation": 270, "texture": "#1"},
				"down": {"uv": [0, 0, 1, 0.5], "rotation": 270, "texture": "#1"}
			}
		},
		{
			"from": [5.7, 6.3, 6.5],
			"to": [5.7, 10.6, 8.5],
			"rotation": {"angle": -45, "axis": "z", "origin": [5.6, 8, 6.5]},
			"faces": {
				"north": {"uv": [0, 0, 2, 0], "rotation": 90, "texture": "#1"},
				"east": {"uv": [1, 0, 2, 2], "texture": "#1"},
				"south": {"uv": [0, 0, 2.15, 0], "rotation": 270, "texture": "#1"},
				"west": {"uv": [1, 0, 2, 2], "rotation": 180, "texture": "#1"},
				"up": {"uv": [0, 0, 1, 0], "rotation": 270, "texture": "#1"},
				"down": {"uv": [0, 0, 1, 0], "rotation": 270, "texture": "#1"}
			}
		}
	],
	"display": {
		"thirdperson_righthand": {
			"rotation": [75, 45, 0],
			"translation": [0, 2.5, 0],
			"scale": [0.375, 0.375, 0.375]
		},
		"thirdperson_lefthand": {
			"rotation": [75, 45, 0],
			"translation": [0, 2.5, 0],
			"scale": [0.375, 0.375, 0.375]
		},
		"firstperson_righthand": {
			"rotation": [0, 45, 0],
			"scale": [0.4, 0.4, 0.4]
		},
		"firstperson_lefthand": {
			"rotation": [0, 225, 0],
			"scale": [0.4, 0.4, 0.4]
		},
		"ground": {
			"translation": [0, 3, 0],
			"scale": [0.25, 0.25, 0.25]
		},
		"gui": {
			"rotation": [30, 225, 0],
			"translation": [-1, 0, 0],
			"scale": [0.625, 0.625, 0.625]
		},
		"fixed": {
			"scale": [0.5, 0.5, 0.5]
		}
	},
	"groups": [
		{
			"name": "hexadecagon",
			"origin": [8, 8, 8],
			"color": 0,
			"children": []
		},
		{
			"name": "hexadecagon",
			"origin": [8, 8, 8],
			"color": 0,
			"children": []
		},
		{
			"name": "hexadecagon",
			"origin": [8, 8, 8],
			"color": 0,
			"children": []
		},
		{
			"name": "hexadecagon",
			"origin": [8, 8, 8],
			"color": 0,
			"children": []
		},
		0,
		1,
		2,
		3,
		4,
		5,
		6,
		7,
		8,
		9
	]
}