{
	"credit": "Coco",
	"ambientocclusion": false,
	"textures": {
		"main": "yuushya:block/azure/butterfly4_s_p",
		"particle": "yuushya:item/abandon"
	},
	"elements": [
		{
			"from": [5, 8, 2],
			"to": [9.5, 8, 5.5],
			"rotation": {"angle": 22.5, "axis": "x", "origin": [7.25, 8, 5.75]},
			"faces": {
				"north": {"uv": [0, 0, 0, 0], "texture": "#main"},
				"east": {"uv": [0, 0, 0, 0], "texture": "#main"},
				"south": {"uv": [0, 0, 0, 0], "texture": "#main"},
				"west": {"uv": [0, 0, 0, 0], "texture": "#main"},
				"up": {"uv": [0, 0, 1.3125, 1.75], "rotation": 90, "texture": "#main"},
				"down": {"uv": [1.3125, 0, 0, 1.75], "rotation": 90, "texture": "#main"}
			}
		},
		{
			"from": [5, 8, 6],
			"to": [9.5, 8, 9.5],
			"rotation": {"angle": -22.5, "axis": "x", "origin": [7.25, 8, 5.75]},
			"faces": {
				"north": {"uv": [0, 0, 0.5625, 0], "rotation": 180, "texture": "#main"},
				"east": {"uv": [0, 0, 0.4375, 0], "rotation": 180, "texture": "#main"},
				"south": {"uv": [0, 0, 0.5625, 0], "rotation": 180, "texture": "#main"},
				"west": {"uv": [0, 0, 0.4375, 0], "rotation": 180, "texture": "#main"},
				"up": {"uv": [1.3125, 0, 0, 1.75], "rotation": 90, "texture": "#main"},
				"down": {"uv": [0, 0, 1.3125, 1.75], "rotation": 90, "texture": "#main"}
			}
		},
		{
			"from": [6, 7.9, 5.5],
			"to": [8, 8.25, 6.1],
			"rotation": {"angle": 0, "axis": "y", "origin": [13, 16, 10]},
			"faces": {
				"north": {"uv": [1.625, 0.5, 1.9375, 1.45], "rotation": 90, "texture": "#main"},
				"east": {"uv": [1.625, 0.5, 1.9375, 1.45], "rotation": 90, "texture": "#main"},
				"south": {"uv": [1.625, 0.5, 1.9375, 1.45], "rotation": 90, "texture": "#main"},
				"west": {"uv": [1.625, 0.5, 1.9375, 1.45], "rotation": 90, "texture": "#main"},
				"up": {"uv": [1.625, 0.5, 1.9375, 1.45], "rotation": 90, "texture": "#main"},
				"down": {"uv": [1.625, 0.5, 1.9375, 1.45], "rotation": 90, "texture": "#main"}
			}
		},
		{
			"from": [8, 8.1, 5.5],
			"to": [9, 8.1, 6.1],
			"rotation": {"angle": 0, "axis": "y", "origin": [13, 16, 10]},
			"faces": {
				"north": {"uv": [1.625, 0.5, 1.9375, 1.45], "rotation": 90, "texture": "#main"},
				"east": {"uv": [1.625, 0, 1.9375, 0.5125], "rotation": 90, "texture": "#main"},
				"south": {"uv": [1.625, 0.5, 1.9375, 1.45], "rotation": 90, "texture": "#main"},
				"west": {"uv": [1.625, 0.5, 1.9375, 1.45], "rotation": 90, "texture": "#main"},
				"up": {"uv": [1.625, 0, 1.9375, 0.5125], "rotation": 90, "texture": "#main"},
				"down": {"uv": [1.625, 0, 1.9375, 0.5125], "rotation": 90, "texture": "#main"}
			}
		},
		{
			"from": [9, 8.1, 5.5],
			"to": [10, 8.1, 6.1],
			"rotation": {"angle": 0, "axis": "y", "origin": [14, 16, 10]},
			"faces": {
				"north": {"uv": [3.625, 0.5, 3.9375, 1.45], "rotation": 90, "texture": "#main"},
				"east": {"uv": [3.625, 0, 3.9375, 0.5125], "rotation": 90, "texture": "#main"},
				"south": {"uv": [3.625, 0.5, 3.9375, 1.45], "rotation": 90, "texture": "#main"},
				"west": {"uv": [3.625, 0.5, 3.9375, 1.45], "rotation": 90, "texture": "#main"},
				"up": {"uv": [3.625, 0, 3.9375, 0.5125], "rotation": 90, "texture": "#main"},
				"down": {"uv": [3.625, 0, 3.9375, 0.5125], "rotation": 90, "texture": "#main"}
			}
		},
		{
			"from": [7, 7.9, 5.5],
			"to": [9, 8.25, 6.1],
			"rotation": {"angle": 0, "axis": "y", "origin": [14, 16, 10]},
			"faces": {
				"north": {"uv": [3.625, 0.5, 3.9375, 1.45], "rotation": 90, "texture": "#main"},
				"east": {"uv": [3.625, 0.5, 3.9375, 1.45], "rotation": 90, "texture": "#main"},
				"south": {"uv": [3.625, 0.5, 3.9375, 1.45], "rotation": 90, "texture": "#main"},
				"west": {"uv": [3.625, 0.5, 3.9375, 1.45], "rotation": 90, "texture": "#main"},
				"up": {"uv": [3.625, 0.5, 3.9375, 1.45], "rotation": 90, "texture": "#main"},
				"down": {"uv": [3.625, 0.5, 3.9375, 1.45], "rotation": 90, "texture": "#main"}
			}
		},
		{
			"from": [6, 8, 6],
			"to": [10.5, 8, 9.5],
			"rotation": {"angle": -45, "axis": "x", "origin": [8.25, 8, 5.75]},
			"faces": {
				"north": {"uv": [2, 0, 2.5625, 0], "rotation": 180, "texture": "#main"},
				"east": {"uv": [2, 0, 2.4375, 0], "rotation": 180, "texture": "#main"},
				"south": {"uv": [2, 0, 2.5625, 0], "rotation": 180, "texture": "#main"},
				"west": {"uv": [2, 0, 2.4375, 0], "rotation": 180, "texture": "#main"},
				"up": {"uv": [3.3125, 0, 2, 1.75], "rotation": 90, "texture": "#main"},
				"down": {"uv": [2, 0, 3.3125, 1.75], "rotation": 90, "texture": "#main"}
			}
		},
		{
			"from": [6, 8, 2],
			"to": [10.5, 8, 5.5],
			"rotation": {"angle": 45, "axis": "x", "origin": [8.25, 8, 5.75]},
			"faces": {
				"north": {"uv": [0, 0, 0, 0], "texture": "#main"},
				"east": {"uv": [0, 0, 0, 0], "texture": "#main"},
				"south": {"uv": [0, 0, 0, 0], "texture": "#main"},
				"west": {"uv": [0, 0, 0, 0], "texture": "#main"},
				"up": {"uv": [2, 0, 3.3125, 1.75], "rotation": 90, "texture": "#main"},
				"down": {"uv": [3.3125, 0, 2, 1.75], "rotation": 90, "texture": "#main"}
			}
		},
		{
			"from": [10, 9.1, 5.5],
			"to": [11, 9.1, 6.1],
			"rotation": {"angle": 0, "axis": "y", "origin": [15, 17, 10]},
			"faces": {
				"north": {"uv": [5.625, 0.5, 5.9375, 1.45], "rotation": 90, "texture": "#main"},
				"east": {"uv": [5.625, 0, 5.9375, 0.5125], "rotation": 90, "texture": "#main"},
				"south": {"uv": [5.625, 0.5, 5.9375, 1.45], "rotation": 90, "texture": "#main"},
				"west": {"uv": [5.625, 0.5, 5.9375, 1.45], "rotation": 90, "texture": "#main"},
				"up": {"uv": [5.625, 0, 5.9375, 0.5125], "rotation": 90, "texture": "#main"},
				"down": {"uv": [5.625, 0, 5.9375, 0.5125], "rotation": 90, "texture": "#main"}
			}
		},
		{
			"from": [8, 8.9, 5.5],
			"to": [10, 9.25, 6.1],
			"rotation": {"angle": 0, "axis": "y", "origin": [15, 17, 10]},
			"faces": {
				"north": {"uv": [5.625, 0.5, 5.9375, 1.45], "rotation": 90, "texture": "#main"},
				"east": {"uv": [5.625, 0.5, 5.9375, 1.45], "rotation": 90, "texture": "#main"},
				"south": {"uv": [5.625, 0.5, 5.9375, 1.45], "rotation": 90, "texture": "#main"},
				"west": {"uv": [5.625, 0.5, 5.9375, 1.45], "rotation": 90, "texture": "#main"},
				"up": {"uv": [5.625, 0.5, 5.9375, 1.45], "rotation": 90, "texture": "#main"},
				"down": {"uv": [5.625, 0.5, 5.9375, 1.45], "rotation": 90, "texture": "#main"}
			}
		},
		{
			"from": [7, 9.25, 5.75],
			"to": [11.5, 12.75, 5.75],
			"rotation": {"angle": 22.5, "axis": "x", "origin": [9.25, 9, 5.75]},
			"faces": {
				"north": {"uv": [5.3125, 0, 4, 1.75], "rotation": 270, "texture": "#main"},
				"east": {"uv": [4, 0, 4.4375, 0], "rotation": 270, "texture": "#main"},
				"south": {"uv": [4, 0, 5.3125, 1.75], "rotation": 90, "texture": "#main"},
				"west": {"uv": [4, 0, 4.4375, 0], "rotation": 90, "texture": "#main"},
				"up": {"uv": [4, 0, 4.5625, 0], "rotation": 180, "texture": "#main"},
				"down": {"uv": [4, 0, 4.5625, 0], "texture": "#main"}
			}
		},
		{
			"from": [7, 9.25, 5.75],
			"to": [11.5, 12.75, 5.75],
			"rotation": {"angle": -22.5, "axis": "x", "origin": [9.25, 9, 5.75]},
			"faces": {
				"north": {"uv": [5.3125, 0, 4, 1.75], "rotation": 270, "texture": "#main"},
				"east": {"uv": [0, 0, 0, 0], "texture": "#main"},
				"south": {"uv": [4, 0, 5.3125, 1.75], "rotation": 90, "texture": "#main"},
				"west": {"uv": [0, 0, 0, 0], "texture": "#main"},
				"up": {"uv": [0, 0, 0, 0], "texture": "#main"},
				"down": {"uv": [0, 0, 0, 0], "texture": "#main"}
			}
		},
		{
			"from": [11, 10.1, 5.5],
			"to": [12, 10.1, 6.1],
			"rotation": {"angle": 0, "axis": "y", "origin": [16, 18, 10]},
			"faces": {
				"north": {"uv": [7.625, 0.5, 7.9375, 1.45], "rotation": 90, "texture": "#main"},
				"east": {"uv": [7.625, 0, 7.9375, 0.5125], "rotation": 90, "texture": "#main"},
				"south": {"uv": [7.625, 0.5, 7.9375, 1.45], "rotation": 90, "texture": "#main"},
				"west": {"uv": [7.625, 0.5, 7.9375, 1.45], "rotation": 90, "texture": "#main"},
				"up": {"uv": [7.625, 0, 7.9375, 0.5125], "rotation": 90, "texture": "#main"},
				"down": {"uv": [7.625, 0, 7.9375, 0.5125], "rotation": 90, "texture": "#main"}
			}
		},
		{
			"from": [9, 9.9, 5.5],
			"to": [11, 10.25, 6.1],
			"rotation": {"angle": 0, "axis": "y", "origin": [16, 18, 10]},
			"faces": {
				"north": {"uv": [7.625, 0.5, 7.9375, 1.45], "rotation": 90, "texture": "#main"},
				"east": {"uv": [7.625, 0.5, 7.9375, 1.45], "rotation": 90, "texture": "#main"},
				"south": {"uv": [7.625, 0.5, 7.9375, 1.45], "rotation": 90, "texture": "#main"},
				"west": {"uv": [7.625, 0.5, 7.9375, 1.45], "rotation": 90, "texture": "#main"},
				"up": {"uv": [7.625, 0.5, 7.9375, 1.45], "rotation": 90, "texture": "#main"},
				"down": {"uv": [7.625, 0.5, 7.9375, 1.45], "rotation": 90, "texture": "#main"}
			}
		},
		{
			"from": [8, 10.25, 5.75],
			"to": [12.5, 13.75, 5.75],
			"rotation": {"angle": 0, "axis": "y", "origin": [10.25, 10, 5.75]},
			"faces": {
				"north": {"uv": [7.3125, 0, 6, 1.75], "rotation": 270, "texture": "#main"},
				"east": {"uv": [6, 0, 6.4375, 0], "rotation": 270, "texture": "#main"},
				"south": {"uv": [6, 0, 7.3125, 1.75], "rotation": 90, "texture": "#main"},
				"west": {"uv": [6, 0, 6.4375, 0], "rotation": 90, "texture": "#main"},
				"up": {"uv": [6, 0, 6.5625, 0], "rotation": 180, "texture": "#main"},
				"down": {"uv": [6, 0, 6.5625, 0], "texture": "#main"}
			}
		},
		{
			"from": [8, 10.25, 5.75],
			"to": [12.5, 13.75, 5.75],
			"rotation": {"angle": 0, "axis": "y", "origin": [10.25, 10, 5.75]},
			"faces": {
				"north": {"uv": [7.3125, 0, 6, 1.75], "rotation": 270, "texture": "#main"},
				"east": {"uv": [0, 0, 0, 0], "texture": "#main"},
				"south": {"uv": [6, 0, 7.3125, 1.75], "rotation": 90, "texture": "#main"},
				"west": {"uv": [0, 0, 0, 0], "texture": "#main"},
				"up": {"uv": [0, 0, 0, 0], "texture": "#main"},
				"down": {"uv": [0, 0, 0, 0], "texture": "#main"}
			}
		},
		{
			"from": [9, 10.1, 7.5],
			"to": [10, 10.1, 8.1],
			"rotation": {"angle": -22.5, "axis": "y", "origin": [14, 18, 12]},
			"faces": {
				"north": {"uv": [9.625, 0.5, 9.9375, 1.45], "rotation": 90, "texture": "#main"},
				"east": {"uv": [9.625, 0, 9.9375, 0.5125], "rotation": 90, "texture": "#main"},
				"south": {"uv": [9.625, 0.5, 9.9375, 1.45], "rotation": 90, "texture": "#main"},
				"west": {"uv": [9.625, 0.5, 9.9375, 1.45], "rotation": 90, "texture": "#main"},
				"up": {"uv": [9.625, 0, 9.9375, 0.5125], "rotation": 90, "texture": "#main"},
				"down": {"uv": [9.625, 0, 9.9375, 0.5125], "rotation": 90, "texture": "#main"}
			}
		},
		{
			"from": [7, 9.9, 7.5],
			"to": [9, 10.25, 8.1],
			"rotation": {"angle": -22.5, "axis": "y", "origin": [14, 18, 12]},
			"faces": {
				"north": {"uv": [9.625, 0.5, 9.9375, 1.45], "rotation": 90, "texture": "#main"},
				"east": {"uv": [9.625, 0.5, 9.9375, 1.45], "rotation": 90, "texture": "#main"},
				"south": {"uv": [9.625, 0.5, 9.9375, 1.45], "rotation": 90, "texture": "#main"},
				"west": {"uv": [9.625, 0.5, 9.9375, 1.45], "rotation": 90, "texture": "#main"},
				"up": {"uv": [9.625, 0.5, 9.9375, 1.45], "rotation": 90, "texture": "#main"},
				"down": {"uv": [9.625, 0.5, 9.9375, 1.45], "rotation": 90, "texture": "#main"}
			}
		},
		{
			"from": [8, 10.25, 5.75],
			"to": [12.5, 13.75, 5.75],
			"rotation": {"angle": -22.5, "axis": "y", "origin": [10.25, 10, 5.75]},
			"faces": {
				"north": {"uv": [9.3125, 0, 8, 1.75], "rotation": 270, "texture": "#main"},
				"east": {"uv": [8, 0, 8.4375, 0], "rotation": 270, "texture": "#main"},
				"south": {"uv": [8, 0, 9.3125, 1.75], "rotation": 90, "texture": "#main"},
				"west": {"uv": [8, 0, 8.4375, 0], "rotation": 90, "texture": "#main"},
				"up": {"uv": [8, 0, 8.5625, 0], "rotation": 180, "texture": "#main"},
				"down": {"uv": [8, 0, 8.5625, 0], "texture": "#main"}
			}
		},
		{
			"from": [8, 10.25, 5.75],
			"to": [12.5, 13.75, 5.75],
			"rotation": {"angle": -22.5, "axis": "y", "origin": [10.25, 10, 5.75]},
			"faces": {
				"north": {"uv": [9.3125, 0, 8, 1.75], "rotation": 270, "texture": "#main"},
				"east": {"uv": [0, 0, 0, 0], "texture": "#main"},
				"south": {"uv": [8, 0, 9.3125, 1.75], "rotation": 90, "texture": "#main"},
				"west": {"uv": [0, 0, 0, 0], "texture": "#main"},
				"up": {"uv": [0, 0, 0, 0], "texture": "#main"},
				"down": {"uv": [0, 0, 0, 0], "texture": "#main"}
			}
		},
		{
			"from": [10, 10.1, 7.5],
			"to": [11, 10.1, 8.1],
			"rotation": {"angle": -22.5, "axis": "y", "origin": [15, 18, 12]},
			"faces": {
				"north": {"uv": [11.625, 0.5, 11.9375, 1.45], "rotation": 90, "texture": "#main"},
				"east": {"uv": [11.625, 0, 11.9375, 0.5125], "rotation": 90, "texture": "#main"},
				"south": {"uv": [11.625, 0.5, 11.9375, 1.45], "rotation": 90, "texture": "#main"},
				"west": {"uv": [11.625, 0.5, 11.9375, 1.45], "rotation": 90, "texture": "#main"},
				"up": {"uv": [11.625, 0, 11.9375, 0.5125], "rotation": 90, "texture": "#main"},
				"down": {"uv": [11.625, 0, 11.9375, 0.5125], "rotation": 90, "texture": "#main"}
			}
		},
		{
			"from": [8, 9.9, 7.5],
			"to": [10, 10.25, 8.1],
			"rotation": {"angle": -22.5, "axis": "y", "origin": [15, 18, 12]},
			"faces": {
				"north": {"uv": [11.625, 0.5, 11.9375, 1.45], "rotation": 90, "texture": "#main"},
				"east": {"uv": [11.625, 0.5, 11.9375, 1.45], "rotation": 90, "texture": "#main"},
				"south": {"uv": [11.625, 0.5, 11.9375, 1.45], "rotation": 90, "texture": "#main"},
				"west": {"uv": [11.625, 0.5, 11.9375, 1.45], "rotation": 90, "texture": "#main"},
				"up": {"uv": [11.625, 0.5, 11.9375, 1.45], "rotation": 90, "texture": "#main"},
				"down": {"uv": [11.625, 0.5, 11.9375, 1.45], "rotation": 90, "texture": "#main"}
			}
		},
		{
			"from": [9, 10.25, 5.75],
			"to": [13.5, 13.75, 5.75],
			"rotation": {"angle": -22.5, "axis": "y", "origin": [11.25, 10, 5.75]},
			"faces": {
				"north": {"uv": [11.3125, 0, 10, 1.75], "rotation": 270, "texture": "#main"},
				"east": {"uv": [10, 0, 10.4375, 0], "rotation": 270, "texture": "#main"},
				"south": {"uv": [10, 0, 11.3125, 1.75], "rotation": 90, "texture": "#main"},
				"west": {"uv": [10, 0, 10.4375, 0], "rotation": 90, "texture": "#main"},
				"up": {"uv": [10, 0, 10.5625, 0], "rotation": 180, "texture": "#main"},
				"down": {"uv": [10, 0, 10.5625, 0], "texture": "#main"}
			}
		},
		{
			"from": [9, 10.25, 5.75],
			"to": [13.5, 13.75, 5.75],
			"rotation": {"angle": -22.5, "axis": "y", "origin": [11.25, 10, 5.75]},
			"faces": {
				"north": {"uv": [11.3125, 0, 10, 1.75], "rotation": 270, "texture": "#main"},
				"east": {"uv": [0, 0, 0, 0], "texture": "#main"},
				"south": {"uv": [10, 0, 11.3125, 1.75], "rotation": 90, "texture": "#main"},
				"west": {"uv": [0, 0, 0, 0], "texture": "#main"},
				"up": {"uv": [0, 0, 0, 0], "texture": "#main"},
				"down": {"uv": [0, 0, 0, 0], "texture": "#main"}
			}
		},
		{
			"from": [9, 10.1, 9.5],
			"to": [10, 10.1, 10.1],
			"rotation": {"angle": -45, "axis": "y", "origin": [14, 18, 14]},
			"faces": {
				"north": {"uv": [13.625, 0.5, 13.9375, 1.45], "rotation": 90, "texture": "#main"},
				"east": {"uv": [13.625, 0, 13.9375, 0.5125], "rotation": 90, "texture": "#main"},
				"south": {"uv": [13.625, 0.5, 13.9375, 1.45], "rotation": 90, "texture": "#main"},
				"west": {"uv": [13.625, 0.5, 13.9375, 1.45], "rotation": 90, "texture": "#main"},
				"up": {"uv": [13.625, 0, 13.9375, 0.5125], "rotation": 90, "texture": "#main"},
				"down": {"uv": [13.625, 0, 13.9375, 0.5125], "rotation": 90, "texture": "#main"}
			}
		},
		{
			"from": [7, 9.9, 9.5],
			"to": [9, 10.25, 10.1],
			"rotation": {"angle": -45, "axis": "y", "origin": [14, 18, 14]},
			"faces": {
				"north": {"uv": [13.625, 0.5, 13.9375, 1.45], "rotation": 90, "texture": "#main"},
				"east": {"uv": [13.625, 0.5, 13.9375, 1.45], "rotation": 90, "texture": "#main"},
				"south": {"uv": [13.625, 0.5, 13.9375, 1.45], "rotation": 90, "texture": "#main"},
				"west": {"uv": [13.625, 0.5, 13.9375, 1.45], "rotation": 90, "texture": "#main"},
				"up": {"uv": [13.625, 0.5, 13.9375, 1.45], "rotation": 90, "texture": "#main"},
				"down": {"uv": [13.625, 0.5, 13.9375, 1.45], "rotation": 90, "texture": "#main"}
			}
		},
		{
			"from": [10.5, 10.25, 6.5],
			"to": [15, 13.75, 6.5],
			"rotation": {"angle": -45, "axis": "y", "origin": [12.25, 10, 6.75]},
			"faces": {
				"north": {"uv": [13.3125, 0, 12, 1.75], "rotation": 270, "texture": "#main"},
				"east": {"uv": [12, 0, 12.4375, 0], "rotation": 270, "texture": "#main"},
				"south": {"uv": [12, 0, 13.3125, 1.75], "rotation": 90, "texture": "#main"},
				"west": {"uv": [12, 0, 12.4375, 0], "rotation": 90, "texture": "#main"},
				"up": {"uv": [12, 0, 12.5625, 0], "rotation": 180, "texture": "#main"},
				"down": {"uv": [12, 0, 12.5625, 0], "texture": "#main"}
			}
		},
		{
			"from": [10.5, 10.25, 6.5],
			"to": [15, 13.75, 6.5],
			"rotation": {"angle": -45, "axis": "y", "origin": [12.25, 10, 6.75]},
			"faces": {
				"north": {"uv": [13.3125, 0, 12, 1.75], "rotation": 270, "texture": "#main"},
				"east": {"uv": [0, 0, 0, 0], "texture": "#main"},
				"south": {"uv": [12, 0, 13.3125, 1.75], "rotation": 90, "texture": "#main"},
				"west": {"uv": [0, 0, 0, 0], "texture": "#main"},
				"up": {"uv": [0, 0, 0, 0], "texture": "#main"},
				"down": {"uv": [0, 0, 0, 0], "texture": "#main"}
			}
		},
		{
			"from": [13.9, 11.1, 10],
			"to": [14.5, 11.1, 11],
			"rotation": {"angle": 0, "axis": "y", "origin": [10, 19, 15]},
			"faces": {
				"north": {"uv": [15.625, 0.5, 15.9375, 1.45], "rotation": 90, "texture": "#main"},
				"east": {"uv": [15.625, 0.5, 15.9375, 1.45], "rotation": 90, "texture": "#main"},
				"south": {"uv": [15.625, 0, 15.9375, 0.5125], "rotation": 90, "texture": "#main"},
				"west": {"uv": [15.625, 0.5, 15.9375, 1.45], "rotation": 90, "texture": "#main"},
				"up": {"uv": [15.625, 0, 15.9375, 0.5125], "rotation": 180, "texture": "#main"},
				"down": {"uv": [15.625, 0, 15.9375, 0.5125], "texture": "#main"}
			}
		},
		{
			"from": [13.9, 10.9, 8],
			"to": [14.5, 11.25, 10],
			"rotation": {"angle": 0, "axis": "y", "origin": [10, 19, 15]},
			"faces": {
				"north": {"uv": [15.625, 0.5, 15.9375, 1.45], "rotation": 90, "texture": "#main"},
				"east": {"uv": [15.625, 0.5, 15.9375, 1.45], "rotation": 90, "texture": "#main"},
				"south": {"uv": [15.625, 0.5, 15.9375, 1.45], "rotation": 90, "texture": "#main"},
				"west": {"uv": [15.625, 0.5, 15.9375, 1.45], "rotation": 90, "texture": "#main"},
				"up": {"uv": [15.625, 0.5, 15.9375, 1.45], "rotation": 180, "texture": "#main"},
				"down": {"uv": [15.625, 0.5, 15.9375, 1.45], "texture": "#main"}
			}
		},
		{
			"from": [14.25, 11.25, 7],
			"to": [14.25, 14.75, 11.5],
			"rotation": {"angle": -22.5, "axis": "z", "origin": [14.25, 11, 8.75]},
			"faces": {
				"north": {"uv": [14, 0, 14.4375, 0], "rotation": 90, "texture": "#main"},
				"east": {"uv": [15.3125, 0, 14, 1.75], "rotation": 270, "texture": "#main"},
				"south": {"uv": [14, 0, 14.4375, 0], "rotation": 270, "texture": "#main"},
				"west": {"uv": [14, 0, 15.3125, 1.75], "rotation": 90, "texture": "#main"},
				"up": {"uv": [14, 0, 14.5625, 0], "rotation": 270, "texture": "#main"},
				"down": {"uv": [14, 0, 14.5625, 0], "rotation": 270, "texture": "#main"}
			}
		},
		{
			"from": [14.25, 11.25, 7],
			"to": [14.25, 14.75, 11.5],
			"rotation": {"angle": 22.5, "axis": "z", "origin": [14.25, 11, 8.75]},
			"faces": {
				"north": {"uv": [0, 0, 0, 0], "texture": "#main"},
				"east": {"uv": [15.3125, 0, 14, 1.75], "rotation": 270, "texture": "#main"},
				"south": {"uv": [0, 0, 0, 0], "texture": "#main"},
				"west": {"uv": [14, 0, 15.3125, 1.75], "rotation": 90, "texture": "#main"},
				"up": {"uv": [0, 0, 0, 0], "texture": "#main"},
				"down": {"uv": [0, 0, 0, 0], "texture": "#main"}
			}
		},
		{
			"from": [12.9, 10.1, 11],
			"to": [13.5, 10.1, 12],
			"rotation": {"angle": 0, "axis": "y", "origin": [9, 18, 16]},
			"faces": {
				"north": {"uv": [1.625, 2.5, 1.9375, 3.45], "rotation": 90, "texture": "#main"},
				"east": {"uv": [1.625, 2.5, 1.9375, 3.45], "rotation": 90, "texture": "#main"},
				"south": {"uv": [1.625, 2, 1.9375, 2.5125], "rotation": 90, "texture": "#main"},
				"west": {"uv": [1.625, 2.5, 1.9375, 3.45], "rotation": 90, "texture": "#main"},
				"up": {"uv": [1.625, 2, 1.9375, 2.5125], "rotation": 180, "texture": "#main"},
				"down": {"uv": [1.625, 2, 1.9375, 2.5125], "texture": "#main"}
			}
		},
		{
			"from": [12.9, 9.9, 9],
			"to": [13.5, 10.25, 11],
			"rotation": {"angle": 0, "axis": "y", "origin": [9, 18, 16]},
			"faces": {
				"north": {"uv": [1.625, 2.5, 1.9375, 3.45], "rotation": 90, "texture": "#main"},
				"east": {"uv": [1.625, 2.5, 1.9375, 3.45], "rotation": 90, "texture": "#main"},
				"south": {"uv": [1.625, 2.5, 1.9375, 3.45], "rotation": 90, "texture": "#main"},
				"west": {"uv": [1.625, 2.5, 1.9375, 3.45], "rotation": 90, "texture": "#main"},
				"up": {"uv": [1.625, 2.5, 1.9375, 3.45], "rotation": 180, "texture": "#main"},
				"down": {"uv": [1.625, 2.5, 1.9375, 3.45], "texture": "#main"}
			}
		},
		{
			"from": [13.25, 10.25, 8],
			"to": [13.25, 13.75, 12.5],
			"rotation": {"angle": -45, "axis": "z", "origin": [13.25, 10, 9.75]},
			"faces": {
				"north": {"uv": [0, 2, 0.4375, 2], "rotation": 90, "texture": "#main"},
				"east": {"uv": [1.3125, 2, 0, 3.75], "rotation": 270, "texture": "#main"},
				"south": {"uv": [0, 2, 0.4375, 2], "rotation": 270, "texture": "#main"},
				"west": {"uv": [0, 2, 1.3125, 3.75], "rotation": 90, "texture": "#main"},
				"up": {"uv": [0, 2, 0.5625, 2], "rotation": 270, "texture": "#main"},
				"down": {"uv": [0, 2, 0.5625, 2], "rotation": 270, "texture": "#main"}
			}
		},
		{
			"from": [13.25, 10.25, 8],
			"to": [13.25, 13.75, 12.5],
			"rotation": {"angle": 45, "axis": "z", "origin": [13.25, 10, 9.75]},
			"faces": {
				"north": {"uv": [0, 0, 0, 0], "texture": "#main"},
				"east": {"uv": [1.3125, 2, 0, 3.75], "rotation": 270, "texture": "#main"},
				"south": {"uv": [0, 0, 0, 0], "texture": "#main"},
				"west": {"uv": [0, 2, 1.3125, 3.75], "rotation": 90, "texture": "#main"},
				"up": {"uv": [0, 0, 0, 0], "texture": "#main"},
				"down": {"uv": [0, 0, 0, 0], "texture": "#main"}
			}
		},
		{
			"from": [12.9, 8.1, 11],
			"to": [13.5, 8.1, 12],
			"rotation": {"angle": 0, "axis": "y", "origin": [9, 16, 16]},
			"faces": {
				"north": {"uv": [3.625, 2.5, 3.9375, 3.45], "rotation": 90, "texture": "#main"},
				"east": {"uv": [3.625, 2.5, 3.9375, 3.45], "rotation": 90, "texture": "#main"},
				"south": {"uv": [3.625, 2, 3.9375, 2.5125], "rotation": 90, "texture": "#main"},
				"west": {"uv": [3.625, 2.5, 3.9375, 3.45], "rotation": 90, "texture": "#main"},
				"up": {"uv": [3.625, 2, 3.9375, 2.5125], "rotation": 180, "texture": "#main"},
				"down": {"uv": [3.625, 2, 3.9375, 2.5125], "texture": "#main"}
			}
		},
		{
			"from": [12.9, 7.9, 9],
			"to": [13.5, 8.25, 11],
			"rotation": {"angle": 0, "axis": "y", "origin": [9, 16, 16]},
			"faces": {
				"north": {"uv": [3.625, 2.5, 3.9375, 3.45], "rotation": 90, "texture": "#main"},
				"east": {"uv": [3.625, 2.5, 3.9375, 3.45], "rotation": 90, "texture": "#main"},
				"south": {"uv": [3.625, 2.5, 3.9375, 3.45], "rotation": 90, "texture": "#main"},
				"west": {"uv": [3.625, 2.5, 3.9375, 3.45], "rotation": 90, "texture": "#main"},
				"up": {"uv": [3.625, 2.5, 3.9375, 3.45], "rotation": 180, "texture": "#main"},
				"down": {"uv": [3.625, 2.5, 3.9375, 3.45], "texture": "#main"}
			}
		},
		{
			"from": [13.5, 8, 8],
			"to": [17, 8, 12.5],
			"rotation": {"angle": 22.5, "axis": "z", "origin": [13.25, 8, 9.75]},
			"faces": {
				"north": {"uv": [2, 2, 2.4375, 2], "texture": "#main"},
				"east": {"uv": [2, 2, 2.5625, 2], "texture": "#main"},
				"south": {"uv": [2, 2, 2.4375, 2], "texture": "#main"},
				"west": {"uv": [2, 2, 2.5625, 2], "texture": "#main"},
				"up": {"uv": [2, 2, 3.3125, 3.75], "rotation": 180, "texture": "#main"},
				"down": {"uv": [3.3125, 2, 2, 3.75], "texture": "#main"}
			}
		},
		{
			"from": [9.5, 8, 8],
			"to": [13, 8, 12.5],
			"rotation": {"angle": -22.5, "axis": "z", "origin": [13.25, 8, 9.75]},
			"faces": {
				"north": {"uv": [0, 0, 0, 0], "texture": "#main"},
				"east": {"uv": [0, 0, 0, 0], "texture": "#main"},
				"south": {"uv": [0, 0, 0, 0], "texture": "#main"},
				"west": {"uv": [0, 0, 0, 0], "texture": "#main"},
				"up": {"uv": [3.3125, 2, 2, 3.75], "rotation": 180, "texture": "#main"},
				"down": {"uv": [2, 2, 3.3125, 3.75], "texture": "#main"}
			}
		},
		{
			"from": [10.9, 7.1, 9],
			"to": [11.5, 7.1, 10],
			"rotation": {"angle": -22.5, "axis": "y", "origin": [7, 15, 14]},
			"faces": {
				"north": {"uv": [5.625, 2.5, 5.9375, 3.45], "rotation": 90, "texture": "#main"},
				"east": {"uv": [5.625, 2.5, 5.9375, 3.45], "rotation": 90, "texture": "#main"},
				"south": {"uv": [5.625, 2, 5.9375, 2.5125], "rotation": 90, "texture": "#main"},
				"west": {"uv": [5.625, 2.5, 5.9375, 3.45], "rotation": 90, "texture": "#main"},
				"up": {"uv": [5.625, 2, 5.9375, 2.5125], "rotation": 180, "texture": "#main"},
				"down": {"uv": [5.625, 2, 5.9375, 2.5125], "texture": "#main"}
			}
		},
		{
			"from": [10.9, 6.9, 7],
			"to": [11.5, 7.25, 9],
			"rotation": {"angle": -22.5, "axis": "y", "origin": [7, 15, 14]},
			"faces": {
				"north": {"uv": [5.625, 2.5, 5.9375, 3.45], "rotation": 90, "texture": "#main"},
				"east": {"uv": [5.625, 2.5, 5.9375, 3.45], "rotation": 90, "texture": "#main"},
				"south": {"uv": [5.625, 2.5, 5.9375, 3.45], "rotation": 90, "texture": "#main"},
				"west": {"uv": [5.625, 2.5, 5.9375, 3.45], "rotation": 90, "texture": "#main"},
				"up": {"uv": [5.625, 2.5, 5.9375, 3.45], "rotation": 180, "texture": "#main"},
				"down": {"uv": [5.625, 2.5, 5.9375, 3.45], "texture": "#main"}
			}
		},
		{
			"from": [13.5, 7, 8],
			"to": [17, 7, 12.5],
			"rotation": {"angle": -22.5, "axis": "y", "origin": [13.25, 7, 9.75]},
			"faces": {
				"north": {"uv": [4, 2, 4.4375, 2], "texture": "#main"},
				"east": {"uv": [4, 2, 4.5625, 2], "texture": "#main"},
				"south": {"uv": [4, 2, 4.4375, 2], "texture": "#main"},
				"west": {"uv": [4, 2, 4.5625, 2], "texture": "#main"},
				"up": {"uv": [4, 2, 5.3125, 3.75], "rotation": 180, "texture": "#main"},
				"down": {"uv": [5.3125, 2, 4, 3.75], "texture": "#main"}
			}
		},
		{
			"from": [9.5, 7, 8],
			"to": [13, 7, 12.5],
			"rotation": {"angle": -22.5, "axis": "y", "origin": [13.25, 7, 9.75]},
			"faces": {
				"north": {"uv": [0, 0, 0, 0], "texture": "#main"},
				"east": {"uv": [0, 0, 0, 0], "texture": "#main"},
				"south": {"uv": [0, 0, 0, 0], "texture": "#main"},
				"west": {"uv": [0, 0, 0, 0], "texture": "#main"},
				"up": {"uv": [5.3125, 2, 4, 3.75], "rotation": 180, "texture": "#main"},
				"down": {"uv": [4, 2, 5.3125, 3.75], "texture": "#main"}
			}
		},
		{
			"from": [9.9, 6.1, 6],
			"to": [10.5, 6.1, 7],
			"rotation": {"angle": -45, "axis": "y", "origin": [6, 14, 11]},
			"faces": {
				"north": {"uv": [7.625, 2.5, 7.9375, 3.45], "rotation": 90, "texture": "#main"},
				"east": {"uv": [7.625, 2.5, 7.9375, 3.45], "rotation": 90, "texture": "#main"},
				"south": {"uv": [7.625, 2, 7.9375, 2.5125], "rotation": 90, "texture": "#main"},
				"west": {"uv": [7.625, 2.5, 7.9375, 3.45], "rotation": 90, "texture": "#main"},
				"up": {"uv": [7.625, 2, 7.9375, 2.5125], "rotation": 180, "texture": "#main"},
				"down": {"uv": [7.625, 2, 7.9375, 2.5125], "texture": "#main"}
			}
		},
		{
			"from": [9.9, 5.9, 4],
			"to": [10.5, 6.25, 6],
			"rotation": {"angle": -45, "axis": "y", "origin": [6, 14, 11]},
			"faces": {
				"north": {"uv": [7.625, 2.5, 7.9375, 3.45], "rotation": 90, "texture": "#main"},
				"east": {"uv": [7.625, 2.5, 7.9375, 3.45], "rotation": 90, "texture": "#main"},
				"south": {"uv": [7.625, 2.5, 7.9375, 3.45], "rotation": 90, "texture": "#main"},
				"west": {"uv": [7.625, 2.5, 7.9375, 3.45], "rotation": 90, "texture": "#main"},
				"up": {"uv": [7.625, 2.5, 7.9375, 3.45], "rotation": 180, "texture": "#main"},
				"down": {"uv": [7.625, 2.5, 7.9375, 3.45], "texture": "#main"}
			}
		},
		{
			"from": [13.5, 6, 8],
			"to": [17, 6, 12.5],
			"rotation": {"angle": -45, "axis": "y", "origin": [13.25, 6, 9.75]},
			"faces": {
				"north": {"uv": [6, 2, 6.4375, 2], "texture": "#main"},
				"east": {"uv": [6, 2, 6.5625, 2], "texture": "#main"},
				"south": {"uv": [6, 2, 6.4375, 2], "texture": "#main"},
				"west": {"uv": [6, 2, 6.5625, 2], "texture": "#main"},
				"up": {"uv": [6, 2, 7.3125, 3.75], "rotation": 180, "texture": "#main"},
				"down": {"uv": [7.3125, 2, 6, 3.75], "texture": "#main"}
			}
		},
		{
			"from": [9.5, 6, 8],
			"to": [13, 6, 12.5],
			"rotation": {"angle": -45, "axis": "y", "origin": [13.25, 6, 9.75]},
			"faces": {
				"north": {"uv": [0, 0, 0, 0], "texture": "#main"},
				"east": {"uv": [0, 0, 0, 0], "texture": "#main"},
				"south": {"uv": [0, 0, 0, 0], "texture": "#main"},
				"west": {"uv": [0, 0, 0, 0], "texture": "#main"},
				"up": {"uv": [7.3125, 2, 6, 3.75], "rotation": 180, "texture": "#main"},
				"down": {"uv": [6, 2, 7.3125, 3.75], "texture": "#main"}
			}
		},
		{
			"from": [9, 8.1, 11.9],
			"to": [10, 8.1, 12.5],
			"rotation": {"angle": 22.5, "axis": "y", "origin": [5, 16, 8]},
			"faces": {
				"north": {"uv": [9.625, 2.5, 9.9375, 3.45], "rotation": 90, "texture": "#main"},
				"east": {"uv": [9.625, 2.5, 9.9375, 3.45], "rotation": 90, "texture": "#main"},
				"south": {"uv": [9.625, 2.5, 9.9375, 3.45], "rotation": 90, "texture": "#main"},
				"west": {"uv": [9.625, 2, 9.9375, 2.5125], "rotation": 90, "texture": "#main"},
				"up": {"uv": [9.625, 2, 9.9375, 2.5125], "rotation": 270, "texture": "#main"},
				"down": {"uv": [9.625, 2, 9.9375, 2.5125], "rotation": 270, "texture": "#main"}
			}
		},
		{
			"from": [10, 7.9, 11.9],
			"to": [12, 8.25, 12.5],
			"rotation": {"angle": 22.5, "axis": "y", "origin": [5, 16, 8]},
			"faces": {
				"north": {"uv": [9.625, 2.5, 9.9375, 3.45], "rotation": 90, "texture": "#main"},
				"east": {"uv": [9.625, 2.5, 9.9375, 3.45], "rotation": 90, "texture": "#main"},
				"south": {"uv": [9.625, 2.5, 9.9375, 3.45], "rotation": 90, "texture": "#main"},
				"west": {"uv": [9.625, 2.5, 9.9375, 3.45], "rotation": 90, "texture": "#main"},
				"up": {"uv": [9.625, 2.5, 9.9375, 3.45], "rotation": 270, "texture": "#main"},
				"down": {"uv": [9.625, 2.5, 9.9375, 3.45], "rotation": 270, "texture": "#main"}
			}
		},
		{
			"from": [9.5, 8, 10],
			"to": [14, 8, 13.5],
			"rotation": {"angle": 22.5, "axis": "y", "origin": [12.25, 8, 9.75]},
			"faces": {
				"north": {"uv": [8, 2, 8.5625, 2], "texture": "#main"},
				"east": {"uv": [8, 2, 8.4375, 2], "texture": "#main"},
				"south": {"uv": [8, 2, 8.5625, 2], "texture": "#main"},
				"west": {"uv": [8, 2, 8.4375, 2], "texture": "#main"},
				"up": {"uv": [8, 2, 9.3125, 3.75], "rotation": 270, "texture": "#main"},
				"down": {"uv": [9.3125, 2, 8, 3.75], "rotation": 270, "texture": "#main"}
			}
		},
		{
			"from": [9.5, 8, 6],
			"to": [14, 8, 9.5],
			"rotation": {"angle": 22.5, "axis": "y", "origin": [12.25, 8, 9.75]},
			"faces": {
				"north": {"uv": [0, 0, 0, 0], "texture": "#main"},
				"east": {"uv": [0, 0, 0, 0], "texture": "#main"},
				"south": {"uv": [0, 0, 0, 0], "texture": "#main"},
				"west": {"uv": [0, 0, 0, 0], "texture": "#main"},
				"up": {"uv": [9.3125, 2, 8, 3.75], "rotation": 270, "texture": "#main"},
				"down": {"uv": [8, 2, 9.3125, 3.75], "rotation": 270, "texture": "#main"}
			}
		},
		{
			"from": [10, 8.1, 9.5],
			"to": [11, 8.1, 10.1],
			"rotation": {"angle": 0, "axis": "y", "origin": [6, 16, 6]},
			"faces": {
				"north": {"uv": [11.625, 2.5, 11.9375, 3.45], "rotation": 90, "texture": "#main"},
				"east": {"uv": [11.625, 2.5, 11.9375, 3.45], "rotation": 90, "texture": "#main"},
				"south": {"uv": [11.625, 2.5, 11.9375, 3.45], "rotation": 90, "texture": "#main"},
				"west": {"uv": [11.625, 2, 11.9375, 2.5125], "rotation": 90, "texture": "#main"},
				"up": {"uv": [11.625, 2, 11.9375, 2.5125], "rotation": 270, "texture": "#main"},
				"down": {"uv": [11.625, 2, 11.9375, 2.5125], "rotation": 270, "texture": "#main"}
			}
		},
		{
			"from": [11, 7.9, 9.5],
			"to": [13, 8.25, 10.1],
			"rotation": {"angle": 0, "axis": "y", "origin": [6, 16, 6]},
			"faces": {
				"north": {"uv": [11.625, 2.5, 11.9375, 3.45], "rotation": 90, "texture": "#main"},
				"east": {"uv": [11.625, 2.5, 11.9375, 3.45], "rotation": 90, "texture": "#main"},
				"south": {"uv": [11.625, 2.5, 11.9375, 3.45], "rotation": 90, "texture": "#main"},
				"west": {"uv": [11.625, 2.5, 11.9375, 3.45], "rotation": 90, "texture": "#main"},
				"up": {"uv": [11.625, 2.5, 11.9375, 3.45], "rotation": 270, "texture": "#main"},
				"down": {"uv": [11.625, 2.5, 11.9375, 3.45], "rotation": 270, "texture": "#main"}
			}
		},
		{
			"from": [9.5, 8, 10],
			"to": [14, 8, 13.5],
			"rotation": {"angle": 0, "axis": "y", "origin": [12.25, 8, 9.75]},
			"faces": {
				"north": {"uv": [10, 2, 10.5625, 2], "texture": "#main"},
				"east": {"uv": [10, 2, 10.4375, 2], "texture": "#main"},
				"south": {"uv": [10, 2, 10.5625, 2], "texture": "#main"},
				"west": {"uv": [10, 2, 10.4375, 2], "texture": "#main"},
				"up": {"uv": [10, 2, 11.3125, 3.75], "rotation": 270, "texture": "#main"},
				"down": {"uv": [11.3125, 2, 10, 3.75], "rotation": 270, "texture": "#main"}
			}
		},
		{
			"from": [9.5, 8, 6],
			"to": [14, 8, 9.5],
			"rotation": {"angle": 0, "axis": "y", "origin": [12.25, 8, 9.75]},
			"faces": {
				"north": {"uv": [0, 0, 0, 0], "texture": "#main"},
				"east": {"uv": [0, 0, 0, 0], "texture": "#main"},
				"south": {"uv": [0, 0, 0, 0], "texture": "#main"},
				"west": {"uv": [0, 0, 0, 0], "texture": "#main"},
				"up": {"uv": [11.3125, 2, 10, 3.75], "rotation": 270, "texture": "#main"},
				"down": {"uv": [10, 2, 11.3125, 3.75], "rotation": 270, "texture": "#main"}
			}
		},
		{
			"from": [9, 9.1, 9.5],
			"to": [10, 9.1, 10.1],
			"rotation": {"angle": 0, "axis": "y", "origin": [5, 17, 6]},
			"faces": {
				"north": {"uv": [13.625, 2.5, 13.9375, 3.45], "rotation": 90, "texture": "#main"},
				"east": {"uv": [13.625, 2.5, 13.9375, 3.45], "rotation": 90, "texture": "#main"},
				"south": {"uv": [13.625, 2.5, 13.9375, 3.45], "rotation": 90, "texture": "#main"},
				"west": {"uv": [13.625, 2, 13.9375, 2.5125], "rotation": 90, "texture": "#main"},
				"up": {"uv": [13.625, 2, 13.9375, 2.5125], "rotation": 270, "texture": "#main"},
				"down": {"uv": [13.625, 2, 13.9375, 2.5125], "rotation": 270, "texture": "#main"}
			}
		},
		{
			"from": [10, 8.9, 9.5],
			"to": [12, 9.25, 10.1],
			"rotation": {"angle": 0, "axis": "y", "origin": [5, 17, 6]},
			"faces": {
				"north": {"uv": [13.625, 2.5, 13.9375, 3.45], "rotation": 90, "texture": "#main"},
				"east": {"uv": [13.625, 2.5, 13.9375, 3.45], "rotation": 90, "texture": "#main"},
				"south": {"uv": [13.625, 2.5, 13.9375, 3.45], "rotation": 90, "texture": "#main"},
				"west": {"uv": [13.625, 2.5, 13.9375, 3.45], "rotation": 90, "texture": "#main"},
				"up": {"uv": [13.625, 2.5, 13.9375, 3.45], "rotation": 270, "texture": "#main"},
				"down": {"uv": [13.625, 2.5, 13.9375, 3.45], "rotation": 270, "texture": "#main"}
			}
		},
		{
			"from": [8.5, 9, 10],
			"to": [13, 9, 13.5],
			"rotation": {"angle": -22.5, "axis": "x", "origin": [11.25, 9, 9.75]},
			"faces": {
				"north": {"uv": [12, 2, 12.5625, 2], "texture": "#main"},
				"east": {"uv": [12, 2, 12.4375, 2], "texture": "#main"},
				"south": {"uv": [12, 2, 12.5625, 2], "texture": "#main"},
				"west": {"uv": [12, 2, 12.4375, 2], "texture": "#main"},
				"up": {"uv": [12, 2, 13.3125, 3.75], "rotation": 270, "texture": "#main"},
				"down": {"uv": [13.3125, 2, 12, 3.75], "rotation": 270, "texture": "#main"}
			}
		},
		{
			"from": [8.5, 9, 6],
			"to": [13, 9, 9.5],
			"rotation": {"angle": 22.5, "axis": "x", "origin": [11.25, 9, 9.75]},
			"faces": {
				"north": {"uv": [0, 0, 0, 0], "texture": "#main"},
				"east": {"uv": [0, 0, 0, 0], "texture": "#main"},
				"south": {"uv": [0, 0, 0, 0], "texture": "#main"},
				"west": {"uv": [0, 0, 0, 0], "texture": "#main"},
				"up": {"uv": [13.3125, 2, 12, 3.75], "rotation": 270, "texture": "#main"},
				"down": {"uv": [12, 2, 13.3125, 3.75], "rotation": 270, "texture": "#main"}
			}
		},
		{
			"from": [8, 9.1, 8.5],
			"to": [9, 9.1, 9.1],
			"rotation": {"angle": 0, "axis": "y", "origin": [4, 17, 5]},
			"faces": {
				"north": {"uv": [15.625, 2.5, 15.9375, 3.45], "rotation": 90, "texture": "#main"},
				"east": {"uv": [15.625, 2.5, 15.9375, 3.45], "rotation": 90, "texture": "#main"},
				"south": {"uv": [15.625, 2.5, 15.9375, 3.45], "rotation": 90, "texture": "#main"},
				"west": {"uv": [15.625, 2, 15.9375, 2.5125], "rotation": 90, "texture": "#main"},
				"up": {"uv": [15.625, 2, 15.9375, 2.5125], "rotation": 270, "texture": "#main"},
				"down": {"uv": [15.625, 2, 15.9375, 2.5125], "rotation": 270, "texture": "#main"}
			}
		},
		{
			"from": [9, 8.9, 8.5],
			"to": [11, 9.25, 9.1],
			"rotation": {"angle": 0, "axis": "y", "origin": [4, 17, 5]},
			"faces": {
				"north": {"uv": [15.625, 2.5, 15.9375, 3.45], "rotation": 90, "texture": "#main"},
				"east": {"uv": [15.625, 2.5, 15.9375, 3.45], "rotation": 90, "texture": "#main"},
				"south": {"uv": [15.625, 2.5, 15.9375, 3.45], "rotation": 90, "texture": "#main"},
				"west": {"uv": [15.625, 2.5, 15.9375, 3.45], "rotation": 90, "texture": "#main"},
				"up": {"uv": [15.625, 2.5, 15.9375, 3.45], "rotation": 270, "texture": "#main"},
				"down": {"uv": [15.625, 2.5, 15.9375, 3.45], "rotation": 270, "texture": "#main"}
			}
		},
		{
			"from": [7.5, 9, 9],
			"to": [12, 9, 12.5],
			"rotation": {"angle": -45, "axis": "x", "origin": [10.25, 9, 8.75]},
			"faces": {
				"north": {"uv": [14, 2, 14.5625, 2], "texture": "#main"},
				"east": {"uv": [14, 2, 14.4375, 2], "texture": "#main"},
				"south": {"uv": [14, 2, 14.5625, 2], "texture": "#main"},
				"west": {"uv": [14, 2, 14.4375, 2], "texture": "#main"},
				"up": {"uv": [14, 2, 15.3125, 3.75], "rotation": 270, "texture": "#main"},
				"down": {"uv": [15.3125, 2, 14, 3.75], "rotation": 270, "texture": "#main"}
			}
		},
		{
			"from": [7.5, 9, 5],
			"to": [12, 9, 8.5],
			"rotation": {"angle": 45, "axis": "x", "origin": [10.25, 9, 8.75]},
			"faces": {
				"north": {"uv": [0, 0, 0, 0], "texture": "#main"},
				"east": {"uv": [0, 0, 0, 0], "texture": "#main"},
				"south": {"uv": [0, 0, 0, 0], "texture": "#main"},
				"west": {"uv": [0, 0, 0, 0], "texture": "#main"},
				"up": {"uv": [15.3125, 2, 14, 3.75], "rotation": 270, "texture": "#main"},
				"down": {"uv": [14, 2, 15.3125, 3.75], "rotation": 270, "texture": "#main"}
			}
		},
		{
			"from": [6, 10.1, 8.5],
			"to": [7, 10.1, 9.1],
			"rotation": {"angle": 0, "axis": "y", "origin": [2, 18, 5]},
			"faces": {
				"north": {"uv": [1.625, 4.5, 1.9375, 5.45], "rotation": 90, "texture": "#main"},
				"east": {"uv": [1.625, 4.5, 1.9375, 5.45], "rotation": 90, "texture": "#main"},
				"south": {"uv": [1.625, 4.5, 1.9375, 5.45], "rotation": 90, "texture": "#main"},
				"west": {"uv": [1.625, 4, 1.9375, 4.5125], "rotation": 90, "texture": "#main"},
				"up": {"uv": [1.625, 4, 1.9375, 4.5125], "rotation": 270, "texture": "#main"},
				"down": {"uv": [1.625, 4, 1.9375, 4.5125], "rotation": 270, "texture": "#main"}
			}
		},
		{
			"from": [7, 9.9, 8.5],
			"to": [9, 10.25, 9.1],
			"rotation": {"angle": 0, "axis": "y", "origin": [2, 18, 5]},
			"faces": {
				"north": {"uv": [1.625, 4.5, 1.9375, 5.45], "rotation": 90, "texture": "#main"},
				"east": {"uv": [1.625, 4.5, 1.9375, 5.45], "rotation": 90, "texture": "#main"},
				"south": {"uv": [1.625, 4.5, 1.9375, 5.45], "rotation": 90, "texture": "#main"},
				"west": {"uv": [1.625, 4.5, 1.9375, 5.45], "rotation": 90, "texture": "#main"},
				"up": {"uv": [1.625, 4.5, 1.9375, 5.45], "rotation": 270, "texture": "#main"},
				"down": {"uv": [1.625, 4.5, 1.9375, 5.45], "rotation": 270, "texture": "#main"}
			}
		},
		{
			"from": [5.5, 10.25, 8.75],
			"to": [10, 13.75, 8.75],
			"rotation": {"angle": 22.5, "axis": "x", "origin": [8.25, 10, 8.75]},
			"faces": {
				"north": {"uv": [0, 4, 1.3125, 5.75], "rotation": 90, "texture": "#main"},
				"east": {"uv": [0, 4, 0.4375, 4], "rotation": 90, "texture": "#main"},
				"south": {"uv": [1.3125, 4, 0, 5.75], "rotation": 270, "texture": "#main"},
				"west": {"uv": [0, 4, 0.4375, 4], "rotation": 270, "texture": "#main"},
				"up": {"uv": [0, 4, 0.5625, 4], "texture": "#main"},
				"down": {"uv": [0, 4, 0.5625, 4], "rotation": 180, "texture": "#main"}
			}
		},
		{
			"from": [5.5, 10.25, 8.75],
			"to": [10, 13.75, 8.75],
			"rotation": {"angle": -22.5, "axis": "x", "origin": [8.25, 10, 8.75]},
			"faces": {
				"north": {"uv": [0, 4, 1.3125, 5.75], "rotation": 90, "texture": "#main"},
				"east": {"uv": [0, 0, 0, 0], "texture": "#main"},
				"south": {"uv": [1.3125, 4, 0, 5.75], "rotation": 270, "texture": "#main"},
				"west": {"uv": [0, 0, 0, 0], "texture": "#main"},
				"up": {"uv": [0, 0, 0, 0], "texture": "#main"},
				"down": {"uv": [0, 0, 0, 0], "texture": "#main"}
			}
		},
		{
			"from": [8, 10.1, 6.5],
			"to": [9, 10.1, 7.1],
			"rotation": {"angle": -22.5, "axis": "y", "origin": [4, 18, 3]},
			"faces": {
				"north": {"uv": [3.625, 4.5, 3.9375, 5.45], "rotation": 90, "texture": "#main"},
				"east": {"uv": [3.625, 4.5, 3.9375, 5.45], "rotation": 90, "texture": "#main"},
				"south": {"uv": [3.625, 4.5, 3.9375, 5.45], "rotation": 90, "texture": "#main"},
				"west": {"uv": [3.625, 4, 3.9375, 4.5125], "rotation": 90, "texture": "#main"},
				"up": {"uv": [3.625, 4, 3.9375, 4.5125], "rotation": 270, "texture": "#main"},
				"down": {"uv": [3.625, 4, 3.9375, 4.5125], "rotation": 270, "texture": "#main"}
			}
		},
		{
			"from": [9, 9.9, 6.5],
			"to": [11, 10.25, 7.1],
			"rotation": {"angle": -22.5, "axis": "y", "origin": [4, 18, 3]},
			"faces": {
				"north": {"uv": [3.625, 4.5, 3.9375, 5.45], "rotation": 90, "texture": "#main"},
				"east": {"uv": [3.625, 4.5, 3.9375, 5.45], "rotation": 90, "texture": "#main"},
				"south": {"uv": [3.625, 4.5, 3.9375, 5.45], "rotation": 90, "texture": "#main"},
				"west": {"uv": [3.625, 4.5, 3.9375, 5.45], "rotation": 90, "texture": "#main"},
				"up": {"uv": [3.625, 4.5, 3.9375, 5.45], "rotation": 270, "texture": "#main"},
				"down": {"uv": [3.625, 4.5, 3.9375, 5.45], "rotation": 270, "texture": "#main"}
			}
		},
		{
			"from": [5.5, 10.25, 8.75],
			"to": [10, 13.75, 8.75],
			"rotation": {"angle": -22.5, "axis": "y", "origin": [8.25, 10, 8.75]},
			"faces": {
				"north": {"uv": [2, 4, 3.3125, 5.75], "rotation": 90, "texture": "#main"},
				"east": {"uv": [2, 4, 2.4375, 4], "rotation": 90, "texture": "#main"},
				"south": {"uv": [3.3125, 4, 2, 5.75], "rotation": 270, "texture": "#main"},
				"west": {"uv": [2, 4, 2.4375, 4], "rotation": 270, "texture": "#main"},
				"up": {"uv": [2, 4, 2.5625, 4], "texture": "#main"},
				"down": {"uv": [2, 4, 2.5625, 4], "rotation": 180, "texture": "#main"}
			}
		},
		{
			"from": [5.5, 10.25, 8.75],
			"to": [10, 13.75, 8.75],
			"rotation": {"angle": -22.5, "axis": "y", "origin": [8.25, 10, 8.75]},
			"faces": {
				"north": {"uv": [2, 4, 3.3125, 5.75], "rotation": 90, "texture": "#main"},
				"east": {"uv": [0, 0, 0, 0], "texture": "#main"},
				"south": {"uv": [3.3125, 4, 2, 5.75], "rotation": 270, "texture": "#main"},
				"west": {"uv": [0, 0, 0, 0], "texture": "#main"},
				"up": {"uv": [0, 0, 0, 0], "texture": "#main"},
				"down": {"uv": [0, 0, 0, 0], "texture": "#main"}
			}
		},
		{
			"from": [9, 10.1, 5.5],
			"to": [10, 10.1, 6.1],
			"rotation": {"angle": -45, "axis": "y", "origin": [5, 18, 2]},
			"faces": {
				"north": {"uv": [5.625, 4.5, 5.9375, 5.45], "rotation": 90, "texture": "#main"},
				"east": {"uv": [5.625, 4.5, 5.9375, 5.45], "rotation": 90, "texture": "#main"},
				"south": {"uv": [5.625, 4.5, 5.9375, 5.45], "rotation": 90, "texture": "#main"},
				"west": {"uv": [5.625, 4, 5.9375, 4.5125], "rotation": 90, "texture": "#main"},
				"up": {"uv": [5.625, 4, 5.9375, 4.5125], "rotation": 270, "texture": "#main"},
				"down": {"uv": [5.625, 4, 5.9375, 4.5125], "rotation": 270, "texture": "#main"}
			}
		},
		{
			"from": [10, 9.9, 5.5],
			"to": [12, 10.25, 6.1],
			"rotation": {"angle": -45, "axis": "y", "origin": [5, 18, 2]},
			"faces": {
				"north": {"uv": [5.625, 4.5, 5.9375, 5.45], "rotation": 90, "texture": "#main"},
				"east": {"uv": [5.625, 4.5, 5.9375, 5.45], "rotation": 90, "texture": "#main"},
				"south": {"uv": [5.625, 4.5, 5.9375, 5.45], "rotation": 90, "texture": "#main"},
				"west": {"uv": [5.625, 4.5, 5.9375, 5.45], "rotation": 90, "texture": "#main"},
				"up": {"uv": [5.625, 4.5, 5.9375, 5.45], "rotation": 270, "texture": "#main"},
				"down": {"uv": [5.625, 4.5, 5.9375, 5.45], "rotation": 270, "texture": "#main"}
			}
		},
		{
			"from": [3.5, 10.25, 8.75],
			"to": [8, 13.75, 8.75],
			"rotation": {"angle": -45, "axis": "y", "origin": [6.25, 10, 8.75]},
			"faces": {
				"north": {"uv": [4, 4, 5.3125, 5.75], "rotation": 90, "texture": "#main"},
				"east": {"uv": [4, 4, 4.4375, 4], "rotation": 90, "texture": "#main"},
				"south": {"uv": [5.3125, 4, 4, 5.75], "rotation": 270, "texture": "#main"},
				"west": {"uv": [4, 4, 4.4375, 4], "rotation": 270, "texture": "#main"},
				"up": {"uv": [4, 4, 4.5625, 4], "texture": "#main"},
				"down": {"uv": [4, 4, 4.5625, 4], "rotation": 180, "texture": "#main"}
			}
		},
		{
			"from": [3.5, 10.25, 8.75],
			"to": [8, 13.75, 8.75],
			"rotation": {"angle": -45, "axis": "y", "origin": [6.25, 10, 8.75]},
			"faces": {
				"north": {"uv": [4, 4, 5.3125, 5.75], "rotation": 90, "texture": "#main"},
				"east": {"uv": [0, 0, 0, 0], "texture": "#main"},
				"south": {"uv": [5.3125, 4, 4, 5.75], "rotation": 270, "texture": "#main"},
				"west": {"uv": [0, 0, 0, 0], "texture": "#main"},
				"up": {"uv": [0, 0, 0, 0], "texture": "#main"},
				"down": {"uv": [0, 0, 0, 0], "texture": "#main"}
			}
		},
		{
			"from": [7, 10.1, 6.5],
			"to": [8, 10.1, 7.1],
			"rotation": {"angle": -45, "axis": "y", "origin": [3, 18, 3]},
			"faces": {
				"north": {"uv": [7.625, 4.5, 7.9375, 5.45], "rotation": 90, "texture": "#main"},
				"east": {"uv": [7.625, 4.5, 7.9375, 5.45], "rotation": 90, "texture": "#main"},
				"south": {"uv": [7.625, 4.5, 7.9375, 5.45], "rotation": 90, "texture": "#main"},
				"west": {"uv": [7.625, 4, 7.9375, 4.5125], "rotation": 90, "texture": "#main"},
				"up": {"uv": [7.625, 4, 7.9375, 4.5125], "rotation": 270, "texture": "#main"},
				"down": {"uv": [7.625, 4, 7.9375, 4.5125], "rotation": 270, "texture": "#main"}
			}
		},
		{
			"from": [8, 9.9, 6.5],
			"to": [10, 10.25, 7.1],
			"rotation": {"angle": -45, "axis": "y", "origin": [3, 18, 3]},
			"faces": {
				"north": {"uv": [7.625, 4.5, 7.9375, 5.45], "rotation": 90, "texture": "#main"},
				"east": {"uv": [7.625, 4.5, 7.9375, 5.45], "rotation": 90, "texture": "#main"},
				"south": {"uv": [7.625, 4.5, 7.9375, 5.45], "rotation": 90, "texture": "#main"},
				"west": {"uv": [7.625, 4.5, 7.9375, 5.45], "rotation": 90, "texture": "#main"},
				"up": {"uv": [7.625, 4.5, 7.9375, 5.45], "rotation": 270, "texture": "#main"},
				"down": {"uv": [7.625, 4.5, 7.9375, 5.45], "rotation": 270, "texture": "#main"}
			}
		},
		{
			"from": [4.25, 10.25, 7],
			"to": [4.25, 13.75, 11.5],
			"rotation": {"angle": 45, "axis": "y", "origin": [4.25, 10, 9.75]},
			"faces": {
				"north": {"uv": [6, 4, 6.4375, 4], "rotation": 270, "texture": "#main"},
				"east": {"uv": [6, 4, 7.3125, 5.75], "rotation": 90, "texture": "#main"},
				"south": {"uv": [6, 4, 6.4375, 4], "rotation": 90, "texture": "#main"},
				"west": {"uv": [7.3125, 4, 6, 5.75], "rotation": 270, "texture": "#main"},
				"up": {"uv": [6, 4, 6.5625, 4], "rotation": 90, "texture": "#main"},
				"down": {"uv": [6, 4, 6.5625, 4], "rotation": 90, "texture": "#main"}
			}
		},
		{
			"from": [4.25, 10.25, 7],
			"to": [4.25, 13.75, 11.5],
			"rotation": {"angle": 45, "axis": "y", "origin": [4.25, 10, 9.75]},
			"faces": {
				"north": {"uv": [0, 0, 0, 0], "texture": "#main"},
				"east": {"uv": [6, 4, 7.3125, 5.75], "rotation": 90, "texture": "#main"},
				"south": {"uv": [0, 0, 0, 0], "texture": "#main"},
				"west": {"uv": [7.3125, 4, 6, 5.75], "rotation": 270, "texture": "#main"},
				"up": {"uv": [0, 0, 0, 0], "texture": "#main"},
				"down": {"uv": [0, 0, 0, 0], "texture": "#main"}
			}
		},
		{
			"from": [2.9, 10.1, 8],
			"to": [3.5, 10.1, 9],
			"rotation": {"angle": 0, "axis": "y", "origin": [7, 18, 4]},
			"faces": {
				"north": {"uv": [9.625, 4, 9.9375, 4.5125], "rotation": 90, "texture": "#main"},
				"east": {"uv": [9.625, 4.5, 9.9375, 5.45], "rotation": 90, "texture": "#main"},
				"south": {"uv": [9.625, 4.5, 9.9375, 5.45], "rotation": 90, "texture": "#main"},
				"west": {"uv": [9.625, 4.5, 9.9375, 5.45], "rotation": 90, "texture": "#main"},
				"up": {"uv": [9.625, 4, 9.9375, 4.5125], "texture": "#main"},
				"down": {"uv": [9.625, 4, 9.9375, 4.5125], "rotation": 180, "texture": "#main"}
			}
		},
		{
			"from": [2.9, 9.9, 9],
			"to": [3.5, 10.25, 11],
			"rotation": {"angle": 0, "axis": "y", "origin": [7, 18, 4]},
			"faces": {
				"north": {"uv": [9.625, 4.5, 9.9375, 5.45], "rotation": 90, "texture": "#main"},
				"east": {"uv": [9.625, 4.5, 9.9375, 5.45], "rotation": 90, "texture": "#main"},
				"south": {"uv": [9.625, 4.5, 9.9375, 5.45], "rotation": 90, "texture": "#main"},
				"west": {"uv": [9.625, 4.5, 9.9375, 5.45], "rotation": 90, "texture": "#main"},
				"up": {"uv": [9.625, 4.5, 9.9375, 5.45], "texture": "#main"},
				"down": {"uv": [9.625, 4.5, 9.9375, 5.45], "rotation": 180, "texture": "#main"}
			}
		},
		{
			"from": [3.25, 10.25, 7],
			"to": [3.25, 13.75, 11.5],
			"rotation": {"angle": 0, "axis": "y", "origin": [3.25, 10, 9.75]},
			"faces": {
				"north": {"uv": [8, 4, 8.4375, 4], "rotation": 270, "texture": "#main"},
				"east": {"uv": [8, 4, 9.3125, 5.75], "rotation": 90, "texture": "#main"},
				"south": {"uv": [8, 4, 8.4375, 4], "rotation": 90, "texture": "#main"},
				"west": {"uv": [9.3125, 4, 8, 5.75], "rotation": 270, "texture": "#main"},
				"up": {"uv": [8, 4, 8.5625, 4], "rotation": 90, "texture": "#main"},
				"down": {"uv": [8, 4, 8.5625, 4], "rotation": 90, "texture": "#main"}
			}
		},
		{
			"from": [3.25, 10.25, 7],
			"to": [3.25, 13.75, 11.5],
			"rotation": {"angle": 0, "axis": "y", "origin": [3.25, 10, 9.75]},
			"faces": {
				"north": {"uv": [0, 0, 0, 0], "texture": "#main"},
				"east": {"uv": [8, 4, 9.3125, 5.75], "rotation": 90, "texture": "#main"},
				"south": {"uv": [0, 0, 0, 0], "texture": "#main"},
				"west": {"uv": [9.3125, 4, 8, 5.75], "rotation": 270, "texture": "#main"},
				"up": {"uv": [0, 0, 0, 0], "texture": "#main"},
				"down": {"uv": [0, 0, 0, 0], "texture": "#main"}
			}
		},
		{
			"from": [2.9, 9.1, 7],
			"to": [3.5, 9.1, 8],
			"rotation": {"angle": 0, "axis": "y", "origin": [7, 17, 3]},
			"faces": {
				"north": {"uv": [11.625, 4, 11.9375, 4.5125], "rotation": 90, "texture": "#main"},
				"east": {"uv": [11.625, 4.5, 11.9375, 5.45], "rotation": 90, "texture": "#main"},
				"south": {"uv": [11.625, 4.5, 11.9375, 5.45], "rotation": 90, "texture": "#main"},
				"west": {"uv": [11.625, 4.5, 11.9375, 5.45], "rotation": 90, "texture": "#main"},
				"up": {"uv": [11.625, 4, 11.9375, 4.5125], "texture": "#main"},
				"down": {"uv": [11.625, 4, 11.9375, 4.5125], "rotation": 180, "texture": "#main"}
			}
		},
		{
			"from": [2.9, 8.9, 8],
			"to": [3.5, 9.25, 10],
			"rotation": {"angle": 0, "axis": "y", "origin": [7, 17, 3]},
			"faces": {
				"north": {"uv": [11.625, 4.5, 11.9375, 5.45], "rotation": 90, "texture": "#main"},
				"east": {"uv": [11.625, 4.5, 11.9375, 5.45], "rotation": 90, "texture": "#main"},
				"south": {"uv": [11.625, 4.5, 11.9375, 5.45], "rotation": 90, "texture": "#main"},
				"west": {"uv": [11.625, 4.5, 11.9375, 5.45], "rotation": 90, "texture": "#main"},
				"up": {"uv": [11.625, 4.5, 11.9375, 5.45], "texture": "#main"},
				"down": {"uv": [11.625, 4.5, 11.9375, 5.45], "rotation": 180, "texture": "#main"}
			}
		},
		{
			"from": [3.25, 9.25, 6],
			"to": [3.25, 12.75, 10.5],
			"rotation": {"angle": -22.5, "axis": "z", "origin": [3.25, 9, 8.75]},
			"faces": {
				"north": {"uv": [10, 4, 10.4375, 4], "rotation": 270, "texture": "#main"},
				"east": {"uv": [10, 4, 11.3125, 5.75], "rotation": 90, "texture": "#main"},
				"south": {"uv": [10, 4, 10.4375, 4], "rotation": 90, "texture": "#main"},
				"west": {"uv": [11.3125, 4, 10, 5.75], "rotation": 270, "texture": "#main"},
				"up": {"uv": [10, 4, 10.5625, 4], "rotation": 90, "texture": "#main"},
				"down": {"uv": [10, 4, 10.5625, 4], "rotation": 90, "texture": "#main"}
			}
		},
		{
			"from": [3.25, 9.25, 6],
			"to": [3.25, 12.75, 10.5],
			"rotation": {"angle": 22.5, "axis": "z", "origin": [3.25, 9, 8.75]},
			"faces": {
				"north": {"uv": [0, 0, 0, 0], "texture": "#main"},
				"east": {"uv": [10, 4, 11.3125, 5.75], "rotation": 90, "texture": "#main"},
				"south": {"uv": [0, 0, 0, 0], "texture": "#main"},
				"west": {"uv": [11.3125, 4, 10, 5.75], "rotation": 270, "texture": "#main"},
				"up": {"uv": [0, 0, 0, 0], "texture": "#main"},
				"down": {"uv": [0, 0, 0, 0], "texture": "#main"}
			}
		},
		{
			"from": [2.9, 9.1, 6],
			"to": [3.5, 9.1, 7],
			"rotation": {"angle": 0, "axis": "y", "origin": [7, 17, 2]},
			"faces": {
				"north": {"uv": [13.625, 4, 13.9375, 4.5125], "rotation": 90, "texture": "#main"},
				"east": {"uv": [13.625, 4.5, 13.9375, 5.45], "rotation": 90, "texture": "#main"},
				"south": {"uv": [13.625, 4.5, 13.9375, 5.45], "rotation": 90, "texture": "#main"},
				"west": {"uv": [13.625, 4.5, 13.9375, 5.45], "rotation": 90, "texture": "#main"},
				"up": {"uv": [13.625, 4, 13.9375, 4.5125], "texture": "#main"},
				"down": {"uv": [13.625, 4, 13.9375, 4.5125], "rotation": 180, "texture": "#main"}
			}
		},
		{
			"from": [2.9, 8.9, 7],
			"to": [3.5, 9.25, 9],
			"rotation": {"angle": 0, "axis": "y", "origin": [7, 17, 2]},
			"faces": {
				"north": {"uv": [13.625, 4.5, 13.9375, 5.45], "rotation": 90, "texture": "#main"},
				"east": {"uv": [13.625, 4.5, 13.9375, 5.45], "rotation": 90, "texture": "#main"},
				"south": {"uv": [13.625, 4.5, 13.9375, 5.45], "rotation": 90, "texture": "#main"},
				"west": {"uv": [13.625, 4.5, 13.9375, 5.45], "rotation": 90, "texture": "#main"},
				"up": {"uv": [13.625, 4.5, 13.9375, 5.45], "texture": "#main"},
				"down": {"uv": [13.625, 4.5, 13.9375, 5.45], "rotation": 180, "texture": "#main"}
			}
		},
		{
			"from": [3.25, 9.25, 5],
			"to": [3.25, 12.75, 9.5],
			"rotation": {"angle": -45, "axis": "z", "origin": [3.25, 9, 7.75]},
			"faces": {
				"north": {"uv": [12, 4, 12.4375, 4], "rotation": 270, "texture": "#main"},
				"east": {"uv": [12, 4, 13.3125, 5.75], "rotation": 90, "texture": "#main"},
				"south": {"uv": [12, 4, 12.4375, 4], "rotation": 90, "texture": "#main"},
				"west": {"uv": [13.3125, 4, 12, 5.75], "rotation": 270, "texture": "#main"},
				"up": {"uv": [12, 4, 12.5625, 4], "rotation": 90, "texture": "#main"},
				"down": {"uv": [12, 4, 12.5625, 4], "rotation": 90, "texture": "#main"}
			}
		},
		{
			"from": [3.25, 9.25, 5],
			"to": [3.25, 12.75, 9.5],
			"rotation": {"angle": 45, "axis": "z", "origin": [3.25, 9, 7.75]},
			"faces": {
				"north": {"uv": [0, 0, 0, 0], "texture": "#main"},
				"east": {"uv": [12, 4, 13.3125, 5.75], "rotation": 90, "texture": "#main"},
				"south": {"uv": [0, 0, 0, 0], "texture": "#main"},
				"west": {"uv": [13.3125, 4, 12, 5.75], "rotation": 270, "texture": "#main"},
				"up": {"uv": [0, 0, 0, 0], "texture": "#main"},
				"down": {"uv": [0, 0, 0, 0], "texture": "#main"}
			}
		},
		{
			"from": [4.9, 9.1, 8],
			"to": [5.5, 9.1, 9],
			"rotation": {"angle": -22.5, "axis": "y", "origin": [9, 17, 4]},
			"faces": {
				"north": {"uv": [15.625, 4, 15.9375, 4.5125], "rotation": 90, "texture": "#main"},
				"east": {"uv": [15.625, 4.5, 15.9375, 5.45], "rotation": 90, "texture": "#main"},
				"south": {"uv": [15.625, 4.5, 15.9375, 5.45], "rotation": 90, "texture": "#main"},
				"west": {"uv": [15.625, 4.5, 15.9375, 5.45], "rotation": 90, "texture": "#main"},
				"up": {"uv": [15.625, 4, 15.9375, 4.5125], "texture": "#main"},
				"down": {"uv": [15.625, 4, 15.9375, 4.5125], "rotation": 180, "texture": "#main"}
			}
		},
		{
			"from": [4.9, 8.9, 9],
			"to": [5.5, 9.25, 11],
			"rotation": {"angle": -22.5, "axis": "y", "origin": [9, 17, 4]},
			"faces": {
				"north": {"uv": [15.625, 4.5, 15.9375, 5.45], "rotation": 90, "texture": "#main"},
				"east": {"uv": [15.625, 4.5, 15.9375, 5.45], "rotation": 90, "texture": "#main"},
				"south": {"uv": [15.625, 4.5, 15.9375, 5.45], "rotation": 90, "texture": "#main"},
				"west": {"uv": [15.625, 4.5, 15.9375, 5.45], "rotation": 90, "texture": "#main"},
				"up": {"uv": [15.625, 4.5, 15.9375, 5.45], "texture": "#main"},
				"down": {"uv": [15.625, 4.5, 15.9375, 5.45], "rotation": 180, "texture": "#main"}
			}
		},
		{
			"from": [3.5, 9, 5],
			"to": [7, 9, 9.5],
			"rotation": {"angle": -22.5, "axis": "y", "origin": [3.25, 9, 7.75]},
			"faces": {
				"north": {"uv": [14, 4, 14.4375, 4], "rotation": 180, "texture": "#main"},
				"east": {"uv": [14, 4, 14.5625, 4], "rotation": 180, "texture": "#main"},
				"south": {"uv": [14, 4, 14.4375, 4], "rotation": 180, "texture": "#main"},
				"west": {"uv": [14, 4, 14.5625, 4], "rotation": 180, "texture": "#main"},
				"up": {"uv": [15.3125, 4, 14, 5.75], "texture": "#main"},
				"down": {"uv": [14, 4, 15.3125, 5.75], "rotation": 180, "texture": "#main"}
			}
		},
		{
			"from": [-0.5, 9, 5],
			"to": [3, 9, 9.5],
			"rotation": {"angle": -22.5, "axis": "y", "origin": [3.25, 9, 7.75]},
			"faces": {
				"north": {"uv": [0, 0, 0, 0], "texture": "#main"},
				"east": {"uv": [0, 0, 0, 0], "texture": "#main"},
				"south": {"uv": [0, 0, 0, 0], "texture": "#main"},
				"west": {"uv": [0, 0, 0, 0], "texture": "#main"},
				"up": {"uv": [14, 4, 15.3125, 5.75], "texture": "#main"},
				"down": {"uv": [15.3125, 4, 14, 5.75], "rotation": 180, "texture": "#main"}
			}
		},
		{
			"from": [7, 9.1, 6.6],
			"to": [8, 9.1, 7.2],
			"rotation": {"angle": 45, "axis": "y", "origin": [5.25, 9, 9.75]},
			"faces": {
				"north": {"uv": [1.625, 6.5, 1.9375, 7.45], "rotation": 90, "texture": "#main"},
				"east": {"uv": [1.625, 6, 1.9375, 6.5125], "rotation": 90, "texture": "#main"},
				"south": {"uv": [1.625, 6.5, 1.9375, 7.45], "rotation": 90, "texture": "#main"},
				"west": {"uv": [1.625, 6.5, 1.9375, 7.45], "rotation": 90, "texture": "#main"},
				"up": {"uv": [1.625, 6, 1.9375, 6.5125], "rotation": 90, "texture": "#main"},
				"down": {"uv": [1.625, 6, 1.9375, 6.5125], "rotation": 90, "texture": "#main"}
			}
		},
		{
			"from": [5, 8.9, 6.75],
			"to": [7, 9.25, 7.35],
			"rotation": {"angle": 45, "axis": "y", "origin": [5.25, 9, 9.75]},
			"faces": {
				"north": {"uv": [1.625, 6.5, 1.9375, 7.45], "rotation": 90, "texture": "#main"},
				"east": {"uv": [1.625, 6.5, 1.9375, 7.45], "rotation": 90, "texture": "#main"},
				"south": {"uv": [1.625, 6.5, 1.9375, 7.45], "rotation": 90, "texture": "#main"},
				"west": {"uv": [1.625, 6.5, 1.9375, 7.45], "rotation": 90, "texture": "#main"},
				"up": {"uv": [1.625, 6.5, 1.9375, 7.45], "rotation": 90, "texture": "#main"},
				"down": {"uv": [1.625, 6.5, 1.9375, 7.45], "rotation": 90, "texture": "#main"}
			}
		},
		{
			"from": [2.5, 9, 7],
			"to": [7, 9, 10.5],
			"rotation": {"angle": 45, "axis": "y", "origin": [4.25, 9, 6.75]},
			"faces": {
				"north": {"uv": [0, 6, 0.5625, 6], "rotation": 180, "texture": "#main"},
				"east": {"uv": [0, 6, 0.4375, 6], "rotation": 180, "texture": "#main"},
				"south": {"uv": [0, 6, 0.5625, 6], "rotation": 180, "texture": "#main"},
				"west": {"uv": [0, 6, 0.4375, 6], "rotation": 180, "texture": "#main"},
				"up": {"uv": [1.3125, 6, 0, 7.75], "rotation": 90, "texture": "#main"},
				"down": {"uv": [0, 6, 1.3125, 7.75], "rotation": 90, "texture": "#main"}
			}
		},
		{
			"from": [2.5, 9, 3],
			"to": [7, 9, 6.5],
			"rotation": {"angle": 45, "axis": "y", "origin": [4.25, 9, 6.75]},
			"faces": {
				"north": {"uv": [0, 0, 0, 0], "texture": "#main"},
				"east": {"uv": [0, 0, 0, 0], "texture": "#main"},
				"south": {"uv": [0, 0, 0, 0], "texture": "#main"},
				"west": {"uv": [0, 0, 0, 0], "texture": "#main"},
				"up": {"uv": [0, 6, 1.3125, 7.75], "rotation": 90, "texture": "#main"},
				"down": {"uv": [1.3125, 6, 0, 7.75], "rotation": 90, "texture": "#main"}
			}
		},
		{
			"from": [6, 9.1, 5.6],
			"to": [7, 9.1, 6.2],
			"rotation": {"angle": 22.5, "axis": "y", "origin": [4.25, 9, 8.75]},
			"faces": {
				"north": {"uv": [3.625, 6.5, 3.9375, 7.45], "rotation": 90, "texture": "#main"},
				"east": {"uv": [3.625, 6, 3.9375, 6.5125], "rotation": 90, "texture": "#main"},
				"south": {"uv": [3.625, 6.5, 3.9375, 7.45], "rotation": 90, "texture": "#main"},
				"west": {"uv": [3.625, 6.5, 3.9375, 7.45], "rotation": 90, "texture": "#main"},
				"up": {"uv": [3.625, 6, 3.9375, 6.5125], "rotation": 90, "texture": "#main"},
				"down": {"uv": [3.625, 6, 3.9375, 6.5125], "rotation": 90, "texture": "#main"}
			}
		},
		{
			"from": [4, 8.9, 5.75],
			"to": [6, 9.25, 6.35],
			"rotation": {"angle": 22.5, "axis": "y", "origin": [4.25, 9, 8.75]},
			"faces": {
				"north": {"uv": [3.625, 6.5, 3.9375, 7.45], "rotation": 90, "texture": "#main"},
				"east": {"uv": [3.625, 6.5, 3.9375, 7.45], "rotation": 90, "texture": "#main"},
				"south": {"uv": [3.625, 6.5, 3.9375, 7.45], "rotation": 90, "texture": "#main"},
				"west": {"uv": [3.625, 6.5, 3.9375, 7.45], "rotation": 90, "texture": "#main"},
				"up": {"uv": [3.625, 6.5, 3.9375, 7.45], "rotation": 90, "texture": "#main"},
				"down": {"uv": [3.625, 6.5, 3.9375, 7.45], "rotation": 90, "texture": "#main"}
			}
		},
		{
			"from": [2.5, 9, 6],
			"to": [7, 9, 9.5],
			"rotation": {"angle": 22.5, "axis": "y", "origin": [4.25, 9, 5.75]},
			"faces": {
				"north": {"uv": [2, 6, 2.5625, 6], "rotation": 180, "texture": "#main"},
				"east": {"uv": [2, 6, 2.4375, 6], "rotation": 180, "texture": "#main"},
				"south": {"uv": [2, 6, 2.5625, 6], "rotation": 180, "texture": "#main"},
				"west": {"uv": [2, 6, 2.4375, 6], "rotation": 180, "texture": "#main"},
				"up": {"uv": [3.3125, 6, 2, 7.75], "rotation": 90, "texture": "#main"},
				"down": {"uv": [2, 6, 3.3125, 7.75], "rotation": 90, "texture": "#main"}
			}
		},
		{
			"from": [2.5, 9, 2],
			"to": [7, 9, 5.5],
			"rotation": {"angle": 22.5, "axis": "y", "origin": [4.25, 9, 5.75]},
			"faces": {
				"north": {"uv": [0, 0, 0, 0], "texture": "#main"},
				"east": {"uv": [0, 0, 0, 0], "texture": "#main"},
				"south": {"uv": [0, 0, 0, 0], "texture": "#main"},
				"west": {"uv": [0, 0, 0, 0], "texture": "#main"},
				"up": {"uv": [2, 6, 3.3125, 7.75], "rotation": 90, "texture": "#main"},
				"down": {"uv": [3.3125, 6, 2, 7.75], "rotation": 90, "texture": "#main"}
			}
		}
	],
	"display": {
		"thirdperson_righthand": {
			"rotation": [75, 45, 0],
			"translation": [0, 2.5, 0],
			"scale": [0.375, 0.375, 0.375]
		},
		"thirdperson_lefthand": {
			"rotation": [75, 45, 0],
			"translation": [0, 2.5, 0],
			"scale": [0.375, 0.375, 0.375]
		},
		"firstperson_righthand": {
			"rotation": [0, 45, 0],
			"scale": [0.4, 0.4, 0.4]
		},
		"firstperson_lefthand": {
			"rotation": [0, 225, 0],
			"scale": [0.4, 0.4, 0.4]
		},
		"ground": {
			"translation": [0, 3, 0],
			"scale": [0.25, 0.25, 0.25]
		},
		"gui": {
			"rotation": [30, 225, 0]
		},
		"fixed": {
			"scale": [0.5, 0.5, 0.5]
		}
	},
	"groups": [
		{
			"name": "grass_butterfly1",
			"origin": [8, 8, 8],
			"color": 0,
			"children": [
				{
					"name": "group",
					"origin": [1.25, 10, 7.75],
					"color": 0,
					"children": [0, 1, 2, 3, 4, 5, 6, 7, 8, 9, 10, 11, 12, 13, 14, 15, 16, 17, 18, 19, 20, 21, 22, 23, 24, 25, 26, 27, 28, 29, 30, 31, 32, 33, 34, 35, 36, 37, 38, 39, 40, 41, 42, 43, 44, 45, 46, 47, 48, 49, 50, 51, 52, 53, 54, 55, 56, 57, 58, 59, 60, 61, 62, 63, 64, 65, 66, 67, 68, 69, 70, 71, 72, 73, 74, 75, 76, 77, 78, 79, 80, 81, 82, 83, 84, 85, 86, 87, 88, 89, 90, 91, 92, 93, 94, 95, 96, 97, 98, 99, 100, 101, 102, 103]
				}
			]
		}
	]
}