{
	"textures": {
		"1": "yuushya:0extra_building_block/wool/brown_wool",
		"2": "yuushya:block/white_wool",
		"particle": "yuushya:block/white_wool"
	},
	"elements": [
		{
			"from": [2, 11, 0.5],
			"to": [14, 13, 1.5],
			"rotation": {"angle": 0, "axis": "y", "origin": [11, 20, 7.5]},
			"faces": {
				"north": {"uv": [0, 0, 2, 12], "rotation": 90, "texture": "#1"},
				"east": {"uv": [0, 0, 1, 2], "texture": "#1"},
				"south": {"uv": [0, 0, 2, 12], "rotation": 90, "texture": "#1"},
				"west": {"uv": [0, 0, 1, 2], "texture": "#1"},
				"up": {"uv": [0, 0, 12, 1], "texture": "#1"},
				"down": {"uv": [0, 0, 12, 1], "texture": "#1"}
			}
		},
		{
			"from": [8, 14.5, 0.9],
			"to": [13.75, 14.75, 1.15],
			"rotation": {"angle": -22.5, "axis": "z", "origin": [9.25, 14.5, 0.9]},
			"faces": {
				"north": {"uv": [0, 0, 0.25, 5.75], "rotation": 90, "texture": "#1"},
				"east": {"uv": [0, 0, 0.25, 0.25], "rotation": 270, "texture": "#1"},
				"south": {"uv": [0, 0, 0.25, 5.75], "rotation": 270, "texture": "#1"},
				"west": {"uv": [0, 0, 0.25, 0.25], "rotation": 270, "texture": "#1"},
				"up": {"uv": [0, 0, 0.25, 5.75], "rotation": 270, "texture": "#1"},
				"down": {"uv": [0, 0, 0.25, 5.75], "rotation": 270, "texture": "#1"}
			}
		},
		{
			"from": [2.25, 14.5, 0.9],
			"to": [8, 14.75, 1.15],
			"rotation": {"angle": 22.5, "axis": "z", "origin": [6.75, 14.5, 0.9]},
			"faces": {
				"north": {"uv": [0, 6, 0.25, 11.75], "rotation": 90, "texture": "#1"},
				"east": {"uv": [0, 0.5, 0.25, 0.75], "rotation": 270, "texture": "#1"},
				"south": {"uv": [0, 0, 0.25, 5.75], "rotation": 270, "texture": "#1"},
				"west": {"uv": [0, 0.5, 0.25, 0.75], "rotation": 270, "texture": "#1"},
				"up": {"uv": [0, 6, 0.25, 11.75], "rotation": 270, "texture": "#1"},
				"down": {"uv": [0, 6, 0.25, 11.75], "rotation": 270, "texture": "#1"}
			}
		},
		{
			"from": [7.5, 14.5, 0],
			"to": [8.5, 15.5, 2],
			"rotation": {"angle": 0, "axis": "y", "origin": [15.5, 22.5, 8]},
			"faces": {
				"north": {"uv": [0, 0, 1, 1], "texture": "#1"},
				"east": {"uv": [0, 0, 2, 1], "texture": "#1"},
				"south": {"uv": [0, 0, 1, 1], "texture": "#1"},
				"west": {"uv": [0, 0, 2, 1], "texture": "#1"},
				"up": {"uv": [0, 0, 1, 2], "texture": "#1"},
				"down": {"uv": [0, 0, 1, 2], "texture": "#1"}
			}
		},
		{
			"from": [2, 1, 0.7],
			"to": [14, 11, 1.2],
			"rotation": {"angle": 0, "axis": "y", "origin": [8, 8, 8.5]},
			"faces": {
				"north": {"uv": [1, 0, 13, 10], "texture": "#2"},
				"east": {"uv": [0, 0, 0.2, 10], "texture": "#2"},
				"south": {"uv": [1, 0, 13, 10], "texture": "#2"},
				"west": {"uv": [0, 0, 0.2, 10], "texture": "#2"},
				"up": {"uv": [0, 0, 12, 0.2], "texture": "#2"},
				"down": {"uv": [0, 0, 12, 0.2], "texture": "#2"}
			}
		}
	],
	"gui_light": "front",
	"display": {
		"thirdperson_righthand": {
			"rotation": [75, 45, 0],
			"translation": [0, 2.5, 0],
			"scale": [0.375, 0.375, 0.375]
		},
		"thirdperson_lefthand": {
			"rotation": [75, 45, 0],
			"translation": [0, 2.5, 0],
			"scale": [0.375, 0.375, 0.375]
		},
		"firstperson_righthand": {
			"rotation": [0, 45, 0],
			"scale": [0.4, 0.4, 0.4]
		},
		"firstperson_lefthand": {
			"rotation": [0, 225, 0],
			"scale": [0.4, 0.4, 0.4]
		},
		"ground": {
			"translation": [0, 3, 0],
			"scale": [0.25, 0.25, 0.25]
		},
		"gui": {
			"rotation": [30, 45, 0],
			"translation": [5.75, -2, 0],
			"scale": [1.1, 1.1, 1.1]
		},
		"fixed": {
			"translation": [0, 0, 14],
			"scale": [2, 2, 2]
		}
	}
}