{
	"credit": "Yuushya",
	"ambientocclusion": false,
	"textures": {
		"0": "yuushya:0extra_building_material/preview/stop",
		"1": "yuushya:0extra_building_material/preview/dark_car",
		"particle": "yuushya:0extra_building_material/preview/stop"
	},
	"elements": [
		{
			"from": [-16, -12, 0],
			"to": [32, 4, 15],
			"rotation": {"angle": 0, "axis": "y", "origin": [23, -12, 0]},
			"faces": {
				"north": {"uv": [0.125, 4.25, 6.125, 6.625], "texture": "#1"},
				"east": {"uv": [3.875, 1.625, 2, 3.625], "texture": "#1"},
				"south": {"uv": [2.25, 3.625, 2.375, 3.75], "texture": "#1"},
				"west": {"uv": [2, 1.625, 3.875, 3.625], "texture": "#1"},
				"up": {"uv": [0.125, 10.25, 6.125, 12.125], "texture": "#1"},
				"down": {"uv": [2.25, 3.625, 2.375, 3.75], "texture": "#1"}
			}
		},
		{
			"from": [-16, -15, -12],
			"to": [32, 2, 0],
			"rotation": {"angle": 0, "axis": "y", "origin": [23, -12, -16]},
			"faces": {
				"north": {"uv": [0.125, 4.5, 6.125, 6.625], "texture": "#1"},
				"east": {"uv": [2, 1.875, 0.5, 4], "texture": "#1"},
				"south": {"uv": [2.25, 3.625, 2.375, 3.75], "texture": "#1"},
				"west": {"uv": [0.5, 1.875, 2, 4], "texture": "#1"},
				"up": {"uv": [0.125, 12.125, 6.125, 13.625], "texture": "#1"},
				"down": {"uv": [2.25, 3.625, 2.375, 3.75], "texture": "#1"}
			}
		},
		{
			"from": [-16, -14, -14],
			"to": [32, -6, -12],
			"rotation": {"angle": 0, "axis": "y", "origin": [0, -12, -20]},
			"faces": {
				"north": {"uv": [0.125, 5.5, 6.125, 6.5], "texture": "#1"},
				"east": {"uv": [0.25, 2.875, 0.5, 3.875], "texture": "#1"},
				"south": {"uv": [0, 0, 16, 8], "texture": "#0"},
				"west": {"uv": [0.25, 2.875, 0.5, 3.875], "texture": "#1"},
				"up": {"uv": [0.125, 5.5, 6.125, 5.75], "texture": "#1"},
				"down": {"uv": [0.125, 5.5, 6.125, 5.75], "texture": "#1"}
			}
		},
		{
			"from": [-15.9, 8, 12],
			"to": [31.9, 24, 13],
			"rotation": {"angle": 45, "axis": "x", "origin": [0, 5, 8]},
			"faces": {
				"north": {"uv": [0.125, 14, 6.125, 16], "texture": "#1"},
				"east": {"uv": [5.875, 14, 6, 16], "texture": "#1"},
				"south": {"uv": [0.125, 14, 6.125, 16], "texture": "#1"},
				"west": {"uv": [5.875, 14, 6, 16], "texture": "#1"},
				"up": {"uv": [0, 0, 16, 1], "texture": "#0"},
				"down": {"uv": [0.125, 14, 6.125, 16], "texture": "#1"}
			}
		},
		{
			"from": [19, -6, -15],
			"to": [31, 1, -12],
			"rotation": {"angle": 0, "axis": "y", "origin": [0, -12, -20]},
			"faces": {
				"north": {"uv": [0.25, 4.625, 1.75, 5.5], "texture": "#1"},
				"east": {"uv": [0.5, 2, 0.125, 2.875], "texture": "#1"},
				"south": {"uv": [0, 0, 12, 7], "texture": "#0"},
				"west": {"uv": [0.125, 2, 0.5, 2.875], "texture": "#1"},
				"up": {"uv": [0.25, 13.875, 1.75, 14], "texture": "#1"},
				"down": {"uv": [0.25, 13.875, 1.75, 14], "texture": "#1"}
			}
		},
		{
			"from": [-15, -6, -15],
			"to": [-3, 1, -12],
			"rotation": {"angle": 0, "axis": "y", "origin": [0, -12, -20]},
			"faces": {
				"north": {"uv": [0.25, 4.625, 1.75, 5.5], "texture": "#1"},
				"east": {"uv": [0.5, 2, 0.125, 2.875], "texture": "#1"},
				"south": {"uv": [0, 0, 12, 7], "texture": "#0"},
				"west": {"uv": [0.125, 2, 0.5, 2.875], "texture": "#1"},
				"up": {"uv": [4.5, 13.875, 6, 14], "texture": "#1"},
				"down": {"uv": [0.25, 13.875, 1.75, 14], "texture": "#1"}
			}
		},
		{
			"from": [-16, 1, -14],
			"to": [32, 2, -12],
			"rotation": {"angle": 0, "axis": "y", "origin": [0, -12, -20]},
			"faces": {
				"north": {"uv": [0.125, 4.5, 6.125, 4.625], "texture": "#1"},
				"east": {"uv": [0.25, 1.875, 0.5, 2], "texture": "#1"},
				"south": {"uv": [0, 0, 16, 1], "texture": "#0"},
				"west": {"uv": [0.25, 1.875, 0.5, 2], "texture": "#1"},
				"up": {"uv": [0.125, 13.625, 6.125, 13.875], "texture": "#1"},
				"down": {"uv": [0.125, 4.5, 6.125, 4.75], "rotation": 180, "texture": "#1"}
			}
		},
		{
			"from": [-16, 14, 24],
			"to": [32, 16, 32],
			"rotation": {"angle": 0, "axis": "y", "origin": [23, -12, 17]},
			"faces": {
				"north": {"uv": [0.125, 14, 6.125, 14.125], "texture": "#1"},
				"east": {"uv": [5, 0.125, 6, 0.375], "texture": "#1"},
				"south": {"uv": [2.25, 3.625, 2.375, 3.75], "texture": "#1"},
				"west": {"uv": [5, 0.125, 6, 0.375], "texture": "#1"},
				"up": {"uv": [0.125, 8.125, 6.125, 9.125], "texture": "#1"},
				"down": {"uv": [0.125, 8.125, 6.125, 9.125], "texture": "#1"}
			}
		},
		{
			"from": [-15, 6.5, 13],
			"to": [31, 25.5, 16],
			"rotation": {"angle": 45, "axis": "x", "origin": [0, 5, 8]},
			"faces": {
				"north": {"uv": [0, 0, 16, 16], "texture": "#0"},
				"east": {"uv": [5.875, 14, 6, 16], "texture": "#1"},
				"south": {"uv": [0.125, 14, 6.125, 16], "texture": "#1"},
				"west": {"uv": [5.875, 14, 6, 16], "texture": "#1"},
				"up": {"uv": [0, 0, 16, 3], "texture": "#0"},
				"down": {"uv": [0, 0, 16, 3], "texture": "#0"}
			}
		},
		{
			"from": [-16, -12, 15],
			"to": [32, 3, 32],
			"rotation": {"angle": 0, "axis": "y", "origin": [-24, -12, 8]},
			"faces": {
				"north": {"uv": [0, 0, 16, 15], "texture": "#0"},
				"east": {"uv": [6, 1.75, 3.875, 3.625], "texture": "#1"},
				"south": {"uv": [2.25, 3.625, 2.375, 3.75], "texture": "#1"},
				"west": {"uv": [3.875, 1.75, 6, 3.625], "texture": "#1"},
				"up": {"uv": [3.875, 1.75, 6, 1.875], "rotation": 90, "texture": "#1"},
				"down": {"uv": [2.25, 3.625, 2.375, 3.75], "texture": "#1"}
			}
		},
		{
			"from": [29, 3, 16],
			"to": [29, 16, 32],
			"rotation": {"angle": 0, "axis": "y", "origin": [37, 11, 39]},
			"faces": {
				"north": {"uv": [0, 0, 0, 13], "texture": "#1"},
				"east": {"uv": [8.5, 14.375, 6.5, 16], "texture": "#1"},
				"south": {"uv": [0, 0, 0, 13], "texture": "#1"},
				"west": {"uv": [6.5, 14.375, 8.5, 16], "texture": "#1"},
				"up": {"uv": [0, 0, 0, 16], "texture": "#1"},
				"down": {"uv": [0, 0, 0, 16], "texture": "#1"}
			}
		},
		{
			"from": [-2, 4, 12],
			"to": [17, 5, 13],
			"rotation": {"angle": 0, "axis": "y", "origin": [23, -18, 9]},
			"faces": {
				"north": {"uv": [2.25, 3.625, 2.375, 3.75], "texture": "#1"},
				"east": {"uv": [2.25, 3.625, 2.375, 3.75], "texture": "#1"},
				"south": {"uv": [2.25, 3.625, 2.375, 3.75], "texture": "#1"},
				"west": {"uv": [2.25, 3.625, 2.375, 3.75], "texture": "#1"},
				"up": {"uv": [2.25, 3.625, 2.375, 3.75], "texture": "#1"},
				"down": {"uv": [2.25, 3.625, 2.375, 3.75], "texture": "#1"}
			}
		},
		{
			"from": [-14, 3, 16],
			"to": [-14, 16, 32],
			"rotation": {"angle": 0, "axis": "y", "origin": [-6, 11, 39]},
			"faces": {
				"north": {"uv": [0, 0, 0, 13], "texture": "#missing"},
				"east": {"uv": [8.5, 14.375, 6.5, 16], "texture": "#1"},
				"south": {"uv": [0, 0, 0, 13], "texture": "#missing"},
				"west": {"uv": [6.5, 14.375, 8.5, 16], "texture": "#1"},
				"up": {"uv": [0, 0, 0, 16], "texture": "#missing"},
				"down": {"uv": [0, 0, 0, 16], "texture": "#missing"}
			}
		},
		{
			"from": [-4, 3.8, 12.2],
			"to": [-2, 4.8, 13.2],
			"rotation": {"angle": 0, "axis": "y", "origin": [23, -18, 9]},
			"faces": {
				"north": {"uv": [2.25, 3.625, 2.375, 3.75], "texture": "#1"},
				"east": {"uv": [2.25, 3.625, 2.375, 3.75], "texture": "#1"},
				"south": {"uv": [2.25, 3.625, 2.375, 3.75], "texture": "#1"},
				"west": {"uv": [2.25, 3.625, 2.375, 3.75], "texture": "#1"},
				"up": {"uv": [2.25, 3.625, 2.375, 3.75], "texture": "#1"},
				"down": {"uv": [2.25, 3.625, 2.375, 3.75], "texture": "#1"}
			}
		},
		{
			"from": [-16, -14, 19],
			"to": [32, -12, 32],
			"rotation": {"angle": 0, "axis": "y", "origin": [8, -5, 39]},
			"faces": {
				"north": {"uv": [1.25, 3.625, 1.5, 3.875], "texture": "#1"},
				"east": {"uv": [1.25, 3.625, 1.5, 3.875], "texture": "#1"},
				"south": {"uv": [1.25, 3.625, 1.5, 3.875], "texture": "#1"},
				"west": {"uv": [1.25, 3.625, 1.5, 3.875], "texture": "#1"},
				"up": {"uv": [1.25, 3.625, 1.5, 3.875], "texture": "#1"},
				"down": {"uv": [1.25, 3.625, 1.5, 3.875], "texture": "#1"}
			}
		}
	],
	"display": {
		"thirdperson_righthand": {
			"rotation": [75, 45, 0],
			"translation": [0, 2.5, 0],
			"scale": [0.2, 0.2, 0.2]
		},
		"thirdperson_lefthand": {
			"rotation": [75, 45, 0],
			"translation": [0, 2.5, 0],
			"scale": [0.2, 0.2, 0.2]
		},
		"firstperson_righthand": {
			"rotation": [0, 45, 0],
			"scale": [0.2, 0.2, 0.2]
		},
		"firstperson_lefthand": {
			"rotation": [0, 45, 0],
			"scale": [0.2, 0.2, 0.2]
		},
		"ground": {
			"translation": [0, 3, 0],
			"scale": [0.25, 0.25, 0.25]
		},
		"gui": {
			"rotation": [30, 225, 0],
			"scale": [0.3, 0.3, 0.3]
		},
		"fixed": {
			"rotation": [-90, 0, 0],
			"translation": [0, 0, -46],
			"scale": [2, 2, 2]
		}
	},
	"groups": [
		{
			"name": "Part1",
			"origin": [23, 0, 8],
			"children": [0, 1, 2, 3, 4, 5, 6, 7, 8, 9, 10, 11, 12, 13,
				{
					"name": "Wheel",
					"origin": [8, 8, 8],
					"children": [
						{
							"name": "wheel",
							"origin": [8, 8, 8],
							"children": []
						},
						{
							"name": "Wheel",
							"origin": [8, 8, 8],
							"children": [
								{
									"name": "wheel",
									"origin": [8, 8, 8],
									"children": []
								}
							]
						}, 14]
				}
			]
		}
	]
}