{
	"credit": "Yuushya",
	"ambientocclusion": false,
	"textures": {
		"1": "yuushya:0extra_building_material/preview/dark_car",
		"particle": "yuushya:0extra_building_material/preview/dark_car"
	},
	"elements": [
		{
			"from": [-16, 14, -16],
			"to": [32, 16, 18],
			"rotation": {"angle": 0, "axis": "y", "origin": [23, -9, -16]},
			"faces": {
				"north": {"uv": [6, 0.125, 10.25, 0.375], "texture": "#1"},
				"east": {"uv": [6, 0.125, 10.25, 0.375], "texture": "#1"},
				"south": {"uv": [6.5, 4.25, 12.5, 4.375], "texture": "#1"},
				"west": {"uv": [6, 0.125, 10.25, 0.375], "texture": "#1"},
				"up": {"uv": [6.5, 9.75, 12.5, 14], "texture": "#1"},
				"down": {"uv": [6, 0.125, 10.25, 0.375], "texture": "#1"}
			}
		},
		{
			"from": [-16, -12, 18],
			"to": [32, 15, 21],
			"rotation": {"angle": 0, "axis": "y", "origin": [23, 3, 21]},
			"faces": {
				"north": {"uv": [10.25, 0.25, 10.625, 3.625], "texture": "#1"},
				"east": {"uv": [10.25, 0.25, 10.625, 3.625], "texture": "#1"},
				"south": {"uv": [6.5, 4.375, 12.5, 7.75], "texture": "#1"},
				"west": {"uv": [10.25, 0.25, 10.625, 3.625], "texture": "#1"},
				"up": {"uv": [6.5, 9.375, 12.5, 9.75], "texture": "#1"},
				"down": {"uv": [6, 3.625, 8.25, 4], "texture": "#1"}
			}
		},
		{
			"from": [-16, -12, -16],
			"to": [32, 3, 18],
			"rotation": {"angle": 0, "axis": "y", "origin": [-24, -9, -16]},
			"faces": {
				"north": {"uv": [6, 0.125, 10.25, 0.375], "texture": "#1"},
				"east": {"uv": [10.25, 1.75, 6, 3.625], "texture": "#1"},
				"south": {"uv": [0, 0, 16, 16], "texture": "#1"},
				"west": {"uv": [6, 1.75, 10.25, 3.625], "texture": "#1"},
				"up": {"uv": [6, 1.75, 10.25, 1.875], "rotation": 90, "texture": "#1"},
				"down": {"uv": [6, 3.625, 8.25, 4], "texture": "#1"}
			}
		},
		{
			"from": [-16, -14, 30],
			"to": [32, 0, 32],
			"rotation": {"angle": 0, "axis": "y", "origin": [0, -9, -61]},
			"faces": {
				"north": {"uv": [0, 0, 16, 16], "texture": "#1"},
				"east": {"uv": [11.75, 2.125, 12, 3.875], "texture": "#1"},
				"south": {"uv": [6.5, 6, 12.5, 7.75], "texture": "#1"},
				"west": {"uv": [11.75, 2.125, 12, 3.875], "texture": "#1"},
				"up": {"uv": [6.5, 8, 12.5, 8.25], "texture": "#1"},
				"down": {"uv": [6, 3.625, 8.25, 4], "texture": "#1"}
			}
		},
		{
			"from": [-16, -14, 21],
			"to": [32, 2, 30],
			"rotation": {"angle": 0, "axis": "y", "origin": [23, -9, 24]},
			"faces": {
				"north": {"uv": [6, 3.625, 8.25, 4], "texture": "#1"},
				"east": {"uv": [10.625, 1.875, 11.75, 3.875], "texture": "#1"},
				"south": {"uv": [6.5, 5.75, 12.5, 6], "texture": "#1"},
				"west": {"uv": [10.625, 1.875, 11.75, 3.875], "texture": "#1"},
				"up": {"uv": [6.5, 8.25, 12.5, 9.375], "texture": "#1"},
				"down": {"uv": [6, 3.625, 8.25, 4], "texture": "#1"}
			}
		},
		{
			"from": [-16, -15, -16],
			"to": [32, -12, -6],
			"rotation": {"angle": 0, "axis": "y", "origin": [-24, -24, -35]},
			"faces": {
				"north": {"uv": [6, 3.625, 8.25, 4], "texture": "#1"},
				"east": {"uv": [6, 3.625, 8.25, 4], "texture": "#1"},
				"south": {"uv": [6, 3.625, 8.25, 4], "texture": "#1"},
				"west": {"uv": [6, 3.625, 8.25, 4], "texture": "#1"},
				"up": {"uv": [0, 0, 16, 16], "texture": "#1"},
				"down": {"uv": [6, 3.625, 8.25, 4], "texture": "#1"}
			}
		},
		{
			"from": [-16, -14, -6],
			"to": [32, -12, 4],
			"rotation": {"angle": 0, "axis": "y", "origin": [-24, -24, -18]},
			"faces": {
				"north": {"uv": [6, 3.625, 8.25, 4], "texture": "#1"},
				"east": {"uv": [6, 3.625, 8.25, 4], "texture": "#1"},
				"south": {"uv": [6, 3.625, 8.25, 4], "texture": "#1"},
				"west": {"uv": [6, 3.625, 8.25, 4], "texture": "#1"},
				"up": {"uv": [0, 0, 16, 16], "texture": "#1"},
				"down": {"uv": [6, 3.625, 8.25, 4], "texture": "#1"}
			}
		},
		{
			"from": [-16, 12, 16],
			"to": [32, 14, 18],
			"rotation": {"angle": 0, "axis": "y", "origin": [23, -9, -16]},
			"faces": {
				"north": {"uv": [10, 0.375, 10.25, 0.625], "texture": "#1"},
				"east": {"uv": [10, 0.375, 10.25, 0.625], "texture": "#1"},
				"south": {"uv": [0, 0, 16, 16], "texture": "#1"},
				"west": {"uv": [10, 0.375, 10.25, 0.625], "texture": "#1"},
				"up": {"uv": [0, 0, 16, 16], "texture": "#1"},
				"down": {"uv": [10, 0.375, 10.25, 0.625], "texture": "#1"}
			}
		},
		{
			"from": [-16, 3, -16],
			"to": [32, 14, -14],
			"rotation": {"angle": 0, "axis": "y", "origin": [23, -6, -35]},
			"faces": {
				"north": {"uv": [7, 0.375, 7.125, 1.75], "texture": "#1"},
				"east": {"uv": [7, 0.375, 7.25, 1.75], "texture": "#1"},
				"south": {"uv": [7.125, 0.375, 7.25, 1.75], "texture": "#1"},
				"west": {"uv": [7, 0.375, 7.25, 1.75], "texture": "#1"},
				"up": {"uv": [0, 0, 16, 16], "texture": "#1"},
				"down": {"uv": [0, 0, 16, 16], "texture": "#1"}
			}
		},
		{
			"from": [-16, 3, 3],
			"to": [32, 14, 5],
			"rotation": {"angle": 0, "axis": "y", "origin": [23, -6, -14]},
			"faces": {
				"north": {"uv": [7, 0.375, 7.125, 1.75], "texture": "#1"},
				"east": {"uv": [9.375, 0.375, 9.625, 1.75], "texture": "#1"},
				"south": {"uv": [7.125, 0.375, 7.25, 1.75], "texture": "#1"},
				"west": {"uv": [9.375, 0.375, 9.625, 1.75], "texture": "#1"},
				"up": {"uv": [0, 0, 16, 16], "texture": "#1"},
				"down": {"uv": [0, 0, 16, 16], "texture": "#1"}
			}
		},
		{
			"from": [-15, 3, -14],
			"to": [31, 14, 18],
			"rotation": {"angle": 0, "axis": "y", "origin": [-7, 15, 8]},
			"faces": {
				"north": {"uv": [0, 0, 0, 11], "texture": "#missing"},
				"east": {"uv": [12.625, 14.5, 8.625, 15.875], "texture": "#1"},
				"south": {"uv": [0, 0, 0, 11], "texture": "#missing"},
				"west": {"uv": [8.625, 14.5, 12.625, 15.875], "texture": "#1"},
				"up": {"uv": [0, 0, 0, 16], "texture": "#missing"},
				"down": {"uv": [0, 0, 0, 16], "texture": "#missing"}
			}
		}
	],
	"display": {
		"thirdperson_righthand": {
			"rotation": [75, 45, 0],
			"translation": [0, 2.5, 0],
			"scale": [0.2, 0.2, 0.2]
		},
		"thirdperson_lefthand": {
			"rotation": [75, 45, 0],
			"translation": [0, 2.5, 0],
			"scale": [0.2, 0.2, 0.2]
		},
		"firstperson_righthand": {
			"rotation": [0, 45, 0],
			"scale": [0.2, 0.2, 0.2]
		},
		"firstperson_lefthand": {
			"rotation": [0, 45, 0],
			"scale": [0.2, 0.2, 0.2]
		},
		"ground": {
			"translation": [0, 3, 0],
			"scale": [0.25, 0.25, 0.25]
		},
		"gui": {
			"rotation": [30, 45, 0],
			"scale": [0.3, 0.3, 0.3]
		},
		"fixed": {
			"rotation": [-90, 0, 0],
			"translation": [0, 0, -46],
			"scale": [2, 2, 2]
		}
	},
	"groups": [
		{
			"name": "Part2",
			"origin": [23, 0, 24],
			"children": [0, 1, 2, 3, 4, 5, 6, 7, 8, 9, 10]
		}
	]
}