{
	"credit": "Yuushya",
	"textures": {
		"2": "yuushya:0extra_building_material/preview/wheel",
		"particle": "yuushya:0extra_building_material/preview/stop"
	},
	"elements": [
		{
			"name": "wheel_0",
			"from": [-14, 0, 2],
			"to": [-13, 6, 4],
			"rotation": {"angle": 0, "axis": "z", "origin": [-21, -9, 9]},
			"faces": {
				"north": {"uv": [11, 1, 5, 2], "rotation": 90, "texture": "#2"},
				"east": {"uv": [5, 3, 11, 1], "rotation": 270, "texture": "#2"},
				"south": {"uv": [5, 2, 11, 3], "rotation": 270, "texture": "#2"},
				"west": {"uv": [5, 1, 11, 3], "rotation": 270, "texture": "#2"},
				"up": {"uv": [10, 1, 11, 3], "texture": "#2"},
				"down": {"uv": [5, 1, 6, 3], "rotation": 180, "texture": "#2"}
			}
		},
		{
			"name": "wheel_1",
			"from": [-14, -2, 3],
			"to": [-13, 0, 6],
			"rotation": {"angle": 0, "axis": "z", "origin": [-21, -9, 9]},
			"faces": {
				"north": {"uv": [5, 2, 3, 3], "rotation": 90, "texture": "#2"},
				"east": {"uv": [3, 5, 5, 2], "rotation": 270, "texture": "#2"},
				"south": {"uv": [3, 4, 5, 5], "rotation": 270, "texture": "#2"},
				"west": {"uv": [3, 2, 5, 5], "rotation": 270, "texture": "#2"},
				"up": {"uv": [4, 2, 5, 5], "texture": "#2"},
				"down": {"uv": [3, 2, 4, 5], "rotation": 180, "texture": "#2"}
			}
		},
		{
			"name": "wheel_3",
			"from": [-14, -3, 4],
			"to": [-13, -2, 14],
			"rotation": {"angle": 0, "axis": "z", "origin": [-21, -9, 9]},
			"faces": {
				"north": {"uv": [3, 3, 2, 4], "rotation": 90, "texture": "#2"},
				"east": {"uv": [2, 13, 3, 3], "rotation": 270, "texture": "#2"},
				"south": {"uv": [2, 12, 3, 13], "rotation": 270, "texture": "#2"},
				"west": {"uv": [2, 3, 3, 13], "rotation": 270, "texture": "#2"},
				"up": {"uv": [2, 3, 3, 13], "texture": "#2"},
				"down": {"uv": [2, 3, 3, 13], "rotation": 180, "texture": "#2"}
			}
		},
		{
			"name": "wheel_4",
			"from": [-14, 0, 4],
			"to": [-13, 1, 5],
			"rotation": {"angle": 0, "axis": "z", "origin": [-21, -9, 9]},
			"faces": {
				"north": {"uv": [6, 3, 5, 4], "rotation": 90, "texture": "#2"},
				"east": {"uv": [5, 4, 6, 3], "rotation": 270, "texture": "#2"},
				"south": {"uv": [5, 3, 6, 4], "rotation": 270, "texture": "#2"},
				"west": {"uv": [5, 3, 6, 4], "rotation": 270, "texture": "#2"},
				"up": {"uv": [5, 3, 6, 4], "texture": "#2"},
				"down": {"uv": [5, 3, 6, 4], "rotation": 180, "texture": "#2"}
			}
		},
		{
			"name": "wheel_5",
			"from": [-14, 3, 4],
			"to": [-13, 4, 8],
			"rotation": {"angle": 0, "axis": "z", "origin": [-21, -9, 9]},
			"faces": {
				"north": {"uv": [9, 3, 8, 4], "rotation": 90, "texture": "#2"},
				"east": {"uv": [8, 7, 9, 3], "rotation": 270, "texture": "#2"},
				"south": {"uv": [8, 6, 9, 7], "rotation": 270, "texture": "#2"},
				"west": {"uv": [8, 3, 9, 7], "rotation": 270, "texture": "#2"},
				"up": {"uv": [8, 3, 9, 7], "texture": "#2"},
				"down": {"uv": [8, 3, 9, 7], "rotation": 180, "texture": "#2"}
			}
		},
		{
			"name": "wheel_8",
			"from": [-14, -4, 6],
			"to": [-13, -3, 12],
			"rotation": {"angle": 0, "axis": "z", "origin": [-21, -9, 9]},
			"faces": {
				"north": {"uv": [2, 5, 1, 6], "rotation": 90, "texture": "#2"},
				"east": {"uv": [1, 11, 2, 5], "rotation": 270, "texture": "#2"},
				"south": {"uv": [1, 10, 2, 11], "rotation": 270, "texture": "#2"},
				"west": {"uv": [1, 5, 2, 11], "rotation": 270, "texture": "#2"},
				"up": {"uv": [1, 5, 2, 11], "texture": "#2"},
				"down": {"uv": [1, 5, 2, 11], "rotation": 180, "texture": "#2"}
			}
		},
		{
			"name": "wheel_9",
			"from": [-14, -2, 6],
			"to": [-13, -1, 7],
			"rotation": {"angle": 0, "axis": "z", "origin": [-21, -9, 9]},
			"faces": {
				"north": {"uv": [4, 5, 3, 6], "rotation": 90, "texture": "#2"},
				"east": {"uv": [3, 6, 4, 5], "rotation": 270, "texture": "#2"},
				"south": {"uv": [3, 5, 4, 6], "rotation": 270, "texture": "#2"},
				"west": {"uv": [3, 5, 4, 6], "rotation": 270, "texture": "#2"},
				"up": {"uv": [3, 5, 4, 6], "texture": "#2"},
				"down": {"uv": [3, 5, 4, 6], "rotation": 180, "texture": "#2"}
			}
		},
		{
			"name": "wheel_12",
			"from": [-14, 1, 7],
			"to": [-13, 3, 8],
			"rotation": {"angle": 0, "axis": "z", "origin": [-21, -9, 9]},
			"faces": {
				"north": {"uv": [8, 6, 6, 7], "rotation": 90, "texture": "#2"},
				"east": {"uv": [6, 7, 8, 6], "rotation": 270, "texture": "#2"},
				"south": {"uv": [6, 6, 8, 7], "rotation": 270, "texture": "#2"},
				"west": {"uv": [6, 6, 8, 7], "rotation": 270, "texture": "#2"},
				"up": {"uv": [7, 6, 8, 7], "texture": "#2"},
				"down": {"uv": [6, 6, 7, 7], "rotation": 180, "texture": "#2"}
			}
		},
		{
			"name": "wheel_13",
			"from": [-14, 4, 7],
			"to": [-13, 5, 11],
			"rotation": {"angle": 0, "axis": "z", "origin": [-21, -9, 9]},
			"faces": {
				"north": {"uv": [10, 6, 9, 7], "rotation": 90, "texture": "#2"},
				"east": {"uv": [9, 10, 10, 6], "rotation": 270, "texture": "#2"},
				"south": {"uv": [9, 9, 10, 10], "rotation": 270, "texture": "#2"},
				"west": {"uv": [9, 6, 10, 10], "rotation": 270, "texture": "#2"},
				"up": {"uv": [9, 6, 10, 10], "texture": "#2"},
				"down": {"uv": [9, 6, 10, 10], "rotation": 180, "texture": "#2"}
			}
		},
		{
			"name": "wheel_14",
			"from": [-14, -2, 8],
			"to": [-13, 2, 9],
			"rotation": {"angle": 0, "axis": "z", "origin": [-21, -9, 9]},
			"faces": {
				"north": {"uv": [7, 7, 3, 8], "rotation": 90, "texture": "#2"},
				"east": {"uv": [3, 8, 7, 7], "rotation": 270, "texture": "#2"},
				"south": {"uv": [3, 7, 7, 8], "rotation": 270, "texture": "#2"},
				"west": {"uv": [3, 7, 7, 8], "rotation": 270, "texture": "#2"},
				"up": {"uv": [6, 7, 7, 8], "texture": "#2"},
				"down": {"uv": [3, 7, 4, 8], "rotation": 180, "texture": "#2"}
			}
		},
		{
			"name": "wheel_15",
			"from": [-14, 1, 9],
			"to": [-13, 2, 11],
			"rotation": {"angle": 0, "axis": "z", "origin": [-21, -9, 9]},
			"faces": {
				"north": {"uv": [7, 8, 6, 9], "rotation": 90, "texture": "#2"},
				"east": {"uv": [6, 10, 7, 8], "rotation": 270, "texture": "#2"},
				"south": {"uv": [6, 9, 7, 10], "rotation": 270, "texture": "#2"},
				"west": {"uv": [6, 8, 7, 10], "rotation": 270, "texture": "#2"},
				"up": {"uv": [6, 8, 7, 10], "texture": "#2"},
				"down": {"uv": [6, 8, 7, 10], "rotation": 180, "texture": "#2"}
			}
		},
		{
			"name": "wheel_17",
			"from": [-14, 2, 10],
			"to": [-13, 4, 11],
			"rotation": {"angle": 0, "axis": "z", "origin": [-21, -9, 9]},
			"faces": {
				"north": {"uv": [9, 9, 7, 10], "rotation": 90, "texture": "#2"},
				"east": {"uv": [7, 10, 9, 9], "rotation": 270, "texture": "#2"},
				"south": {"uv": [7, 9, 9, 10], "rotation": 270, "texture": "#2"},
				"west": {"uv": [7, 9, 9, 10], "rotation": 270, "texture": "#2"},
				"up": {"uv": [8, 9, 9, 10], "texture": "#2"},
				"down": {"uv": [7, 9, 8, 10], "rotation": 180, "texture": "#2"}
			}
		},
		{
			"name": "wheel_18",
			"from": [-14, -2, 11],
			"to": [-13, -1, 15],
			"rotation": {"angle": 0, "axis": "z", "origin": [-21, -9, 9]},
			"faces": {
				"north": {"uv": [4, 10, 3, 11], "rotation": 90, "texture": "#2"},
				"east": {"uv": [3, 14, 4, 10], "rotation": 270, "texture": "#2"},
				"south": {"uv": [3, 13, 4, 14], "rotation": 270, "texture": "#2"},
				"west": {"uv": [3, 10, 4, 14], "rotation": 270, "texture": "#2"},
				"up": {"uv": [3, 10, 4, 14], "texture": "#2"},
				"down": {"uv": [3, 10, 4, 14], "rotation": 180, "texture": "#2"}
			}
		},
		{
			"name": "wheel_19",
			"from": [-14, 2, 11],
			"to": [-13, 3, 16],
			"rotation": {"angle": 0, "axis": "z", "origin": [-21, -9, 9]},
			"faces": {
				"north": {"uv": [8, 10, 7, 11], "rotation": 90, "texture": "#2"},
				"east": {"uv": [7, 15, 8, 10], "rotation": 270, "texture": "#2"},
				"south": {"uv": [7, 14, 8, 15], "rotation": 270, "texture": "#2"},
				"west": {"uv": [7, 10, 8, 15], "rotation": 270, "texture": "#2"},
				"up": {"uv": [7, 10, 8, 15], "texture": "#2"},
				"down": {"uv": [7, 10, 8, 15], "rotation": 180, "texture": "#2"}
			}
		},
		{
			"name": "wheel_21",
			"from": [-14, -1, 12],
			"to": [-13, 0, 15],
			"rotation": {"angle": 0, "axis": "z", "origin": [-21, -9, 9]},
			"faces": {
				"north": {"uv": [5, 11, 4, 12], "rotation": 90, "texture": "#2"},
				"east": {"uv": [4, 14, 5, 11], "rotation": 270, "texture": "#2"},
				"south": {"uv": [4, 13, 5, 14], "rotation": 270, "texture": "#2"},
				"west": {"uv": [4, 11, 5, 14], "rotation": 270, "texture": "#2"},
				"up": {"uv": [4, 11, 5, 14], "texture": "#2"},
				"down": {"uv": [4, 11, 5, 14], "rotation": 180, "texture": "#2"}
			}
		},
		{
			"name": "wheel_23",
			"from": [-14, 0, 13],
			"to": [-13, 1, 16],
			"rotation": {"angle": 0, "axis": "z", "origin": [-21, -9, 9]},
			"faces": {
				"north": {"uv": [6, 12, 5, 13], "rotation": 90, "texture": "#2"},
				"east": {"uv": [5, 15, 6, 12], "rotation": 270, "texture": "#2"},
				"south": {"uv": [5, 14, 6, 15], "rotation": 270, "texture": "#2"},
				"west": {"uv": [5, 12, 6, 15], "rotation": 270, "texture": "#2"},
				"up": {"uv": [5, 12, 6, 15], "texture": "#2"},
				"down": {"uv": [5, 12, 6, 15], "rotation": 180, "texture": "#2"}
			}
		},
		{
			"name": "wheel_25",
			"from": [-14, 1, 14],
			"to": [-13, 2, 16],
			"rotation": {"angle": 0, "axis": "z", "origin": [-21, -9, 9]},
			"faces": {
				"north": {"uv": [7, 13, 6, 14], "rotation": 90, "texture": "#2"},
				"east": {"uv": [6, 15, 7, 13], "rotation": 270, "texture": "#2"},
				"south": {"uv": [6, 14, 7, 15], "rotation": 270, "texture": "#2"},
				"west": {"uv": [6, 13, 7, 15], "rotation": 270, "texture": "#2"},
				"up": {"uv": [6, 13, 7, 15], "texture": "#2"},
				"down": {"uv": [6, 13, 7, 15], "rotation": 180, "texture": "#2"}
			}
		},
		{
			"name": "wheel_26",
			"from": [-14, 3, 14],
			"to": [-13, 5, 16],
			"rotation": {"angle": 0, "axis": "z", "origin": [-21, -9, 9]},
			"faces": {
				"north": {"uv": [10, 13, 8, 14], "rotation": 90, "texture": "#2"},
				"east": {"uv": [8, 15, 10, 13], "rotation": 270, "texture": "#2"},
				"south": {"uv": [8, 14, 10, 15], "rotation": 270, "texture": "#2"},
				"west": {"uv": [8, 13, 10, 15], "rotation": 270, "texture": "#2"},
				"up": {"uv": [9, 13, 10, 15], "texture": "#2"},
				"down": {"uv": [8, 13, 9, 15], "rotation": 180, "texture": "#2"}
			}
		},
		{
			"name": "wheel_0",
			"from": [-13, 0, 2],
			"to": [-10, 6, 16],
			"rotation": {"angle": 0, "axis": "z", "origin": [-21, -9, 9]},
			"faces": {
				"north": {"uv": [11, 1, 5, 2], "rotation": 90, "texture": "#2"},
				"east": {"uv": [5, 15, 11, 1], "rotation": 270, "texture": "#2"},
				"south": {"uv": [5, 14, 11, 15], "rotation": 270, "texture": "#2"},
				"west": {"uv": [5, 1, 11, 15], "rotation": 270, "texture": "#2"},
				"up": {"uv": [10, 1, 11, 15], "texture": "#2"},
				"down": {"uv": [5, 1, 6, 15], "rotation": 180, "texture": "#2"}
			}
		},
		{
			"name": "wheel_1",
			"from": [-13, -2, 3],
			"to": [-10, 0, 15],
			"rotation": {"angle": 0, "axis": "z", "origin": [-21, -9, 9]},
			"faces": {
				"north": {"uv": [5, 2, 3, 3], "rotation": 90, "texture": "#2"},
				"east": {"uv": [3, 14, 5, 2], "rotation": 270, "texture": "#2"},
				"south": {"uv": [3, 13, 5, 14], "rotation": 270, "texture": "#2"},
				"west": {"uv": [3, 2, 5, 14], "rotation": 270, "texture": "#2"},
				"up": {"uv": [4, 2, 5, 14], "texture": "#2"},
				"down": {"uv": [3, 2, 4, 14], "rotation": 180, "texture": "#2"}
			}
		},
		{
			"name": "wheel_3",
			"from": [-13, -3, 4],
			"to": [-10, -2, 14],
			"rotation": {"angle": 0, "axis": "z", "origin": [-21, -9, 9]},
			"faces": {
				"north": {"uv": [3, 3, 2, 4], "rotation": 90, "texture": "#2"},
				"east": {"uv": [2, 13, 3, 3], "rotation": 270, "texture": "#2"},
				"south": {"uv": [2, 12, 3, 13], "rotation": 270, "texture": "#2"},
				"west": {"uv": [2, 3, 3, 13], "rotation": 270, "texture": "#2"},
				"up": {"uv": [2, 3, 3, 13], "texture": "#2"},
				"down": {"uv": [2, 3, 3, 13], "rotation": 180, "texture": "#2"}
			}
		},
		{
			"name": "wheel_5",
			"from": [-13, -4, 6],
			"to": [-10, -3, 12],
			"rotation": {"angle": 0, "axis": "z", "origin": [-21, -9, 9]},
			"faces": {
				"north": {"uv": [2, 5, 1, 6], "rotation": 90, "texture": "#2"},
				"east": {"uv": [1, 11, 2, 5], "rotation": 270, "texture": "#2"},
				"south": {"uv": [1, 10, 2, 11], "rotation": 270, "texture": "#2"},
				"west": {"uv": [1, 5, 2, 11], "rotation": 270, "texture": "#2"},
				"up": {"uv": [1, 5, 2, 11], "texture": "#2"},
				"down": {"uv": [1, 5, 2, 11], "rotation": 180, "texture": "#2"}
			}
		},
		{
			"name": "wheel_0",
			"from": [29, 0, 14],
			"to": [30, 6, 16],
			"rotation": {"angle": 0, "axis": "y", "origin": [37, -9, 9]},
			"faces": {
				"north": {"uv": [5, 2, 11, 3], "rotation": 270, "texture": "#2"},
				"east": {"uv": [5, 1, 11, 3], "rotation": 270, "texture": "#2"},
				"south": {"uv": [11, 1, 5, 2], "rotation": 90, "texture": "#2"},
				"west": {"uv": [5, 3, 11, 1], "rotation": 270, "texture": "#2"},
				"up": {"uv": [10, 1, 11, 3], "rotation": 180, "texture": "#2"},
				"down": {"uv": [5, 1, 6, 3], "texture": "#2"}
			}
		},
		{
			"name": "wheel_1",
			"from": [29, -2, 12],
			"to": [30, 0, 15],
			"rotation": {"angle": 0, "axis": "y", "origin": [37, -9, 9]},
			"faces": {
				"north": {"uv": [3, 4, 5, 5], "rotation": 270, "texture": "#2"},
				"east": {"uv": [3, 2, 5, 5], "rotation": 270, "texture": "#2"},
				"south": {"uv": [5, 2, 3, 3], "rotation": 90, "texture": "#2"},
				"west": {"uv": [3, 5, 5, 2], "rotation": 270, "texture": "#2"},
				"up": {"uv": [4, 2, 5, 5], "rotation": 180, "texture": "#2"},
				"down": {"uv": [3, 2, 4, 5], "texture": "#2"}
			}
		},
		{
			"name": "wheel_3",
			"from": [29, -3, 4],
			"to": [30, -2, 14],
			"rotation": {"angle": 0, "axis": "y", "origin": [37, -9, 9]},
			"faces": {
				"north": {"uv": [2, 12, 3, 13], "rotation": 270, "texture": "#2"},
				"east": {"uv": [2, 3, 3, 13], "rotation": 270, "texture": "#2"},
				"south": {"uv": [3, 3, 2, 4], "rotation": 90, "texture": "#2"},
				"west": {"uv": [2, 13, 3, 3], "rotation": 270, "texture": "#2"},
				"up": {"uv": [2, 3, 3, 13], "rotation": 180, "texture": "#2"},
				"down": {"uv": [2, 3, 3, 13], "texture": "#2"}
			}
		},
		{
			"name": "wheel_4",
			"from": [29, 0, 13],
			"to": [30, 1, 14],
			"rotation": {"angle": 0, "axis": "y", "origin": [37, -9, 9]},
			"faces": {
				"north": {"uv": [5, 3, 6, 4], "rotation": 270, "texture": "#2"},
				"east": {"uv": [5, 3, 6, 4], "rotation": 270, "texture": "#2"},
				"south": {"uv": [6, 3, 5, 4], "rotation": 90, "texture": "#2"},
				"west": {"uv": [5, 4, 6, 3], "rotation": 270, "texture": "#2"},
				"up": {"uv": [5, 3, 6, 4], "rotation": 180, "texture": "#2"},
				"down": {"uv": [5, 3, 6, 4], "texture": "#2"}
			}
		},
		{
			"name": "wheel_5",
			"from": [29, 3, 10],
			"to": [30, 4, 14],
			"rotation": {"angle": 0, "axis": "y", "origin": [37, -9, 9]},
			"faces": {
				"north": {"uv": [8, 6, 9, 7], "rotation": 270, "texture": "#2"},
				"east": {"uv": [8, 3, 9, 7], "rotation": 270, "texture": "#2"},
				"south": {"uv": [9, 3, 8, 4], "rotation": 90, "texture": "#2"},
				"west": {"uv": [8, 7, 9, 3], "rotation": 270, "texture": "#2"},
				"up": {"uv": [8, 3, 9, 7], "rotation": 180, "texture": "#2"},
				"down": {"uv": [8, 3, 9, 7], "texture": "#2"}
			}
		},
		{
			"name": "wheel_8",
			"from": [29, -4, 6],
			"to": [30, -3, 12],
			"rotation": {"angle": 0, "axis": "y", "origin": [37, -9, 9]},
			"faces": {
				"north": {"uv": [1, 10, 2, 11], "rotation": 270, "texture": "#2"},
				"east": {"uv": [1, 5, 2, 11], "rotation": 270, "texture": "#2"},
				"south": {"uv": [2, 5, 1, 6], "rotation": 90, "texture": "#2"},
				"west": {"uv": [1, 11, 2, 5], "rotation": 270, "texture": "#2"},
				"up": {"uv": [1, 5, 2, 11], "rotation": 180, "texture": "#2"},
				"down": {"uv": [1, 5, 2, 11], "texture": "#2"}
			}
		},
		{
			"name": "wheel_9",
			"from": [29, -2, 11],
			"to": [30, -1, 12],
			"rotation": {"angle": 0, "axis": "y", "origin": [37, -9, 9]},
			"faces": {
				"north": {"uv": [3, 5, 4, 6], "rotation": 270, "texture": "#2"},
				"east": {"uv": [3, 5, 4, 6], "rotation": 270, "texture": "#2"},
				"south": {"uv": [4, 5, 3, 6], "rotation": 90, "texture": "#2"},
				"west": {"uv": [3, 6, 4, 5], "rotation": 270, "texture": "#2"},
				"up": {"uv": [3, 5, 4, 6], "rotation": 180, "texture": "#2"},
				"down": {"uv": [3, 5, 4, 6], "texture": "#2"}
			}
		},
		{
			"name": "wheel_12",
			"from": [29, 1, 10],
			"to": [30, 3, 11],
			"rotation": {"angle": 0, "axis": "y", "origin": [37, -9, 9]},
			"faces": {
				"north": {"uv": [6, 6, 8, 7], "rotation": 270, "texture": "#2"},
				"east": {"uv": [6, 6, 8, 7], "rotation": 270, "texture": "#2"},
				"south": {"uv": [8, 6, 6, 7], "rotation": 90, "texture": "#2"},
				"west": {"uv": [6, 7, 8, 6], "rotation": 270, "texture": "#2"},
				"up": {"uv": [7, 6, 8, 7], "rotation": 180, "texture": "#2"},
				"down": {"uv": [6, 6, 7, 7], "texture": "#2"}
			}
		},
		{
			"name": "wheel_13",
			"from": [29, 4, 7],
			"to": [30, 5, 11],
			"rotation": {"angle": 0, "axis": "y", "origin": [37, -9, 9]},
			"faces": {
				"north": {"uv": [9, 9, 10, 10], "rotation": 270, "texture": "#2"},
				"east": {"uv": [9, 6, 10, 10], "rotation": 270, "texture": "#2"},
				"south": {"uv": [10, 6, 9, 7], "rotation": 90, "texture": "#2"},
				"west": {"uv": [9, 10, 10, 6], "rotation": 270, "texture": "#2"},
				"up": {"uv": [9, 6, 10, 10], "rotation": 180, "texture": "#2"},
				"down": {"uv": [9, 6, 10, 10], "texture": "#2"}
			}
		},
		{
			"name": "wheel_14",
			"from": [29, -2, 9],
			"to": [30, 2, 10],
			"rotation": {"angle": 0, "axis": "y", "origin": [37, -9, 9]},
			"faces": {
				"north": {"uv": [3, 7, 7, 8], "rotation": 270, "texture": "#2"},
				"east": {"uv": [3, 7, 7, 8], "rotation": 270, "texture": "#2"},
				"south": {"uv": [7, 7, 3, 8], "rotation": 90, "texture": "#2"},
				"west": {"uv": [3, 8, 7, 7], "rotation": 270, "texture": "#2"},
				"up": {"uv": [6, 7, 7, 8], "rotation": 180, "texture": "#2"},
				"down": {"uv": [3, 7, 4, 8], "texture": "#2"}
			}
		},
		{
			"name": "wheel_15",
			"from": [29, 1, 7],
			"to": [30, 2, 9],
			"rotation": {"angle": 0, "axis": "y", "origin": [37, -9, 9]},
			"faces": {
				"north": {"uv": [6, 9, 7, 10], "rotation": 270, "texture": "#2"},
				"east": {"uv": [6, 8, 7, 10], "rotation": 270, "texture": "#2"},
				"south": {"uv": [7, 8, 6, 9], "rotation": 90, "texture": "#2"},
				"west": {"uv": [6, 10, 7, 8], "rotation": 270, "texture": "#2"},
				"up": {"uv": [6, 8, 7, 10], "rotation": 180, "texture": "#2"},
				"down": {"uv": [6, 8, 7, 10], "texture": "#2"}
			}
		},
		{
			"name": "wheel_17",
			"from": [29, 2, 7],
			"to": [30, 4, 8],
			"rotation": {"angle": 0, "axis": "y", "origin": [37, -9, 9]},
			"faces": {
				"north": {"uv": [7, 9, 9, 10], "rotation": 270, "texture": "#2"},
				"east": {"uv": [7, 9, 9, 10], "rotation": 270, "texture": "#2"},
				"south": {"uv": [9, 9, 7, 10], "rotation": 90, "texture": "#2"},
				"west": {"uv": [7, 10, 9, 9], "rotation": 270, "texture": "#2"},
				"up": {"uv": [8, 9, 9, 10], "rotation": 180, "texture": "#2"},
				"down": {"uv": [7, 9, 8, 10], "texture": "#2"}
			}
		},
		{
			"name": "wheel_18",
			"from": [29, -2, 3],
			"to": [30, -1, 7],
			"rotation": {"angle": 0, "axis": "y", "origin": [37, -9, 9]},
			"faces": {
				"north": {"uv": [3, 13, 4, 14], "rotation": 270, "texture": "#2"},
				"east": {"uv": [3, 10, 4, 14], "rotation": 270, "texture": "#2"},
				"south": {"uv": [4, 10, 3, 11], "rotation": 90, "texture": "#2"},
				"west": {"uv": [3, 14, 4, 10], "rotation": 270, "texture": "#2"},
				"up": {"uv": [3, 10, 4, 14], "rotation": 180, "texture": "#2"},
				"down": {"uv": [3, 10, 4, 14], "texture": "#2"}
			}
		},
		{
			"name": "wheel_19",
			"from": [29, 2, 2],
			"to": [30, 3, 7],
			"rotation": {"angle": 0, "axis": "y", "origin": [37, -9, 9]},
			"faces": {
				"north": {"uv": [7, 14, 8, 15], "rotation": 270, "texture": "#2"},
				"east": {"uv": [7, 10, 8, 15], "rotation": 270, "texture": "#2"},
				"south": {"uv": [8, 10, 7, 11], "rotation": 90, "texture": "#2"},
				"west": {"uv": [7, 15, 8, 10], "rotation": 270, "texture": "#2"},
				"up": {"uv": [7, 10, 8, 15], "rotation": 180, "texture": "#2"},
				"down": {"uv": [7, 10, 8, 15], "texture": "#2"}
			}
		},
		{
			"name": "wheel_21",
			"from": [29, -1, 3],
			"to": [30, 0, 6],
			"rotation": {"angle": 0, "axis": "y", "origin": [37, -9, 9]},
			"faces": {
				"north": {"uv": [4, 13, 5, 14], "rotation": 270, "texture": "#2"},
				"east": {"uv": [4, 11, 5, 14], "rotation": 270, "texture": "#2"},
				"south": {"uv": [5, 11, 4, 12], "rotation": 90, "texture": "#2"},
				"west": {"uv": [4, 14, 5, 11], "rotation": 270, "texture": "#2"},
				"up": {"uv": [4, 11, 5, 14], "rotation": 180, "texture": "#2"},
				"down": {"uv": [4, 11, 5, 14], "texture": "#2"}
			}
		},
		{
			"name": "wheel_23",
			"from": [29, 0, 2],
			"to": [30, 1, 5],
			"rotation": {"angle": 0, "axis": "y", "origin": [37, -9, 9]},
			"faces": {
				"north": {"uv": [5, 14, 6, 15], "rotation": 270, "texture": "#2"},
				"east": {"uv": [5, 12, 6, 15], "rotation": 270, "texture": "#2"},
				"south": {"uv": [6, 12, 5, 13], "rotation": 90, "texture": "#2"},
				"west": {"uv": [5, 15, 6, 12], "rotation": 270, "texture": "#2"},
				"up": {"uv": [5, 12, 6, 15], "rotation": 180, "texture": "#2"},
				"down": {"uv": [5, 12, 6, 15], "texture": "#2"}
			}
		},
		{
			"name": "wheel_25",
			"from": [29, 1, 2],
			"to": [30, 2, 4],
			"rotation": {"angle": 0, "axis": "y", "origin": [37, -9, 9]},
			"faces": {
				"north": {"uv": [6, 14, 7, 15], "rotation": 270, "texture": "#2"},
				"east": {"uv": [6, 13, 7, 15], "rotation": 270, "texture": "#2"},
				"south": {"uv": [7, 13, 6, 14], "rotation": 90, "texture": "#2"},
				"west": {"uv": [6, 15, 7, 13], "rotation": 270, "texture": "#2"},
				"up": {"uv": [6, 13, 7, 15], "rotation": 180, "texture": "#2"},
				"down": {"uv": [6, 13, 7, 15], "texture": "#2"}
			}
		},
		{
			"name": "wheel_26",
			"from": [29, 3, 2],
			"to": [30, 5, 4],
			"rotation": {"angle": 0, "axis": "y", "origin": [37, -9, 9]},
			"faces": {
				"north": {"uv": [8, 14, 10, 15], "rotation": 270, "texture": "#2"},
				"east": {"uv": [8, 13, 10, 15], "rotation": 270, "texture": "#2"},
				"south": {"uv": [10, 13, 8, 14], "rotation": 90, "texture": "#2"},
				"west": {"uv": [8, 15, 10, 13], "rotation": 270, "texture": "#2"},
				"up": {"uv": [9, 13, 10, 15], "rotation": 180, "texture": "#2"},
				"down": {"uv": [8, 13, 9, 15], "texture": "#2"}
			}
		},
		{
			"name": "wheel_0",
			"from": [26, 0, 2],
			"to": [29, 6, 16],
			"rotation": {"angle": 0, "axis": "y", "origin": [37, -9, 9]},
			"faces": {
				"north": {"uv": [5, 14, 11, 15], "rotation": 270, "texture": "#2"},
				"east": {"uv": [5, 1, 11, 15], "rotation": 270, "texture": "#2"},
				"south": {"uv": [11, 1, 5, 2], "rotation": 90, "texture": "#2"},
				"west": {"uv": [5, 15, 11, 1], "rotation": 270, "texture": "#2"},
				"up": {"uv": [10, 1, 11, 15], "rotation": 180, "texture": "#2"},
				"down": {"uv": [5, 1, 6, 15], "texture": "#2"}
			}
		},
		{
			"name": "wheel_1",
			"from": [26, -2, 3],
			"to": [29, 0, 15],
			"rotation": {"angle": 0, "axis": "y", "origin": [37, -9, 9]},
			"faces": {
				"north": {"uv": [3, 13, 5, 14], "rotation": 270, "texture": "#2"},
				"east": {"uv": [3, 2, 5, 14], "rotation": 270, "texture": "#2"},
				"south": {"uv": [5, 2, 3, 3], "rotation": 90, "texture": "#2"},
				"west": {"uv": [3, 14, 5, 2], "rotation": 270, "texture": "#2"},
				"up": {"uv": [4, 2, 5, 14], "rotation": 180, "texture": "#2"},
				"down": {"uv": [3, 2, 4, 14], "texture": "#2"}
			}
		},
		{
			"name": "wheel_3",
			"from": [26, -3, 4],
			"to": [29, -2, 14],
			"rotation": {"angle": 0, "axis": "y", "origin": [37, -9, 9]},
			"faces": {
				"north": {"uv": [2, 12, 3, 13], "rotation": 270, "texture": "#2"},
				"east": {"uv": [2, 3, 3, 13], "rotation": 270, "texture": "#2"},
				"south": {"uv": [3, 3, 2, 4], "rotation": 90, "texture": "#2"},
				"west": {"uv": [2, 13, 3, 3], "rotation": 270, "texture": "#2"},
				"up": {"uv": [2, 3, 3, 13], "rotation": 180, "texture": "#2"},
				"down": {"uv": [2, 3, 3, 13], "texture": "#2"}
			}
		},
		{
			"name": "wheel_5",
			"from": [26, -4, 6],
			"to": [29, -3, 12],
			"rotation": {"angle": 0, "axis": "y", "origin": [37, -9, 9]},
			"faces": {
				"north": {"uv": [1, 10, 2, 11], "rotation": 270, "texture": "#2"},
				"east": {"uv": [1, 5, 2, 11], "rotation": 270, "texture": "#2"},
				"south": {"uv": [2, 5, 1, 6], "rotation": 90, "texture": "#2"},
				"west": {"uv": [1, 11, 2, 5], "rotation": 270, "texture": "#2"},
				"up": {"uv": [1, 5, 2, 11], "rotation": 180, "texture": "#2"},
				"down": {"uv": [1, 5, 2, 11], "texture": "#2"}
			}
		}
	],
	"display": {
		"thirdperson_righthand": {
			"rotation": [75, 45, 0],
			"translation": [0, 2.5, 0],
			"scale": [0.2, 0.2, 0.2]
		},
		"thirdperson_lefthand": {
			"rotation": [75, 45, 0],
			"translation": [0, 2.5, 0],
			"scale": [0.2, 0.2, 0.2]
		},
		"firstperson_righthand": {
			"rotation": [0, 45, 0],
			"scale": [0.2, 0.2, 0.2]
		},
		"firstperson_lefthand": {
			"rotation": [0, 45, 0],
			"scale": [0.2, 0.2, 0.2]
		},
		"ground": {
			"translation": [0, 3, 0],
			"scale": [0.25, 0.25, 0.25]
		},
		"gui": {
			"rotation": [30, 225, 0],
			"scale": [0.3, 0.3, 0.3]
		},
		"fixed": {
			"rotation": [-90, 0, 0],
			"translation": [0, 0, -46],
			"scale": [2, 2, 2]
		}
	},
	"groups": [
		{
			"name": "Part1",
			"origin": [23, 0, 8],
			"children": [
				{
					"name": "Wheel",
					"origin": [8, 8, 8],
					"children": [0, 1, 2, 3, 4, 5, 6, 7, 8, 9, 10, 11, 12, 13, 14, 15, 16, 17,
						{
							"name": "wheel",
							"origin": [8, 8, 8],
							"children": [18, 19, 20, 21]
						},
						{
							"name": "Wheel",
							"origin": [8, 8, 8],
							"children": [22, 23, 24, 25, 26, 27, 28, 29, 30, 31, 32, 33, 34, 35, 36, 37, 38, 39,
								{
									"name": "wheel",
									"origin": [8, 8, 8],
									"children": [40, 41, 42, 43]
								}
							]
						}
					]
				}
			]
		}
	]
}