{
	"credit": "Yuushya",
	"ambientocclusion": false,
	"textures": {
		"0": "yuushya:0extra_building_material/preview/stop",
		"1": "yuushya:0extra_building_material/preview/dark_car",
		"2": "yuushya:0extra_building_material/preview/wheel",
		"particle": "yuushya:0extra_building_material/preview/stop"
	},
	"elements": [
		{
			"from": [-16, -8, 0],
			"to": [32, 8, 15],
			"rotation": {"angle": 0, "axis": "y", "origin": [23, -8, 0]},
			"faces": {
				"north": {"uv": [0.125, 4.25, 6.125, 6.625], "texture": "#1"},
				"east": {"uv": [3.875, 1.625, 2, 3.625], "texture": "#1"},
				"south": {"uv": [2.25, 3.625, 2.375, 3.75], "texture": "#1"},
				"west": {"uv": [2, 1.625, 3.875, 3.625], "texture": "#1"},
				"up": {"uv": [0.125, 10.25, 6.125, 12.125], "texture": "#1"},
				"down": {"uv": [2.25, 3.625, 2.375, 3.75], "texture": "#1"}
			}
		},
		{
			"from": [-16, -11, -12],
			"to": [32, 6, 0],
			"rotation": {"angle": 0, "axis": "y", "origin": [23, -8, -16]},
			"faces": {
				"north": {"uv": [0.125, 4.5, 6.125, 6.625], "texture": "#1"},
				"east": {"uv": [2, 1.875, 0.5, 4], "texture": "#1"},
				"south": {"uv": [2.25, 3.625, 2.375, 3.75], "texture": "#1"},
				"west": {"uv": [0.5, 1.875, 2, 4], "texture": "#1"},
				"up": {"uv": [0.125, 12.125, 6.125, 13.625], "texture": "#1"},
				"down": {"uv": [2.25, 3.625, 2.375, 3.75], "texture": "#1"}
			}
		},
		{
			"from": [-16, -10, -14],
			"to": [32, -2, -12],
			"rotation": {"angle": 0, "axis": "y", "origin": [0, -8, -20]},
			"faces": {
				"north": {"uv": [0.125, 5.5, 6.125, 6.5], "texture": "#1"},
				"east": {"uv": [0.25, 2.875, 0.5, 3.875], "texture": "#1"},
				"south": {"uv": [0, 0, 16, 8], "texture": "#0"},
				"west": {"uv": [0.25, 2.875, 0.5, 3.875], "texture": "#1"},
				"up": {"uv": [0.125, 5.5, 6.125, 5.75], "texture": "#1"},
				"down": {"uv": [0.125, 5.5, 6.125, 5.75], "texture": "#1"}
			}
		},
		{
			"from": [-15.9, 12, 12],
			"to": [31.9, 28, 13],
			"rotation": {"angle": 45, "axis": "x", "origin": [0, 9, 8]},
			"faces": {
				"north": {"uv": [0.125, 14, 6.125, 16], "texture": "#1"},
				"east": {"uv": [5.875, 14, 6, 16], "texture": "#1"},
				"south": {"uv": [0.125, 14, 6.125, 16], "texture": "#1"},
				"west": {"uv": [5.875, 14, 6, 16], "texture": "#1"},
				"up": {"uv": [0, 0, 16, 1], "texture": "#0"},
				"down": {"uv": [0.125, 14, 6.125, 16], "texture": "#1"}
			}
		},
		{
			"from": [19, -2, -15],
			"to": [31, 5, -12],
			"rotation": {"angle": 0, "axis": "y", "origin": [0, -8, -20]},
			"faces": {
				"north": {"uv": [0.25, 4.625, 1.75, 5.5], "texture": "#1"},
				"east": {"uv": [0.5, 2, 0.125, 2.875], "texture": "#1"},
				"south": {"uv": [0, 0, 12, 7], "texture": "#0"},
				"west": {"uv": [0.125, 2, 0.5, 2.875], "texture": "#1"},
				"up": {"uv": [0.25, 13.875, 1.75, 14], "texture": "#1"},
				"down": {"uv": [0.25, 13.875, 1.75, 14], "texture": "#1"}
			}
		},
		{
			"from": [-15, -2, -15],
			"to": [-3, 5, -12],
			"rotation": {"angle": 0, "axis": "y", "origin": [0, -8, -20]},
			"faces": {
				"north": {"uv": [0.25, 4.625, 1.75, 5.5], "texture": "#1"},
				"east": {"uv": [0.5, 2, 0.125, 2.875], "texture": "#1"},
				"south": {"uv": [0, 0, 12, 7], "texture": "#0"},
				"west": {"uv": [0.125, 2, 0.5, 2.875], "texture": "#1"},
				"up": {"uv": [4.5, 13.875, 6, 14], "texture": "#1"},
				"down": {"uv": [0.25, 13.875, 1.75, 14], "texture": "#1"}
			}
		},
		{
			"from": [-16, 5, -14],
			"to": [32, 6, -12],
			"rotation": {"angle": 0, "axis": "y", "origin": [0, -8, -20]},
			"faces": {
				"north": {"uv": [0.125, 4.5, 6.125, 4.625], "texture": "#1"},
				"east": {"uv": [0.25, 1.875, 0.5, 2], "texture": "#1"},
				"south": {"uv": [0, 0, 16, 1], "texture": "#0"},
				"west": {"uv": [0.25, 1.875, 0.5, 2], "texture": "#1"},
				"up": {"uv": [0.125, 13.625, 6.125, 13.875], "texture": "#1"},
				"down": {"uv": [0.125, 4.5, 6.125, 4.75], "rotation": 180, "texture": "#1"}
			}
		},
		{
			"from": [-16, 18, 24],
			"to": [32, 20, 32],
			"rotation": {"angle": 0, "axis": "y", "origin": [23, -8, 17]},
			"faces": {
				"north": {"uv": [0.125, 14, 6.125, 14.125], "texture": "#1"},
				"east": {"uv": [5, 0.125, 6, 0.375], "texture": "#1"},
				"south": {"uv": [2.25, 3.625, 2.375, 3.75], "texture": "#1"},
				"west": {"uv": [5, 0.125, 6, 0.375], "texture": "#1"},
				"up": {"uv": [0.125, 8.125, 6.125, 9.125], "texture": "#1"},
				"down": {"uv": [0.125, 8.125, 6.125, 9.125], "texture": "#1"}
			}
		},
		{
			"from": [-15, 10.5, 13],
			"to": [31, 29.5, 16],
			"rotation": {"angle": 45, "axis": "x", "origin": [0, 9, 8]},
			"faces": {
				"north": {"uv": [0, 0, 16, 16], "texture": "#0"},
				"east": {"uv": [5.875, 14, 6, 16], "texture": "#1"},
				"south": {"uv": [0.125, 14, 6.125, 16], "texture": "#1"},
				"west": {"uv": [5.875, 14, 6, 16], "texture": "#1"},
				"up": {"uv": [0, 0, 16, 3], "texture": "#0"},
				"down": {"uv": [0, 0, 16, 3], "texture": "#0"}
			}
		},
		{
			"from": [-16, -8, 15],
			"to": [32, 7, 32],
			"rotation": {"angle": 0, "axis": "y", "origin": [-24, -8, 8]},
			"faces": {
				"north": {"uv": [0, 0, 16, 15], "texture": "#0"},
				"east": {"uv": [6, 1.75, 3.875, 3.625], "texture": "#1"},
				"south": {"uv": [2.25, 3.625, 2.375, 3.75], "texture": "#1"},
				"west": {"uv": [3.875, 1.75, 6, 3.625], "texture": "#1"},
				"up": {"uv": [3.875, 1.75, 6, 1.875], "rotation": 90, "texture": "#1"},
				"down": {"uv": [2.25, 3.625, 2.375, 3.75], "texture": "#1"}
			}
		},
		{
			"from": [29, 7, 16],
			"to": [29, 20, 32],
			"rotation": {"angle": 0, "axis": "y", "origin": [37, 15, 39]},
			"faces": {
				"north": {"uv": [0, 0, 0, 13], "texture": "#1"},
				"east": {"uv": [8.5, 14.375, 6.5, 16], "texture": "#1"},
				"south": {"uv": [0, 0, 0, 13], "texture": "#1"},
				"west": {"uv": [6.5, 14.375, 8.5, 16], "texture": "#1"},
				"up": {"uv": [0, 0, 0, 16], "texture": "#1"},
				"down": {"uv": [0, 0, 0, 16], "texture": "#1"}
			}
		},
		{
			"from": [-2, 8, 12],
			"to": [17, 9, 13],
			"rotation": {"angle": 0, "axis": "y", "origin": [23, -14, 9]},
			"faces": {
				"north": {"uv": [2.25, 3.625, 2.375, 3.75], "texture": "#1"},
				"east": {"uv": [2.25, 3.625, 2.375, 3.75], "texture": "#1"},
				"south": {"uv": [2.25, 3.625, 2.375, 3.75], "texture": "#1"},
				"west": {"uv": [2.25, 3.625, 2.375, 3.75], "texture": "#1"},
				"up": {"uv": [2.25, 3.625, 2.375, 3.75], "texture": "#1"},
				"down": {"uv": [2.25, 3.625, 2.375, 3.75], "texture": "#1"}
			}
		},
		{
			"from": [-14, 7, 16],
			"to": [-14, 20, 32],
			"rotation": {"angle": 0, "axis": "y", "origin": [-6, 15, 39]},
			"faces": {
				"north": {"uv": [0, 0, 0, 13], "texture": "#missing"},
				"east": {"uv": [8.5, 14.375, 6.5, 16], "texture": "#1"},
				"south": {"uv": [0, 0, 0, 13], "texture": "#missing"},
				"west": {"uv": [6.5, 14.375, 8.5, 16], "texture": "#1"},
				"up": {"uv": [0, 0, 0, 16], "texture": "#missing"},
				"down": {"uv": [0, 0, 0, 16], "texture": "#missing"}
			}
		},
		{
			"from": [-4, 7.8, 12.2],
			"to": [-2, 8.8, 13.2],
			"rotation": {"angle": 0, "axis": "y", "origin": [23, -14, 9]},
			"faces": {
				"north": {"uv": [2.25, 3.625, 2.375, 3.75], "texture": "#1"},
				"east": {"uv": [2.25, 3.625, 2.375, 3.75], "texture": "#1"},
				"south": {"uv": [2.25, 3.625, 2.375, 3.75], "texture": "#1"},
				"west": {"uv": [2.25, 3.625, 2.375, 3.75], "texture": "#1"},
				"up": {"uv": [2.25, 3.625, 2.375, 3.75], "texture": "#1"},
				"down": {"uv": [2.25, 3.625, 2.375, 3.75], "texture": "#1"}
			}
		},
		{
			"name": "wheel_0",
			"from": [-14, -12, 1],
			"to": [-13, -6, 3],
			"rotation": {"angle": 0, "axis": "z", "origin": [-21, -9, 9]},
			"faces": {
				"north": {"uv": [11, 1, 5, 2], "rotation": 90, "texture": "#2"},
				"east": {"uv": [5, 3, 11, 1], "rotation": 270, "texture": "#2"},
				"south": {"uv": [5, 2, 11, 3], "rotation": 270, "texture": "#2"},
				"west": {"uv": [5, 1, 11, 3], "rotation": 270, "texture": "#2"},
				"up": {"uv": [10, 1, 11, 3], "texture": "#2"},
				"down": {"uv": [5, 1, 6, 3], "rotation": 180, "texture": "#2"}
			}
		},
		{
			"name": "wheel_1",
			"from": [-14, -14, 2],
			"to": [-13, -12, 5],
			"rotation": {"angle": 0, "axis": "z", "origin": [-21, -9, 9]},
			"faces": {
				"north": {"uv": [5, 2, 3, 3], "rotation": 90, "texture": "#2"},
				"east": {"uv": [3, 5, 5, 2], "rotation": 270, "texture": "#2"},
				"south": {"uv": [3, 4, 5, 5], "rotation": 270, "texture": "#2"},
				"west": {"uv": [3, 2, 5, 5], "rotation": 270, "texture": "#2"},
				"up": {"uv": [4, 2, 5, 5], "texture": "#2"},
				"down": {"uv": [3, 2, 4, 5], "rotation": 180, "texture": "#2"}
			}
		},
		{
			"name": "wheel_3",
			"from": [-14, -15, 3],
			"to": [-13, -14, 13],
			"rotation": {"angle": 0, "axis": "z", "origin": [-21, -9, 9]},
			"faces": {
				"north": {"uv": [3, 3, 2, 4], "rotation": 90, "texture": "#2"},
				"east": {"uv": [2, 13, 3, 3], "rotation": 270, "texture": "#2"},
				"south": {"uv": [2, 12, 3, 13], "rotation": 270, "texture": "#2"},
				"west": {"uv": [2, 3, 3, 13], "rotation": 270, "texture": "#2"},
				"up": {"uv": [2, 3, 3, 13], "texture": "#2"},
				"down": {"uv": [2, 3, 3, 13], "rotation": 180, "texture": "#2"}
			}
		},
		{
			"name": "wheel_4",
			"from": [-14, -12, 3],
			"to": [-13, -11, 4],
			"rotation": {"angle": 0, "axis": "z", "origin": [-21, -9, 9]},
			"faces": {
				"north": {"uv": [6, 3, 5, 4], "rotation": 90, "texture": "#2"},
				"east": {"uv": [5, 4, 6, 3], "rotation": 270, "texture": "#2"},
				"south": {"uv": [5, 3, 6, 4], "rotation": 270, "texture": "#2"},
				"west": {"uv": [5, 3, 6, 4], "rotation": 270, "texture": "#2"},
				"up": {"uv": [5, 3, 6, 4], "texture": "#2"},
				"down": {"uv": [5, 3, 6, 4], "rotation": 180, "texture": "#2"}
			}
		},
		{
			"name": "wheel_5",
			"from": [-14, -9, 3],
			"to": [-13, -8, 7],
			"rotation": {"angle": 0, "axis": "z", "origin": [-21, -9, 9]},
			"faces": {
				"north": {"uv": [9, 3, 8, 4], "rotation": 90, "texture": "#2"},
				"east": {"uv": [8, 7, 9, 3], "rotation": 270, "texture": "#2"},
				"south": {"uv": [8, 6, 9, 7], "rotation": 270, "texture": "#2"},
				"west": {"uv": [8, 3, 9, 7], "rotation": 270, "texture": "#2"},
				"up": {"uv": [8, 3, 9, 7], "texture": "#2"},
				"down": {"uv": [8, 3, 9, 7], "rotation": 180, "texture": "#2"}
			}
		},
		{
			"name": "wheel_8",
			"from": [-14, -16, 5],
			"to": [-13, -15, 11],
			"rotation": {"angle": 0, "axis": "z", "origin": [-21, -9, 9]},
			"faces": {
				"north": {"uv": [2, 5, 1, 6], "rotation": 90, "texture": "#2"},
				"east": {"uv": [1, 11, 2, 5], "rotation": 270, "texture": "#2"},
				"south": {"uv": [1, 10, 2, 11], "rotation": 270, "texture": "#2"},
				"west": {"uv": [1, 5, 2, 11], "rotation": 270, "texture": "#2"},
				"up": {"uv": [1, 5, 2, 11], "texture": "#2"},
				"down": {"uv": [1, 5, 2, 11], "rotation": 180, "texture": "#2"}
			}
		},
		{
			"name": "wheel_9",
			"from": [-14, -14, 5],
			"to": [-13, -13, 6],
			"rotation": {"angle": 0, "axis": "z", "origin": [-21, -9, 9]},
			"faces": {
				"north": {"uv": [4, 5, 3, 6], "rotation": 90, "texture": "#2"},
				"east": {"uv": [3, 6, 4, 5], "rotation": 270, "texture": "#2"},
				"south": {"uv": [3, 5, 4, 6], "rotation": 270, "texture": "#2"},
				"west": {"uv": [3, 5, 4, 6], "rotation": 270, "texture": "#2"},
				"up": {"uv": [3, 5, 4, 6], "texture": "#2"},
				"down": {"uv": [3, 5, 4, 6], "rotation": 180, "texture": "#2"}
			}
		},
		{
			"name": "wheel_12",
			"from": [-14, -11, 6],
			"to": [-13, -9, 7],
			"rotation": {"angle": 0, "axis": "z", "origin": [-21, -9, 9]},
			"faces": {
				"north": {"uv": [8, 6, 6, 7], "rotation": 90, "texture": "#2"},
				"east": {"uv": [6, 7, 8, 6], "rotation": 270, "texture": "#2"},
				"south": {"uv": [6, 6, 8, 7], "rotation": 270, "texture": "#2"},
				"west": {"uv": [6, 6, 8, 7], "rotation": 270, "texture": "#2"},
				"up": {"uv": [7, 6, 8, 7], "texture": "#2"},
				"down": {"uv": [6, 6, 7, 7], "rotation": 180, "texture": "#2"}
			}
		},
		{
			"name": "wheel_13",
			"from": [-14, -8, 6],
			"to": [-13, -7, 10],
			"rotation": {"angle": 0, "axis": "z", "origin": [-21, -9, 9]},
			"faces": {
				"north": {"uv": [10, 6, 9, 7], "rotation": 90, "texture": "#2"},
				"east": {"uv": [9, 10, 10, 6], "rotation": 270, "texture": "#2"},
				"south": {"uv": [9, 9, 10, 10], "rotation": 270, "texture": "#2"},
				"west": {"uv": [9, 6, 10, 10], "rotation": 270, "texture": "#2"},
				"up": {"uv": [9, 6, 10, 10], "texture": "#2"},
				"down": {"uv": [9, 6, 10, 10], "rotation": 180, "texture": "#2"}
			}
		},
		{
			"name": "wheel_14",
			"from": [-14, -14, 7],
			"to": [-13, -10, 8],
			"rotation": {"angle": 0, "axis": "z", "origin": [-21, -9, 9]},
			"faces": {
				"north": {"uv": [7, 7, 3, 8], "rotation": 90, "texture": "#2"},
				"east": {"uv": [3, 8, 7, 7], "rotation": 270, "texture": "#2"},
				"south": {"uv": [3, 7, 7, 8], "rotation": 270, "texture": "#2"},
				"west": {"uv": [3, 7, 7, 8], "rotation": 270, "texture": "#2"},
				"up": {"uv": [6, 7, 7, 8], "texture": "#2"},
				"down": {"uv": [3, 7, 4, 8], "rotation": 180, "texture": "#2"}
			}
		},
		{
			"name": "wheel_15",
			"from": [-14, -11, 8],
			"to": [-13, -10, 10],
			"rotation": {"angle": 0, "axis": "z", "origin": [-21, -9, 9]},
			"faces": {
				"north": {"uv": [7, 8, 6, 9], "rotation": 90, "texture": "#2"},
				"east": {"uv": [6, 10, 7, 8], "rotation": 270, "texture": "#2"},
				"south": {"uv": [6, 9, 7, 10], "rotation": 270, "texture": "#2"},
				"west": {"uv": [6, 8, 7, 10], "rotation": 270, "texture": "#2"},
				"up": {"uv": [6, 8, 7, 10], "texture": "#2"},
				"down": {"uv": [6, 8, 7, 10], "rotation": 180, "texture": "#2"}
			}
		},
		{
			"name": "wheel_17",
			"from": [-14, -10, 9],
			"to": [-13, -8, 10],
			"rotation": {"angle": 0, "axis": "z", "origin": [-21, -9, 9]},
			"faces": {
				"north": {"uv": [9, 9, 7, 10], "rotation": 90, "texture": "#2"},
				"east": {"uv": [7, 10, 9, 9], "rotation": 270, "texture": "#2"},
				"south": {"uv": [7, 9, 9, 10], "rotation": 270, "texture": "#2"},
				"west": {"uv": [7, 9, 9, 10], "rotation": 270, "texture": "#2"},
				"up": {"uv": [8, 9, 9, 10], "texture": "#2"},
				"down": {"uv": [7, 9, 8, 10], "rotation": 180, "texture": "#2"}
			}
		},
		{
			"name": "wheel_18",
			"from": [-14, -14, 10],
			"to": [-13, -13, 14],
			"rotation": {"angle": 0, "axis": "z", "origin": [-21, -9, 9]},
			"faces": {
				"north": {"uv": [4, 10, 3, 11], "rotation": 90, "texture": "#2"},
				"east": {"uv": [3, 14, 4, 10], "rotation": 270, "texture": "#2"},
				"south": {"uv": [3, 13, 4, 14], "rotation": 270, "texture": "#2"},
				"west": {"uv": [3, 10, 4, 14], "rotation": 270, "texture": "#2"},
				"up": {"uv": [3, 10, 4, 14], "texture": "#2"},
				"down": {"uv": [3, 10, 4, 14], "rotation": 180, "texture": "#2"}
			}
		},
		{
			"name": "wheel_19",
			"from": [-14, -10, 10],
			"to": [-13, -9, 15],
			"rotation": {"angle": 0, "axis": "z", "origin": [-21, -9, 9]},
			"faces": {
				"north": {"uv": [8, 10, 7, 11], "rotation": 90, "texture": "#2"},
				"east": {"uv": [7, 15, 8, 10], "rotation": 270, "texture": "#2"},
				"south": {"uv": [7, 14, 8, 15], "rotation": 270, "texture": "#2"},
				"west": {"uv": [7, 10, 8, 15], "rotation": 270, "texture": "#2"},
				"up": {"uv": [7, 10, 8, 15], "texture": "#2"},
				"down": {"uv": [7, 10, 8, 15], "rotation": 180, "texture": "#2"}
			}
		},
		{
			"name": "wheel_21",
			"from": [-14, -13, 11],
			"to": [-13, -12, 14],
			"rotation": {"angle": 0, "axis": "z", "origin": [-21, -9, 9]},
			"faces": {
				"north": {"uv": [5, 11, 4, 12], "rotation": 90, "texture": "#2"},
				"east": {"uv": [4, 14, 5, 11], "rotation": 270, "texture": "#2"},
				"south": {"uv": [4, 13, 5, 14], "rotation": 270, "texture": "#2"},
				"west": {"uv": [4, 11, 5, 14], "rotation": 270, "texture": "#2"},
				"up": {"uv": [4, 11, 5, 14], "texture": "#2"},
				"down": {"uv": [4, 11, 5, 14], "rotation": 180, "texture": "#2"}
			}
		},
		{
			"name": "wheel_23",
			"from": [-14, -12, 12],
			"to": [-13, -11, 15],
			"rotation": {"angle": 0, "axis": "z", "origin": [-21, -9, 9]},
			"faces": {
				"north": {"uv": [6, 12, 5, 13], "rotation": 90, "texture": "#2"},
				"east": {"uv": [5, 15, 6, 12], "rotation": 270, "texture": "#2"},
				"south": {"uv": [5, 14, 6, 15], "rotation": 270, "texture": "#2"},
				"west": {"uv": [5, 12, 6, 15], "rotation": 270, "texture": "#2"},
				"up": {"uv": [5, 12, 6, 15], "texture": "#2"},
				"down": {"uv": [5, 12, 6, 15], "rotation": 180, "texture": "#2"}
			}
		},
		{
			"name": "wheel_25",
			"from": [-14, -11, 13],
			"to": [-13, -10, 15],
			"rotation": {"angle": 0, "axis": "z", "origin": [-21, -9, 9]},
			"faces": {
				"north": {"uv": [7, 13, 6, 14], "rotation": 90, "texture": "#2"},
				"east": {"uv": [6, 15, 7, 13], "rotation": 270, "texture": "#2"},
				"south": {"uv": [6, 14, 7, 15], "rotation": 270, "texture": "#2"},
				"west": {"uv": [6, 13, 7, 15], "rotation": 270, "texture": "#2"},
				"up": {"uv": [6, 13, 7, 15], "texture": "#2"},
				"down": {"uv": [6, 13, 7, 15], "rotation": 180, "texture": "#2"}
			}
		},
		{
			"name": "wheel_26",
			"from": [-14, -9, 13],
			"to": [-13, -7, 15],
			"rotation": {"angle": 0, "axis": "z", "origin": [-21, -9, 9]},
			"faces": {
				"north": {"uv": [10, 13, 8, 14], "rotation": 90, "texture": "#2"},
				"east": {"uv": [8, 15, 10, 13], "rotation": 270, "texture": "#2"},
				"south": {"uv": [8, 14, 10, 15], "rotation": 270, "texture": "#2"},
				"west": {"uv": [8, 13, 10, 15], "rotation": 270, "texture": "#2"},
				"up": {"uv": [9, 13, 10, 15], "texture": "#2"},
				"down": {"uv": [8, 13, 9, 15], "rotation": 180, "texture": "#2"}
			}
		},
		{
			"name": "wheel_0",
			"from": [-13, -12, 1],
			"to": [-10, -6, 15],
			"rotation": {"angle": 0, "axis": "z", "origin": [-21, -9, 9]},
			"faces": {
				"north": {"uv": [11, 1, 5, 2], "rotation": 90, "texture": "#2"},
				"east": {"uv": [5, 15, 11, 1], "rotation": 270, "texture": "#2"},
				"south": {"uv": [5, 14, 11, 15], "rotation": 270, "texture": "#2"},
				"west": {"uv": [5, 1, 11, 15], "rotation": 270, "texture": "#2"},
				"up": {"uv": [10, 1, 11, 15], "texture": "#2"},
				"down": {"uv": [5, 1, 6, 15], "rotation": 180, "texture": "#2"}
			}
		},
		{
			"name": "wheel_1",
			"from": [-13, -14, 2],
			"to": [-10, -12, 14],
			"rotation": {"angle": 0, "axis": "z", "origin": [-21, -9, 9]},
			"faces": {
				"north": {"uv": [5, 2, 3, 3], "rotation": 90, "texture": "#2"},
				"east": {"uv": [3, 14, 5, 2], "rotation": 270, "texture": "#2"},
				"south": {"uv": [3, 13, 5, 14], "rotation": 270, "texture": "#2"},
				"west": {"uv": [3, 2, 5, 14], "rotation": 270, "texture": "#2"},
				"up": {"uv": [4, 2, 5, 14], "texture": "#2"},
				"down": {"uv": [3, 2, 4, 14], "rotation": 180, "texture": "#2"}
			}
		},
		{
			"name": "wheel_3",
			"from": [-13, -15, 3],
			"to": [-10, -14, 13],
			"rotation": {"angle": 0, "axis": "z", "origin": [-21, -9, 9]},
			"faces": {
				"north": {"uv": [3, 3, 2, 4], "rotation": 90, "texture": "#2"},
				"east": {"uv": [2, 13, 3, 3], "rotation": 270, "texture": "#2"},
				"south": {"uv": [2, 12, 3, 13], "rotation": 270, "texture": "#2"},
				"west": {"uv": [2, 3, 3, 13], "rotation": 270, "texture": "#2"},
				"up": {"uv": [2, 3, 3, 13], "texture": "#2"},
				"down": {"uv": [2, 3, 3, 13], "rotation": 180, "texture": "#2"}
			}
		},
		{
			"name": "wheel_5",
			"from": [-13, -16, 5],
			"to": [-10, -15, 11],
			"rotation": {"angle": 0, "axis": "z", "origin": [-21, -9, 9]},
			"faces": {
				"north": {"uv": [2, 5, 1, 6], "rotation": 90, "texture": "#2"},
				"east": {"uv": [1, 11, 2, 5], "rotation": 270, "texture": "#2"},
				"south": {"uv": [1, 10, 2, 11], "rotation": 270, "texture": "#2"},
				"west": {"uv": [1, 5, 2, 11], "rotation": 270, "texture": "#2"},
				"up": {"uv": [1, 5, 2, 11], "texture": "#2"},
				"down": {"uv": [1, 5, 2, 11], "rotation": 180, "texture": "#2"}
			}
		},
		{
			"name": "wheel_0",
			"from": [29, -12, 13],
			"to": [30, -6, 15],
			"rotation": {"angle": 0, "axis": "y", "origin": [37, -9, 9]},
			"faces": {
				"north": {"uv": [5, 2, 11, 3], "rotation": 270, "texture": "#2"},
				"east": {"uv": [5, 1, 11, 3], "rotation": 270, "texture": "#2"},
				"south": {"uv": [11, 1, 5, 2], "rotation": 90, "texture": "#2"},
				"west": {"uv": [5, 3, 11, 1], "rotation": 270, "texture": "#2"},
				"up": {"uv": [10, 1, 11, 3], "rotation": 180, "texture": "#2"},
				"down": {"uv": [5, 1, 6, 3], "texture": "#2"}
			}
		},
		{
			"name": "wheel_1",
			"from": [29, -14, 11],
			"to": [30, -12, 14],
			"rotation": {"angle": 0, "axis": "y", "origin": [37, -9, 9]},
			"faces": {
				"north": {"uv": [3, 4, 5, 5], "rotation": 270, "texture": "#2"},
				"east": {"uv": [3, 2, 5, 5], "rotation": 270, "texture": "#2"},
				"south": {"uv": [5, 2, 3, 3], "rotation": 90, "texture": "#2"},
				"west": {"uv": [3, 5, 5, 2], "rotation": 270, "texture": "#2"},
				"up": {"uv": [4, 2, 5, 5], "rotation": 180, "texture": "#2"},
				"down": {"uv": [3, 2, 4, 5], "texture": "#2"}
			}
		},
		{
			"name": "wheel_3",
			"from": [29, -15, 3],
			"to": [30, -14, 13],
			"rotation": {"angle": 0, "axis": "y", "origin": [37, -9, 9]},
			"faces": {
				"north": {"uv": [2, 12, 3, 13], "rotation": 270, "texture": "#2"},
				"east": {"uv": [2, 3, 3, 13], "rotation": 270, "texture": "#2"},
				"south": {"uv": [3, 3, 2, 4], "rotation": 90, "texture": "#2"},
				"west": {"uv": [2, 13, 3, 3], "rotation": 270, "texture": "#2"},
				"up": {"uv": [2, 3, 3, 13], "rotation": 180, "texture": "#2"},
				"down": {"uv": [2, 3, 3, 13], "texture": "#2"}
			}
		},
		{
			"name": "wheel_4",
			"from": [29, -12, 12],
			"to": [30, -11, 13],
			"rotation": {"angle": 0, "axis": "y", "origin": [37, -9, 9]},
			"faces": {
				"north": {"uv": [5, 3, 6, 4], "rotation": 270, "texture": "#2"},
				"east": {"uv": [5, 3, 6, 4], "rotation": 270, "texture": "#2"},
				"south": {"uv": [6, 3, 5, 4], "rotation": 90, "texture": "#2"},
				"west": {"uv": [5, 4, 6, 3], "rotation": 270, "texture": "#2"},
				"up": {"uv": [5, 3, 6, 4], "rotation": 180, "texture": "#2"},
				"down": {"uv": [5, 3, 6, 4], "texture": "#2"}
			}
		},
		{
			"name": "wheel_5",
			"from": [29, -9, 9],
			"to": [30, -8, 13],
			"rotation": {"angle": 0, "axis": "y", "origin": [37, -9, 9]},
			"faces": {
				"north": {"uv": [8, 6, 9, 7], "rotation": 270, "texture": "#2"},
				"east": {"uv": [8, 3, 9, 7], "rotation": 270, "texture": "#2"},
				"south": {"uv": [9, 3, 8, 4], "rotation": 90, "texture": "#2"},
				"west": {"uv": [8, 7, 9, 3], "rotation": 270, "texture": "#2"},
				"up": {"uv": [8, 3, 9, 7], "rotation": 180, "texture": "#2"},
				"down": {"uv": [8, 3, 9, 7], "texture": "#2"}
			}
		},
		{
			"name": "wheel_8",
			"from": [29, -16, 5],
			"to": [30, -15, 11],
			"rotation": {"angle": 0, "axis": "y", "origin": [37, -9, 9]},
			"faces": {
				"north": {"uv": [1, 10, 2, 11], "rotation": 270, "texture": "#2"},
				"east": {"uv": [1, 5, 2, 11], "rotation": 270, "texture": "#2"},
				"south": {"uv": [2, 5, 1, 6], "rotation": 90, "texture": "#2"},
				"west": {"uv": [1, 11, 2, 5], "rotation": 270, "texture": "#2"},
				"up": {"uv": [1, 5, 2, 11], "rotation": 180, "texture": "#2"},
				"down": {"uv": [1, 5, 2, 11], "texture": "#2"}
			}
		},
		{
			"name": "wheel_9",
			"from": [29, -14, 10],
			"to": [30, -13, 11],
			"rotation": {"angle": 0, "axis": "y", "origin": [37, -9, 9]},
			"faces": {
				"north": {"uv": [3, 5, 4, 6], "rotation": 270, "texture": "#2"},
				"east": {"uv": [3, 5, 4, 6], "rotation": 270, "texture": "#2"},
				"south": {"uv": [4, 5, 3, 6], "rotation": 90, "texture": "#2"},
				"west": {"uv": [3, 6, 4, 5], "rotation": 270, "texture": "#2"},
				"up": {"uv": [3, 5, 4, 6], "rotation": 180, "texture": "#2"},
				"down": {"uv": [3, 5, 4, 6], "texture": "#2"}
			}
		},
		{
			"name": "wheel_12",
			"from": [29, -11, 9],
			"to": [30, -9, 10],
			"rotation": {"angle": 0, "axis": "y", "origin": [37, -9, 9]},
			"faces": {
				"north": {"uv": [6, 6, 8, 7], "rotation": 270, "texture": "#2"},
				"east": {"uv": [6, 6, 8, 7], "rotation": 270, "texture": "#2"},
				"south": {"uv": [8, 6, 6, 7], "rotation": 90, "texture": "#2"},
				"west": {"uv": [6, 7, 8, 6], "rotation": 270, "texture": "#2"},
				"up": {"uv": [7, 6, 8, 7], "rotation": 180, "texture": "#2"},
				"down": {"uv": [6, 6, 7, 7], "texture": "#2"}
			}
		},
		{
			"name": "wheel_13",
			"from": [29, -8, 6],
			"to": [30, -7, 10],
			"rotation": {"angle": 0, "axis": "y", "origin": [37, -9, 9]},
			"faces": {
				"north": {"uv": [9, 9, 10, 10], "rotation": 270, "texture": "#2"},
				"east": {"uv": [9, 6, 10, 10], "rotation": 270, "texture": "#2"},
				"south": {"uv": [10, 6, 9, 7], "rotation": 90, "texture": "#2"},
				"west": {"uv": [9, 10, 10, 6], "rotation": 270, "texture": "#2"},
				"up": {"uv": [9, 6, 10, 10], "rotation": 180, "texture": "#2"},
				"down": {"uv": [9, 6, 10, 10], "texture": "#2"}
			}
		},
		{
			"name": "wheel_14",
			"from": [29, -14, 8],
			"to": [30, -10, 9],
			"rotation": {"angle": 0, "axis": "y", "origin": [37, -9, 9]},
			"faces": {
				"north": {"uv": [3, 7, 7, 8], "rotation": 270, "texture": "#2"},
				"east": {"uv": [3, 7, 7, 8], "rotation": 270, "texture": "#2"},
				"south": {"uv": [7, 7, 3, 8], "rotation": 90, "texture": "#2"},
				"west": {"uv": [3, 8, 7, 7], "rotation": 270, "texture": "#2"},
				"up": {"uv": [6, 7, 7, 8], "rotation": 180, "texture": "#2"},
				"down": {"uv": [3, 7, 4, 8], "texture": "#2"}
			}
		},
		{
			"name": "wheel_15",
			"from": [29, -11, 6],
			"to": [30, -10, 8],
			"rotation": {"angle": 0, "axis": "y", "origin": [37, -9, 9]},
			"faces": {
				"north": {"uv": [6, 9, 7, 10], "rotation": 270, "texture": "#2"},
				"east": {"uv": [6, 8, 7, 10], "rotation": 270, "texture": "#2"},
				"south": {"uv": [7, 8, 6, 9], "rotation": 90, "texture": "#2"},
				"west": {"uv": [6, 10, 7, 8], "rotation": 270, "texture": "#2"},
				"up": {"uv": [6, 8, 7, 10], "rotation": 180, "texture": "#2"},
				"down": {"uv": [6, 8, 7, 10], "texture": "#2"}
			}
		},
		{
			"name": "wheel_17",
			"from": [29, -10, 6],
			"to": [30, -8, 7],
			"rotation": {"angle": 0, "axis": "y", "origin": [37, -9, 9]},
			"faces": {
				"north": {"uv": [7, 9, 9, 10], "rotation": 270, "texture": "#2"},
				"east": {"uv": [7, 9, 9, 10], "rotation": 270, "texture": "#2"},
				"south": {"uv": [9, 9, 7, 10], "rotation": 90, "texture": "#2"},
				"west": {"uv": [7, 10, 9, 9], "rotation": 270, "texture": "#2"},
				"up": {"uv": [8, 9, 9, 10], "rotation": 180, "texture": "#2"},
				"down": {"uv": [7, 9, 8, 10], "texture": "#2"}
			}
		},
		{
			"name": "wheel_18",
			"from": [29, -14, 2],
			"to": [30, -13, 6],
			"rotation": {"angle": 0, "axis": "y", "origin": [37, -9, 9]},
			"faces": {
				"north": {"uv": [3, 13, 4, 14], "rotation": 270, "texture": "#2"},
				"east": {"uv": [3, 10, 4, 14], "rotation": 270, "texture": "#2"},
				"south": {"uv": [4, 10, 3, 11], "rotation": 90, "texture": "#2"},
				"west": {"uv": [3, 14, 4, 10], "rotation": 270, "texture": "#2"},
				"up": {"uv": [3, 10, 4, 14], "rotation": 180, "texture": "#2"},
				"down": {"uv": [3, 10, 4, 14], "texture": "#2"}
			}
		},
		{
			"name": "wheel_19",
			"from": [29, -10, 1],
			"to": [30, -9, 6],
			"rotation": {"angle": 0, "axis": "y", "origin": [37, -9, 9]},
			"faces": {
				"north": {"uv": [7, 14, 8, 15], "rotation": 270, "texture": "#2"},
				"east": {"uv": [7, 10, 8, 15], "rotation": 270, "texture": "#2"},
				"south": {"uv": [8, 10, 7, 11], "rotation": 90, "texture": "#2"},
				"west": {"uv": [7, 15, 8, 10], "rotation": 270, "texture": "#2"},
				"up": {"uv": [7, 10, 8, 15], "rotation": 180, "texture": "#2"},
				"down": {"uv": [7, 10, 8, 15], "texture": "#2"}
			}
		},
		{
			"name": "wheel_21",
			"from": [29, -13, 2],
			"to": [30, -12, 5],
			"rotation": {"angle": 0, "axis": "y", "origin": [37, -9, 9]},
			"faces": {
				"north": {"uv": [4, 13, 5, 14], "rotation": 270, "texture": "#2"},
				"east": {"uv": [4, 11, 5, 14], "rotation": 270, "texture": "#2"},
				"south": {"uv": [5, 11, 4, 12], "rotation": 90, "texture": "#2"},
				"west": {"uv": [4, 14, 5, 11], "rotation": 270, "texture": "#2"},
				"up": {"uv": [4, 11, 5, 14], "rotation": 180, "texture": "#2"},
				"down": {"uv": [4, 11, 5, 14], "texture": "#2"}
			}
		},
		{
			"name": "wheel_23",
			"from": [29, -12, 1],
			"to": [30, -11, 4],
			"rotation": {"angle": 0, "axis": "y", "origin": [37, -9, 9]},
			"faces": {
				"north": {"uv": [5, 14, 6, 15], "rotation": 270, "texture": "#2"},
				"east": {"uv": [5, 12, 6, 15], "rotation": 270, "texture": "#2"},
				"south": {"uv": [6, 12, 5, 13], "rotation": 90, "texture": "#2"},
				"west": {"uv": [5, 15, 6, 12], "rotation": 270, "texture": "#2"},
				"up": {"uv": [5, 12, 6, 15], "rotation": 180, "texture": "#2"},
				"down": {"uv": [5, 12, 6, 15], "texture": "#2"}
			}
		},
		{
			"name": "wheel_25",
			"from": [29, -11, 1],
			"to": [30, -10, 3],
			"rotation": {"angle": 0, "axis": "y", "origin": [37, -9, 9]},
			"faces": {
				"north": {"uv": [6, 14, 7, 15], "rotation": 270, "texture": "#2"},
				"east": {"uv": [6, 13, 7, 15], "rotation": 270, "texture": "#2"},
				"south": {"uv": [7, 13, 6, 14], "rotation": 90, "texture": "#2"},
				"west": {"uv": [6, 15, 7, 13], "rotation": 270, "texture": "#2"},
				"up": {"uv": [6, 13, 7, 15], "rotation": 180, "texture": "#2"},
				"down": {"uv": [6, 13, 7, 15], "texture": "#2"}
			}
		},
		{
			"name": "wheel_26",
			"from": [29, -9, 1],
			"to": [30, -7, 3],
			"rotation": {"angle": 0, "axis": "y", "origin": [37, -9, 9]},
			"faces": {
				"north": {"uv": [8, 14, 10, 15], "rotation": 270, "texture": "#2"},
				"east": {"uv": [8, 13, 10, 15], "rotation": 270, "texture": "#2"},
				"south": {"uv": [10, 13, 8, 14], "rotation": 90, "texture": "#2"},
				"west": {"uv": [8, 15, 10, 13], "rotation": 270, "texture": "#2"},
				"up": {"uv": [9, 13, 10, 15], "rotation": 180, "texture": "#2"},
				"down": {"uv": [8, 13, 9, 15], "texture": "#2"}
			}
		},
		{
			"name": "wheel_0",
			"from": [26, -12, 1],
			"to": [29, -6, 15],
			"rotation": {"angle": 0, "axis": "y", "origin": [37, -9, 9]},
			"faces": {
				"north": {"uv": [5, 14, 11, 15], "rotation": 270, "texture": "#2"},
				"east": {"uv": [5, 1, 11, 15], "rotation": 270, "texture": "#2"},
				"south": {"uv": [11, 1, 5, 2], "rotation": 90, "texture": "#2"},
				"west": {"uv": [5, 15, 11, 1], "rotation": 270, "texture": "#2"},
				"up": {"uv": [10, 1, 11, 15], "rotation": 180, "texture": "#2"},
				"down": {"uv": [5, 1, 6, 15], "texture": "#2"}
			}
		},
		{
			"name": "wheel_1",
			"from": [26, -14, 2],
			"to": [29, -12, 14],
			"rotation": {"angle": 0, "axis": "y", "origin": [37, -9, 9]},
			"faces": {
				"north": {"uv": [3, 13, 5, 14], "rotation": 270, "texture": "#2"},
				"east": {"uv": [3, 2, 5, 14], "rotation": 270, "texture": "#2"},
				"south": {"uv": [5, 2, 3, 3], "rotation": 90, "texture": "#2"},
				"west": {"uv": [3, 14, 5, 2], "rotation": 270, "texture": "#2"},
				"up": {"uv": [4, 2, 5, 14], "rotation": 180, "texture": "#2"},
				"down": {"uv": [3, 2, 4, 14], "texture": "#2"}
			}
		},
		{
			"name": "wheel_3",
			"from": [26, -15, 3],
			"to": [29, -14, 13],
			"rotation": {"angle": 0, "axis": "y", "origin": [37, -9, 9]},
			"faces": {
				"north": {"uv": [2, 12, 3, 13], "rotation": 270, "texture": "#2"},
				"east": {"uv": [2, 3, 3, 13], "rotation": 270, "texture": "#2"},
				"south": {"uv": [3, 3, 2, 4], "rotation": 90, "texture": "#2"},
				"west": {"uv": [2, 13, 3, 3], "rotation": 270, "texture": "#2"},
				"up": {"uv": [2, 3, 3, 13], "rotation": 180, "texture": "#2"},
				"down": {"uv": [2, 3, 3, 13], "texture": "#2"}
			}
		},
		{
			"name": "wheel_5",
			"from": [26, -16, 5],
			"to": [29, -15, 11],
			"rotation": {"angle": 0, "axis": "y", "origin": [37, -9, 9]},
			"faces": {
				"north": {"uv": [1, 10, 2, 11], "rotation": 270, "texture": "#2"},
				"east": {"uv": [1, 5, 2, 11], "rotation": 270, "texture": "#2"},
				"south": {"uv": [2, 5, 1, 6], "rotation": 90, "texture": "#2"},
				"west": {"uv": [1, 11, 2, 5], "rotation": 270, "texture": "#2"},
				"up": {"uv": [1, 5, 2, 11], "rotation": 180, "texture": "#2"},
				"down": {"uv": [1, 5, 2, 11], "texture": "#2"}
			}
		},
		{
			"from": [-16, -10, 18],
			"to": [32, -8, 31],
			"rotation": {"angle": 0, "axis": "y", "origin": [8, -1, 39]},
			"faces": {
				"north": {"uv": [1.25, 3.625, 1.5, 3.875], "texture": "#1"},
				"east": {"uv": [1.25, 3.625, 1.5, 3.875], "texture": "#1"},
				"south": {"uv": [1.25, 3.625, 1.5, 3.875], "texture": "#1"},
				"west": {"uv": [1.25, 3.625, 1.5, 3.875], "texture": "#1"},
				"up": {"uv": [1.25, 3.625, 1.5, 3.875], "texture": "#1"},
				"down": {"uv": [1.25, 3.625, 1.5, 3.875], "texture": "#1"}
			}
		}
	],
	"display": {
		"thirdperson_righthand": {
			"rotation": [75, 45, 0],
			"translation": [0, 2.5, 0],
			"scale": [0.2, 0.2, 0.2]
		},
		"thirdperson_lefthand": {
			"rotation": [75, 45, 0],
			"translation": [0, 2.5, 0],
			"scale": [0.2, 0.2, 0.2]
		},
		"firstperson_righthand": {
			"rotation": [0, 45, 0],
			"scale": [0.2, 0.2, 0.2]
		},
		"firstperson_lefthand": {
			"rotation": [0, 45, 0],
			"scale": [0.2, 0.2, 0.2]
		},
		"ground": {
			"translation": [0, 3, 0],
			"scale": [0.25, 0.25, 0.25]
		},
		"gui": {
			"rotation": [30, 225, 0],
			"scale": [0.3, 0.3, 0.3]
		},
		"fixed": {
			"rotation": [-90, 0, 0],
			"translation": [0, 0, -46],
			"scale": [2, 2, 2]
		}
	},
	"groups": [
		{
			"name": "Part1",
			"origin": [23, 0, 8],
			"color": 0,
			"children": [
				0,
				1,
				2,
				3,
				4,
				5,
				6,
				7,
				8,
				9,
				10,
				11,
				12,
				13,
				{
					"name": "Wheel",
					"origin": [8, 8, 8],
					"color": 0,
					"children": [
						14,
						15,
						16,
						17,
						18,
						19,
						20,
						21,
						22,
						23,
						24,
						25,
						26,
						27,
						28,
						29,
						30,
						31,
						{
							"name": "wheel",
							"origin": [8, 8, 8],
							"color": 0,
							"children": [32, 33, 34, 35]
						},
						{
							"name": "Wheel",
							"origin": [8, 8, 8],
							"color": 0,
							"children": [
								36,
								37,
								38,
								39,
								40,
								41,
								42,
								43,
								44,
								45,
								46,
								47,
								48,
								49,
								50,
								51,
								52,
								53,
								{
									"name": "wheel",
									"origin": [8, 8, 8],
									"color": 0,
									"children": [54, 55, 56, 57]
								}
							]
						},
						58
					]
				}
			]
		}
	]
}