{
	"credit": "Yuushya",
	"ambientocclusion": false,
	"textures": {
		"1": "yuushya:0extra_building_material/preview/dark_car",
		"2": "yuushya:0extra_building_material/preview/wheel",
		"particle": "yuushya:0extra_building_material/preview/dark_car"
	},
	"elements": [
		{
			"from": [-16, 18, -16],
			"to": [32, 20, 18],
			"rotation": {"angle": 0, "axis": "y", "origin": [23, -9, -16]},
			"faces": {
				"north": {"uv": [6, 0.125, 10.25, 0.375], "texture": "#1"},
				"east": {"uv": [6, 0.125, 10.25, 0.375], "texture": "#1"},
				"south": {"uv": [6.5, 4.25, 12.5, 4.375], "texture": "#1"},
				"west": {"uv": [6, 0.125, 10.25, 0.375], "texture": "#1"},
				"up": {"uv": [6.5, 9.75, 12.5, 14], "texture": "#1"},
				"down": {"uv": [6, 0.125, 10.25, 0.375], "texture": "#1"}
			}
		},
		{
			"from": [-16, -8, 18],
			"to": [32, 19, 21],
			"rotation": {"angle": 0, "axis": "y", "origin": [23, 3, 21]},
			"faces": {
				"north": {"uv": [10.25, 0.25, 10.625, 3.625], "texture": "#1"},
				"east": {"uv": [10.25, 0.25, 10.625, 3.625], "texture": "#1"},
				"south": {"uv": [6.5, 4.375, 12.5, 7.75], "texture": "#1"},
				"west": {"uv": [10.25, 0.25, 10.625, 3.625], "texture": "#1"},
				"up": {"uv": [6.5, 9.375, 12.5, 9.75], "texture": "#1"},
				"down": {"uv": [6, 3.625, 8.25, 4], "texture": "#1"}
			}
		},
		{
			"from": [-16, -8, -16],
			"to": [32, 7, 18],
			"rotation": {"angle": 0, "axis": "y", "origin": [-24, -9, -16]},
			"faces": {
				"north": {"uv": [6, 0.125, 10.25, 0.375], "texture": "#1"},
				"east": {"uv": [10.25, 1.75, 6, 3.625], "texture": "#1"},
				"south": {"uv": [0, 0, 16, 16], "texture": "#1"},
				"west": {"uv": [6, 1.75, 10.25, 3.625], "texture": "#1"},
				"up": {"uv": [6, 1.75, 10.25, 1.875], "rotation": 90, "texture": "#1"},
				"down": {"uv": [6, 3.625, 8.25, 4], "texture": "#1"}
			}
		},
		{
			"from": [-16, -10, 30],
			"to": [32, 4, 32],
			"rotation": {"angle": 0, "axis": "y", "origin": [0, -9, -61]},
			"faces": {
				"north": {"uv": [0, 0, 16, 16], "texture": "#1"},
				"east": {"uv": [11.75, 2.125, 12, 3.875], "texture": "#1"},
				"south": {"uv": [6.5, 6, 12.5, 7.75], "texture": "#1"},
				"west": {"uv": [11.75, 2.125, 12, 3.875], "texture": "#1"},
				"up": {"uv": [6.5, 8, 12.5, 8.25], "texture": "#1"},
				"down": {"uv": [6, 3.625, 8.25, 4], "texture": "#1"}
			}
		},
		{
			"from": [-16, -10, 21],
			"to": [32, 6, 30],
			"rotation": {"angle": 0, "axis": "y", "origin": [23, -9, 24]},
			"faces": {
				"north": {"uv": [6, 3.625, 8.25, 4], "texture": "#1"},
				"east": {"uv": [10.625, 1.875, 11.75, 3.875], "texture": "#1"},
				"south": {"uv": [6.5, 5.75, 12.5, 6], "texture": "#1"},
				"west": {"uv": [10.625, 1.875, 11.75, 3.875], "texture": "#1"},
				"up": {"uv": [6.5, 8.25, 12.5, 9.375], "texture": "#1"},
				"down": {"uv": [6, 3.625, 8.25, 4], "texture": "#1"}
			}
		},
		{
			"from": [-16, -11, -16],
			"to": [32, -8, -6],
			"rotation": {"angle": 0, "axis": "y", "origin": [-24, -24, -35]},
			"faces": {
				"north": {"uv": [6, 3.625, 8.25, 4], "texture": "#1"},
				"east": {"uv": [6, 3.625, 8.25, 4], "texture": "#1"},
				"south": {"uv": [6, 3.625, 8.25, 4], "texture": "#1"},
				"west": {"uv": [6, 3.625, 8.25, 4], "texture": "#1"},
				"up": {"uv": [0, 0, 16, 16], "texture": "#1"},
				"down": {"uv": [6, 3.625, 8.25, 4], "texture": "#1"}
			}
		},
		{
			"from": [-16, -10, -6],
			"to": [32, -8, 4],
			"rotation": {"angle": 0, "axis": "y", "origin": [-24, -24, -18]},
			"faces": {
				"north": {"uv": [6, 3.625, 8.25, 4], "texture": "#1"},
				"east": {"uv": [6, 3.625, 8.25, 4], "texture": "#1"},
				"south": {"uv": [6, 3.625, 8.25, 4], "texture": "#1"},
				"west": {"uv": [6, 3.625, 8.25, 4], "texture": "#1"},
				"up": {"uv": [0, 0, 16, 16], "texture": "#1"},
				"down": {"uv": [6, 3.625, 8.25, 4], "texture": "#1"}
			}
		},
		{
			"from": [-16, 16, 16],
			"to": [32, 18, 18],
			"rotation": {"angle": 0, "axis": "y", "origin": [23, -9, -16]},
			"faces": {
				"north": {"uv": [10, 0.375, 10.25, 0.625], "texture": "#1"},
				"east": {"uv": [10, 0.375, 10.25, 0.625], "texture": "#1"},
				"south": {"uv": [0, 0, 16, 16], "texture": "#1"},
				"west": {"uv": [10, 0.375, 10.25, 0.625], "texture": "#1"},
				"up": {"uv": [0, 0, 16, 16], "texture": "#1"},
				"down": {"uv": [10, 0.375, 10.25, 0.625], "texture": "#1"}
			}
		},
		{
			"from": [-16, 7, -16],
			"to": [32, 18, -14],
			"rotation": {"angle": 0, "axis": "y", "origin": [23, -6, -35]},
			"faces": {
				"north": {"uv": [7, 0.375, 7.125, 1.75], "texture": "#1"},
				"east": {"uv": [7, 0.375, 7.25, 1.75], "texture": "#1"},
				"south": {"uv": [7.125, 0.375, 7.25, 1.75], "texture": "#1"},
				"west": {"uv": [7, 0.375, 7.25, 1.75], "texture": "#1"},
				"up": {"uv": [0, 0, 16, 16], "texture": "#1"},
				"down": {"uv": [0, 0, 16, 16], "texture": "#1"}
			}
		},
		{
			"from": [-16, 7, 3],
			"to": [32, 18, 5],
			"rotation": {"angle": 0, "axis": "y", "origin": [23, -6, -14]},
			"faces": {
				"north": {"uv": [7, 0.375, 7.125, 1.75], "texture": "#1"},
				"east": {"uv": [9.375, 0.375, 9.625, 1.75], "texture": "#1"},
				"south": {"uv": [7.125, 0.375, 7.25, 1.75], "texture": "#1"},
				"west": {"uv": [9.375, 0.375, 9.625, 1.75], "texture": "#1"},
				"up": {"uv": [0, 0, 16, 16], "texture": "#1"},
				"down": {"uv": [0, 0, 16, 16], "texture": "#1"}
			}
		},
		{
			"from": [-15, 7, -14],
			"to": [31, 18, 18],
			"rotation": {"angle": 0, "axis": "y", "origin": [-7, 15, 8]},
			"faces": {
				"north": {"uv": [0, 0, 0, 11], "texture": "#missing"},
				"east": {"uv": [12.625, 14.5, 8.625, 15.875], "texture": "#1"},
				"south": {"uv": [0, 0, 0, 11], "texture": "#missing"},
				"west": {"uv": [8.625, 14.5, 12.625, 15.875], "texture": "#1"},
				"up": {"uv": [0, 0, 0, 16], "texture": "#missing"},
				"down": {"uv": [0, 0, 0, 16], "texture": "#missing"}
			}
		},
		{
			"name": "wheel_0",
			"from": [-14, -12, 4],
			"to": [-13, -6, 6],
			"rotation": {"angle": 0, "axis": "y", "origin": [-21, -9, 13]},
			"faces": {
				"north": {"uv": [11, 1, 5, 2], "rotation": 90, "texture": "#2"},
				"east": {"uv": [5, 3, 11, 1], "rotation": 270, "texture": "#2"},
				"south": {"uv": [5, 2, 11, 3], "rotation": 270, "texture": "#2"},
				"west": {"uv": [5, 1, 11, 3], "rotation": 270, "texture": "#2"},
				"up": {"uv": [10, 1, 11, 3], "texture": "#2"},
				"down": {"uv": [5, 1, 6, 3], "rotation": 180, "texture": "#2"}
			}
		},
		{
			"name": "wheel_1",
			"from": [-14, -14, 5],
			"to": [-13, -12, 8],
			"rotation": {"angle": 0, "axis": "y", "origin": [-21, -9, 13]},
			"faces": {
				"north": {"uv": [5, 2, 3, 3], "rotation": 90, "texture": "#2"},
				"east": {"uv": [3, 5, 5, 2], "rotation": 270, "texture": "#2"},
				"south": {"uv": [3, 4, 5, 5], "rotation": 270, "texture": "#2"},
				"west": {"uv": [3, 2, 5, 5], "rotation": 270, "texture": "#2"},
				"up": {"uv": [4, 2, 5, 5], "texture": "#2"},
				"down": {"uv": [3, 2, 4, 5], "rotation": 180, "texture": "#2"}
			}
		},
		{
			"name": "wheel_3",
			"from": [-14, -15, 6],
			"to": [-13, -14, 16],
			"rotation": {"angle": 0, "axis": "y", "origin": [-21, -9, 13]},
			"faces": {
				"north": {"uv": [3, 3, 2, 4], "rotation": 90, "texture": "#2"},
				"east": {"uv": [2, 13, 3, 3], "rotation": 270, "texture": "#2"},
				"south": {"uv": [2, 12, 3, 13], "rotation": 270, "texture": "#2"},
				"west": {"uv": [2, 3, 3, 13], "rotation": 270, "texture": "#2"},
				"up": {"uv": [2, 3, 3, 13], "texture": "#2"},
				"down": {"uv": [2, 3, 3, 13], "rotation": 180, "texture": "#2"}
			}
		},
		{
			"name": "wheel_4",
			"from": [-14, -12, 6],
			"to": [-13, -11, 7],
			"rotation": {"angle": 0, "axis": "y", "origin": [-21, -9, 13]},
			"faces": {
				"north": {"uv": [6, 3, 5, 4], "rotation": 90, "texture": "#2"},
				"east": {"uv": [5, 4, 6, 3], "rotation": 270, "texture": "#2"},
				"south": {"uv": [5, 3, 6, 4], "rotation": 270, "texture": "#2"},
				"west": {"uv": [5, 3, 6, 4], "rotation": 270, "texture": "#2"},
				"up": {"uv": [5, 3, 6, 4], "texture": "#2"},
				"down": {"uv": [5, 3, 6, 4], "rotation": 180, "texture": "#2"}
			}
		},
		{
			"name": "wheel_5",
			"from": [-14, -9, 6],
			"to": [-13, -8, 10],
			"rotation": {"angle": 0, "axis": "y", "origin": [-21, -9, 13]},
			"faces": {
				"north": {"uv": [9, 3, 8, 4], "rotation": 90, "texture": "#2"},
				"east": {"uv": [8, 7, 9, 3], "rotation": 270, "texture": "#2"},
				"south": {"uv": [8, 6, 9, 7], "rotation": 270, "texture": "#2"},
				"west": {"uv": [8, 3, 9, 7], "rotation": 270, "texture": "#2"},
				"up": {"uv": [8, 3, 9, 7], "texture": "#2"},
				"down": {"uv": [8, 3, 9, 7], "rotation": 180, "texture": "#2"}
			}
		},
		{
			"name": "wheel_8",
			"from": [-14, -16, 8],
			"to": [-13, -15, 14],
			"rotation": {"angle": 0, "axis": "y", "origin": [-21, -9, 13]},
			"faces": {
				"north": {"uv": [2, 5, 1, 6], "rotation": 90, "texture": "#2"},
				"east": {"uv": [1, 11, 2, 5], "rotation": 270, "texture": "#2"},
				"south": {"uv": [1, 10, 2, 11], "rotation": 270, "texture": "#2"},
				"west": {"uv": [1, 5, 2, 11], "rotation": 270, "texture": "#2"},
				"up": {"uv": [1, 5, 2, 11], "texture": "#2"},
				"down": {"uv": [1, 5, 2, 11], "rotation": 180, "texture": "#2"}
			}
		},
		{
			"name": "wheel_9",
			"from": [-14, -14, 8],
			"to": [-13, -13, 9],
			"rotation": {"angle": 0, "axis": "y", "origin": [-21, -9, 13]},
			"faces": {
				"north": {"uv": [4, 5, 3, 6], "rotation": 90, "texture": "#2"},
				"east": {"uv": [3, 6, 4, 5], "rotation": 270, "texture": "#2"},
				"south": {"uv": [3, 5, 4, 6], "rotation": 270, "texture": "#2"},
				"west": {"uv": [3, 5, 4, 6], "rotation": 270, "texture": "#2"},
				"up": {"uv": [3, 5, 4, 6], "texture": "#2"},
				"down": {"uv": [3, 5, 4, 6], "rotation": 180, "texture": "#2"}
			}
		},
		{
			"name": "wheel_12",
			"from": [-14, -11, 9],
			"to": [-13, -9, 10],
			"rotation": {"angle": 0, "axis": "y", "origin": [-21, -9, 13]},
			"faces": {
				"north": {"uv": [8, 6, 6, 7], "rotation": 90, "texture": "#2"},
				"east": {"uv": [6, 7, 8, 6], "rotation": 270, "texture": "#2"},
				"south": {"uv": [6, 6, 8, 7], "rotation": 270, "texture": "#2"},
				"west": {"uv": [6, 6, 8, 7], "rotation": 270, "texture": "#2"},
				"up": {"uv": [7, 6, 8, 7], "texture": "#2"},
				"down": {"uv": [6, 6, 7, 7], "rotation": 180, "texture": "#2"}
			}
		},
		{
			"name": "wheel_13",
			"from": [-14, -8, 9],
			"to": [-13, -7, 13],
			"rotation": {"angle": 0, "axis": "y", "origin": [-21, -9, 13]},
			"faces": {
				"north": {"uv": [10, 6, 9, 7], "rotation": 90, "texture": "#2"},
				"east": {"uv": [9, 10, 10, 6], "rotation": 270, "texture": "#2"},
				"south": {"uv": [9, 9, 10, 10], "rotation": 270, "texture": "#2"},
				"west": {"uv": [9, 6, 10, 10], "rotation": 270, "texture": "#2"},
				"up": {"uv": [9, 6, 10, 10], "texture": "#2"},
				"down": {"uv": [9, 6, 10, 10], "rotation": 180, "texture": "#2"}
			}
		},
		{
			"name": "wheel_14",
			"from": [-14, -14, 10],
			"to": [-13, -10, 11],
			"rotation": {"angle": 0, "axis": "y", "origin": [-21, -9, 13]},
			"faces": {
				"north": {"uv": [7, 7, 3, 8], "rotation": 90, "texture": "#2"},
				"east": {"uv": [3, 8, 7, 7], "rotation": 270, "texture": "#2"},
				"south": {"uv": [3, 7, 7, 8], "rotation": 270, "texture": "#2"},
				"west": {"uv": [3, 7, 7, 8], "rotation": 270, "texture": "#2"},
				"up": {"uv": [6, 7, 7, 8], "texture": "#2"},
				"down": {"uv": [3, 7, 4, 8], "rotation": 180, "texture": "#2"}
			}
		},
		{
			"name": "wheel_15",
			"from": [-14, -11, 11],
			"to": [-13, -10, 13],
			"rotation": {"angle": 0, "axis": "y", "origin": [-21, -9, 13]},
			"faces": {
				"north": {"uv": [7, 8, 6, 9], "rotation": 90, "texture": "#2"},
				"east": {"uv": [6, 10, 7, 8], "rotation": 270, "texture": "#2"},
				"south": {"uv": [6, 9, 7, 10], "rotation": 270, "texture": "#2"},
				"west": {"uv": [6, 8, 7, 10], "rotation": 270, "texture": "#2"},
				"up": {"uv": [6, 8, 7, 10], "texture": "#2"},
				"down": {"uv": [6, 8, 7, 10], "rotation": 180, "texture": "#2"}
			}
		},
		{
			"name": "wheel_17",
			"from": [-14, -10, 12],
			"to": [-13, -8, 13],
			"rotation": {"angle": 0, "axis": "y", "origin": [-21, -9, 13]},
			"faces": {
				"north": {"uv": [9, 9, 7, 10], "rotation": 90, "texture": "#2"},
				"east": {"uv": [7, 10, 9, 9], "rotation": 270, "texture": "#2"},
				"south": {"uv": [7, 9, 9, 10], "rotation": 270, "texture": "#2"},
				"west": {"uv": [7, 9, 9, 10], "rotation": 270, "texture": "#2"},
				"up": {"uv": [8, 9, 9, 10], "texture": "#2"},
				"down": {"uv": [7, 9, 8, 10], "rotation": 180, "texture": "#2"}
			}
		},
		{
			"name": "wheel_18",
			"from": [-14, -14, 13],
			"to": [-13, -13, 17],
			"rotation": {"angle": 0, "axis": "y", "origin": [-21, -9, 13]},
			"faces": {
				"north": {"uv": [4, 10, 3, 11], "rotation": 90, "texture": "#2"},
				"east": {"uv": [3, 14, 4, 10], "rotation": 270, "texture": "#2"},
				"south": {"uv": [3, 13, 4, 14], "rotation": 270, "texture": "#2"},
				"west": {"uv": [3, 10, 4, 14], "rotation": 270, "texture": "#2"},
				"up": {"uv": [3, 10, 4, 14], "texture": "#2"},
				"down": {"uv": [3, 10, 4, 14], "rotation": 180, "texture": "#2"}
			}
		},
		{
			"name": "wheel_19",
			"from": [-14, -10, 13],
			"to": [-13, -9, 18],
			"rotation": {"angle": 0, "axis": "y", "origin": [-21, -9, 13]},
			"faces": {
				"north": {"uv": [8, 10, 7, 11], "rotation": 90, "texture": "#2"},
				"east": {"uv": [7, 15, 8, 10], "rotation": 270, "texture": "#2"},
				"south": {"uv": [7, 14, 8, 15], "rotation": 270, "texture": "#2"},
				"west": {"uv": [7, 10, 8, 15], "rotation": 270, "texture": "#2"},
				"up": {"uv": [7, 10, 8, 15], "texture": "#2"},
				"down": {"uv": [7, 10, 8, 15], "rotation": 180, "texture": "#2"}
			}
		},
		{
			"name": "wheel_21",
			"from": [-14, -13, 14],
			"to": [-13, -12, 17],
			"rotation": {"angle": 0, "axis": "y", "origin": [-21, -9, 13]},
			"faces": {
				"north": {"uv": [5, 11, 4, 12], "rotation": 90, "texture": "#2"},
				"east": {"uv": [4, 14, 5, 11], "rotation": 270, "texture": "#2"},
				"south": {"uv": [4, 13, 5, 14], "rotation": 270, "texture": "#2"},
				"west": {"uv": [4, 11, 5, 14], "rotation": 270, "texture": "#2"},
				"up": {"uv": [4, 11, 5, 14], "texture": "#2"},
				"down": {"uv": [4, 11, 5, 14], "rotation": 180, "texture": "#2"}
			}
		},
		{
			"name": "wheel_23",
			"from": [-14, -12, 15],
			"to": [-13, -11, 18],
			"rotation": {"angle": 0, "axis": "y", "origin": [-21, -9, 13]},
			"faces": {
				"north": {"uv": [6, 12, 5, 13], "rotation": 90, "texture": "#2"},
				"east": {"uv": [5, 15, 6, 12], "rotation": 270, "texture": "#2"},
				"south": {"uv": [5, 14, 6, 15], "rotation": 270, "texture": "#2"},
				"west": {"uv": [5, 12, 6, 15], "rotation": 270, "texture": "#2"},
				"up": {"uv": [5, 12, 6, 15], "texture": "#2"},
				"down": {"uv": [5, 12, 6, 15], "rotation": 180, "texture": "#2"}
			}
		},
		{
			"name": "wheel_25",
			"from": [-14, -11, 16],
			"to": [-13, -10, 18],
			"rotation": {"angle": 0, "axis": "y", "origin": [-21, -9, 13]},
			"faces": {
				"north": {"uv": [7, 13, 6, 14], "rotation": 90, "texture": "#2"},
				"east": {"uv": [6, 15, 7, 13], "rotation": 270, "texture": "#2"},
				"south": {"uv": [6, 14, 7, 15], "rotation": 270, "texture": "#2"},
				"west": {"uv": [6, 13, 7, 15], "rotation": 270, "texture": "#2"},
				"up": {"uv": [6, 13, 7, 15], "texture": "#2"},
				"down": {"uv": [6, 13, 7, 15], "rotation": 180, "texture": "#2"}
			}
		},
		{
			"name": "wheel_26",
			"from": [-14, -9, 16],
			"to": [-13, -7, 18],
			"rotation": {"angle": 0, "axis": "y", "origin": [-21, -9, 13]},
			"faces": {
				"north": {"uv": [10, 13, 8, 14], "rotation": 90, "texture": "#2"},
				"east": {"uv": [8, 15, 10, 13], "rotation": 270, "texture": "#2"},
				"south": {"uv": [8, 14, 10, 15], "rotation": 270, "texture": "#2"},
				"west": {"uv": [8, 13, 10, 15], "rotation": 270, "texture": "#2"},
				"up": {"uv": [9, 13, 10, 15], "texture": "#2"},
				"down": {"uv": [8, 13, 9, 15], "rotation": 180, "texture": "#2"}
			}
		},
		{
			"name": "wheel_0",
			"from": [-13, -12, 4],
			"to": [-10, -6, 18],
			"rotation": {"angle": 0, "axis": "y", "origin": [-21, -9, 13]},
			"faces": {
				"north": {"uv": [11, 1, 5, 2], "rotation": 90, "texture": "#2"},
				"east": {"uv": [5, 15, 11, 1], "rotation": 270, "texture": "#2"},
				"south": {"uv": [5, 14, 11, 15], "rotation": 270, "texture": "#2"},
				"west": {"uv": [5, 1, 11, 15], "rotation": 270, "texture": "#2"},
				"up": {"uv": [10, 1, 11, 15], "texture": "#2"},
				"down": {"uv": [5, 1, 6, 15], "rotation": 180, "texture": "#2"}
			}
		},
		{
			"name": "wheel_1",
			"from": [-13, -14, 5],
			"to": [-10, -12, 17],
			"rotation": {"angle": 0, "axis": "y", "origin": [-21, -9, 13]},
			"faces": {
				"north": {"uv": [5, 2, 3, 3], "rotation": 90, "texture": "#2"},
				"east": {"uv": [3, 14, 5, 2], "rotation": 270, "texture": "#2"},
				"south": {"uv": [3, 13, 5, 14], "rotation": 270, "texture": "#2"},
				"west": {"uv": [3, 2, 5, 14], "rotation": 270, "texture": "#2"},
				"up": {"uv": [4, 2, 5, 14], "texture": "#2"},
				"down": {"uv": [3, 2, 4, 14], "rotation": 180, "texture": "#2"}
			}
		},
		{
			"name": "wheel_3",
			"from": [-13, -15, 6],
			"to": [-10, -14, 16],
			"rotation": {"angle": 0, "axis": "y", "origin": [-21, -9, 13]},
			"faces": {
				"north": {"uv": [3, 3, 2, 4], "rotation": 90, "texture": "#2"},
				"east": {"uv": [2, 13, 3, 3], "rotation": 270, "texture": "#2"},
				"south": {"uv": [2, 12, 3, 13], "rotation": 270, "texture": "#2"},
				"west": {"uv": [2, 3, 3, 13], "rotation": 270, "texture": "#2"},
				"up": {"uv": [2, 3, 3, 13], "texture": "#2"},
				"down": {"uv": [2, 3, 3, 13], "rotation": 180, "texture": "#2"}
			}
		},
		{
			"name": "wheel_5",
			"from": [-13, -16, 8],
			"to": [-10, -15, 14],
			"rotation": {"angle": 0, "axis": "y", "origin": [-21, -9, 13]},
			"faces": {
				"north": {"uv": [2, 5, 1, 6], "rotation": 90, "texture": "#2"},
				"east": {"uv": [1, 11, 2, 5], "rotation": 270, "texture": "#2"},
				"south": {"uv": [1, 10, 2, 11], "rotation": 270, "texture": "#2"},
				"west": {"uv": [1, 5, 2, 11], "rotation": 270, "texture": "#2"},
				"up": {"uv": [1, 5, 2, 11], "texture": "#2"},
				"down": {"uv": [1, 5, 2, 11], "rotation": 180, "texture": "#2"}
			}
		},
		{
			"name": "wheel_0",
			"from": [29, -12, 16],
			"to": [30, -6, 18],
			"rotation": {"angle": 0, "axis": "y", "origin": [37, -9, 13]},
			"faces": {
				"north": {"uv": [5, 2, 11, 3], "rotation": 270, "texture": "#2"},
				"east": {"uv": [5, 1, 11, 3], "rotation": 270, "texture": "#2"},
				"south": {"uv": [11, 1, 5, 2], "rotation": 90, "texture": "#2"},
				"west": {"uv": [5, 3, 11, 1], "rotation": 270, "texture": "#2"},
				"up": {"uv": [10, 1, 11, 3], "rotation": 180, "texture": "#2"},
				"down": {"uv": [5, 1, 6, 3], "texture": "#2"}
			}
		},
		{
			"name": "wheel_1",
			"from": [29, -14, 14],
			"to": [30, -12, 17],
			"rotation": {"angle": 0, "axis": "y", "origin": [37, -9, 13]},
			"faces": {
				"north": {"uv": [3, 4, 5, 5], "rotation": 270, "texture": "#2"},
				"east": {"uv": [3, 2, 5, 5], "rotation": 270, "texture": "#2"},
				"south": {"uv": [5, 2, 3, 3], "rotation": 90, "texture": "#2"},
				"west": {"uv": [3, 5, 5, 2], "rotation": 270, "texture": "#2"},
				"up": {"uv": [4, 2, 5, 5], "rotation": 180, "texture": "#2"},
				"down": {"uv": [3, 2, 4, 5], "texture": "#2"}
			}
		},
		{
			"name": "wheel_3",
			"from": [29, -15, 6],
			"to": [30, -14, 16],
			"rotation": {"angle": 0, "axis": "y", "origin": [37, -9, 13]},
			"faces": {
				"north": {"uv": [2, 12, 3, 13], "rotation": 270, "texture": "#2"},
				"east": {"uv": [2, 3, 3, 13], "rotation": 270, "texture": "#2"},
				"south": {"uv": [3, 3, 2, 4], "rotation": 90, "texture": "#2"},
				"west": {"uv": [2, 13, 3, 3], "rotation": 270, "texture": "#2"},
				"up": {"uv": [2, 3, 3, 13], "rotation": 180, "texture": "#2"},
				"down": {"uv": [2, 3, 3, 13], "texture": "#2"}
			}
		},
		{
			"name": "wheel_4",
			"from": [29, -12, 15],
			"to": [30, -11, 16],
			"rotation": {"angle": 0, "axis": "y", "origin": [37, -9, 13]},
			"faces": {
				"north": {"uv": [5, 3, 6, 4], "rotation": 270, "texture": "#2"},
				"east": {"uv": [5, 3, 6, 4], "rotation": 270, "texture": "#2"},
				"south": {"uv": [6, 3, 5, 4], "rotation": 90, "texture": "#2"},
				"west": {"uv": [5, 4, 6, 3], "rotation": 270, "texture": "#2"},
				"up": {"uv": [5, 3, 6, 4], "rotation": 180, "texture": "#2"},
				"down": {"uv": [5, 3, 6, 4], "texture": "#2"}
			}
		},
		{
			"name": "wheel_5",
			"from": [29, -9, 12],
			"to": [30, -8, 16],
			"rotation": {"angle": 0, "axis": "y", "origin": [37, -9, 13]},
			"faces": {
				"north": {"uv": [8, 6, 9, 7], "rotation": 270, "texture": "#2"},
				"east": {"uv": [8, 3, 9, 7], "rotation": 270, "texture": "#2"},
				"south": {"uv": [9, 3, 8, 4], "rotation": 90, "texture": "#2"},
				"west": {"uv": [8, 7, 9, 3], "rotation": 270, "texture": "#2"},
				"up": {"uv": [8, 3, 9, 7], "rotation": 180, "texture": "#2"},
				"down": {"uv": [8, 3, 9, 7], "texture": "#2"}
			}
		},
		{
			"name": "wheel_8",
			"from": [29, -16, 8],
			"to": [30, -15, 14],
			"rotation": {"angle": 0, "axis": "y", "origin": [37, -9, 13]},
			"faces": {
				"north": {"uv": [1, 10, 2, 11], "rotation": 270, "texture": "#2"},
				"east": {"uv": [1, 5, 2, 11], "rotation": 270, "texture": "#2"},
				"south": {"uv": [2, 5, 1, 6], "rotation": 90, "texture": "#2"},
				"west": {"uv": [1, 11, 2, 5], "rotation": 270, "texture": "#2"},
				"up": {"uv": [1, 5, 2, 11], "rotation": 180, "texture": "#2"},
				"down": {"uv": [1, 5, 2, 11], "texture": "#2"}
			}
		},
		{
			"name": "wheel_9",
			"from": [29, -14, 13],
			"to": [30, -13, 14],
			"rotation": {"angle": 0, "axis": "y", "origin": [37, -9, 13]},
			"faces": {
				"north": {"uv": [3, 5, 4, 6], "rotation": 270, "texture": "#2"},
				"east": {"uv": [3, 5, 4, 6], "rotation": 270, "texture": "#2"},
				"south": {"uv": [4, 5, 3, 6], "rotation": 90, "texture": "#2"},
				"west": {"uv": [3, 6, 4, 5], "rotation": 270, "texture": "#2"},
				"up": {"uv": [3, 5, 4, 6], "rotation": 180, "texture": "#2"},
				"down": {"uv": [3, 5, 4, 6], "texture": "#2"}
			}
		},
		{
			"name": "wheel_12",
			"from": [29, -11, 12],
			"to": [30, -9, 13],
			"rotation": {"angle": 0, "axis": "y", "origin": [37, -9, 13]},
			"faces": {
				"north": {"uv": [6, 6, 8, 7], "rotation": 270, "texture": "#2"},
				"east": {"uv": [6, 6, 8, 7], "rotation": 270, "texture": "#2"},
				"south": {"uv": [8, 6, 6, 7], "rotation": 90, "texture": "#2"},
				"west": {"uv": [6, 7, 8, 6], "rotation": 270, "texture": "#2"},
				"up": {"uv": [7, 6, 8, 7], "rotation": 180, "texture": "#2"},
				"down": {"uv": [6, 6, 7, 7], "texture": "#2"}
			}
		},
		{
			"name": "wheel_13",
			"from": [29, -8, 9],
			"to": [30, -7, 13],
			"rotation": {"angle": 0, "axis": "y", "origin": [37, -9, 13]},
			"faces": {
				"north": {"uv": [9, 9, 10, 10], "rotation": 270, "texture": "#2"},
				"east": {"uv": [9, 6, 10, 10], "rotation": 270, "texture": "#2"},
				"south": {"uv": [10, 6, 9, 7], "rotation": 90, "texture": "#2"},
				"west": {"uv": [9, 10, 10, 6], "rotation": 270, "texture": "#2"},
				"up": {"uv": [9, 6, 10, 10], "rotation": 180, "texture": "#2"},
				"down": {"uv": [9, 6, 10, 10], "texture": "#2"}
			}
		},
		{
			"name": "wheel_14",
			"from": [29, -14, 11],
			"to": [30, -10, 12],
			"rotation": {"angle": 0, "axis": "y", "origin": [37, -9, 13]},
			"faces": {
				"north": {"uv": [3, 7, 7, 8], "rotation": 270, "texture": "#2"},
				"east": {"uv": [3, 7, 7, 8], "rotation": 270, "texture": "#2"},
				"south": {"uv": [7, 7, 3, 8], "rotation": 90, "texture": "#2"},
				"west": {"uv": [3, 8, 7, 7], "rotation": 270, "texture": "#2"},
				"up": {"uv": [6, 7, 7, 8], "rotation": 180, "texture": "#2"},
				"down": {"uv": [3, 7, 4, 8], "texture": "#2"}
			}
		},
		{
			"name": "wheel_15",
			"from": [29, -11, 9],
			"to": [30, -10, 11],
			"rotation": {"angle": 0, "axis": "y", "origin": [37, -9, 13]},
			"faces": {
				"north": {"uv": [6, 9, 7, 10], "rotation": 270, "texture": "#2"},
				"east": {"uv": [6, 8, 7, 10], "rotation": 270, "texture": "#2"},
				"south": {"uv": [7, 8, 6, 9], "rotation": 90, "texture": "#2"},
				"west": {"uv": [6, 10, 7, 8], "rotation": 270, "texture": "#2"},
				"up": {"uv": [6, 8, 7, 10], "rotation": 180, "texture": "#2"},
				"down": {"uv": [6, 8, 7, 10], "texture": "#2"}
			}
		},
		{
			"name": "wheel_17",
			"from": [29, -10, 9],
			"to": [30, -8, 10],
			"rotation": {"angle": 0, "axis": "y", "origin": [37, -9, 13]},
			"faces": {
				"north": {"uv": [7, 9, 9, 10], "rotation": 270, "texture": "#2"},
				"east": {"uv": [7, 9, 9, 10], "rotation": 270, "texture": "#2"},
				"south": {"uv": [9, 9, 7, 10], "rotation": 90, "texture": "#2"},
				"west": {"uv": [7, 10, 9, 9], "rotation": 270, "texture": "#2"},
				"up": {"uv": [8, 9, 9, 10], "rotation": 180, "texture": "#2"},
				"down": {"uv": [7, 9, 8, 10], "texture": "#2"}
			}
		},
		{
			"name": "wheel_18",
			"from": [29, -14, 5],
			"to": [30, -13, 9],
			"rotation": {"angle": 0, "axis": "y", "origin": [37, -9, 13]},
			"faces": {
				"north": {"uv": [3, 13, 4, 14], "rotation": 270, "texture": "#2"},
				"east": {"uv": [3, 10, 4, 14], "rotation": 270, "texture": "#2"},
				"south": {"uv": [4, 10, 3, 11], "rotation": 90, "texture": "#2"},
				"west": {"uv": [3, 14, 4, 10], "rotation": 270, "texture": "#2"},
				"up": {"uv": [3, 10, 4, 14], "rotation": 180, "texture": "#2"},
				"down": {"uv": [3, 10, 4, 14], "texture": "#2"}
			}
		},
		{
			"name": "wheel_19",
			"from": [29, -10, 4],
			"to": [30, -9, 9],
			"rotation": {"angle": 0, "axis": "y", "origin": [37, -9, 13]},
			"faces": {
				"north": {"uv": [7, 14, 8, 15], "rotation": 270, "texture": "#2"},
				"east": {"uv": [7, 10, 8, 15], "rotation": 270, "texture": "#2"},
				"south": {"uv": [8, 10, 7, 11], "rotation": 90, "texture": "#2"},
				"west": {"uv": [7, 15, 8, 10], "rotation": 270, "texture": "#2"},
				"up": {"uv": [7, 10, 8, 15], "rotation": 180, "texture": "#2"},
				"down": {"uv": [7, 10, 8, 15], "texture": "#2"}
			}
		},
		{
			"name": "wheel_21",
			"from": [29, -13, 5],
			"to": [30, -12, 8],
			"rotation": {"angle": 0, "axis": "y", "origin": [37, -9, 13]},
			"faces": {
				"north": {"uv": [4, 13, 5, 14], "rotation": 270, "texture": "#2"},
				"east": {"uv": [4, 11, 5, 14], "rotation": 270, "texture": "#2"},
				"south": {"uv": [5, 11, 4, 12], "rotation": 90, "texture": "#2"},
				"west": {"uv": [4, 14, 5, 11], "rotation": 270, "texture": "#2"},
				"up": {"uv": [4, 11, 5, 14], "rotation": 180, "texture": "#2"},
				"down": {"uv": [4, 11, 5, 14], "texture": "#2"}
			}
		},
		{
			"name": "wheel_23",
			"from": [29, -12, 4],
			"to": [30, -11, 7],
			"rotation": {"angle": 0, "axis": "y", "origin": [37, -9, 13]},
			"faces": {
				"north": {"uv": [5, 14, 6, 15], "rotation": 270, "texture": "#2"},
				"east": {"uv": [5, 12, 6, 15], "rotation": 270, "texture": "#2"},
				"south": {"uv": [6, 12, 5, 13], "rotation": 90, "texture": "#2"},
				"west": {"uv": [5, 15, 6, 12], "rotation": 270, "texture": "#2"},
				"up": {"uv": [5, 12, 6, 15], "rotation": 180, "texture": "#2"},
				"down": {"uv": [5, 12, 6, 15], "texture": "#2"}
			}
		},
		{
			"name": "wheel_25",
			"from": [29, -11, 4],
			"to": [30, -10, 6],
			"rotation": {"angle": 0, "axis": "y", "origin": [37, -9, 13]},
			"faces": {
				"north": {"uv": [6, 14, 7, 15], "rotation": 270, "texture": "#2"},
				"east": {"uv": [6, 13, 7, 15], "rotation": 270, "texture": "#2"},
				"south": {"uv": [7, 13, 6, 14], "rotation": 90, "texture": "#2"},
				"west": {"uv": [6, 15, 7, 13], "rotation": 270, "texture": "#2"},
				"up": {"uv": [6, 13, 7, 15], "rotation": 180, "texture": "#2"},
				"down": {"uv": [6, 13, 7, 15], "texture": "#2"}
			}
		},
		{
			"name": "wheel_26",
			"from": [29, -9, 4],
			"to": [30, -7, 6],
			"rotation": {"angle": 0, "axis": "y", "origin": [37, -9, 13]},
			"faces": {
				"north": {"uv": [8, 14, 10, 15], "rotation": 270, "texture": "#2"},
				"east": {"uv": [8, 13, 10, 15], "rotation": 270, "texture": "#2"},
				"south": {"uv": [10, 13, 8, 14], "rotation": 90, "texture": "#2"},
				"west": {"uv": [8, 15, 10, 13], "rotation": 270, "texture": "#2"},
				"up": {"uv": [9, 13, 10, 15], "rotation": 180, "texture": "#2"},
				"down": {"uv": [8, 13, 9, 15], "texture": "#2"}
			}
		},
		{
			"name": "wheel_0",
			"from": [26, -12, 4],
			"to": [29, -6, 18],
			"rotation": {"angle": 0, "axis": "y", "origin": [37, -9, 13]},
			"faces": {
				"north": {"uv": [5, 14, 11, 15], "rotation": 270, "texture": "#2"},
				"east": {"uv": [5, 1, 11, 15], "rotation": 270, "texture": "#2"},
				"south": {"uv": [11, 1, 5, 2], "rotation": 90, "texture": "#2"},
				"west": {"uv": [5, 15, 11, 1], "rotation": 270, "texture": "#2"},
				"up": {"uv": [10, 1, 11, 15], "rotation": 180, "texture": "#2"},
				"down": {"uv": [5, 1, 6, 15], "texture": "#2"}
			}
		},
		{
			"name": "wheel_1",
			"from": [26, -14, 5],
			"to": [29, -12, 17],
			"rotation": {"angle": 0, "axis": "y", "origin": [37, -9, 13]},
			"faces": {
				"north": {"uv": [3, 13, 5, 14], "rotation": 270, "texture": "#2"},
				"east": {"uv": [3, 2, 5, 14], "rotation": 270, "texture": "#2"},
				"south": {"uv": [5, 2, 3, 3], "rotation": 90, "texture": "#2"},
				"west": {"uv": [3, 14, 5, 2], "rotation": 270, "texture": "#2"},
				"up": {"uv": [4, 2, 5, 14], "rotation": 180, "texture": "#2"},
				"down": {"uv": [3, 2, 4, 14], "texture": "#2"}
			}
		},
		{
			"name": "wheel_3",
			"from": [26, -15, 6],
			"to": [29, -14, 16],
			"rotation": {"angle": 0, "axis": "y", "origin": [37, -9, 13]},
			"faces": {
				"north": {"uv": [2, 12, 3, 13], "rotation": 270, "texture": "#2"},
				"east": {"uv": [2, 3, 3, 13], "rotation": 270, "texture": "#2"},
				"south": {"uv": [3, 3, 2, 4], "rotation": 90, "texture": "#2"},
				"west": {"uv": [2, 13, 3, 3], "rotation": 270, "texture": "#2"},
				"up": {"uv": [2, 3, 3, 13], "rotation": 180, "texture": "#2"},
				"down": {"uv": [2, 3, 3, 13], "texture": "#2"}
			}
		},
		{
			"name": "wheel_5",
			"from": [26, -16, 8],
			"to": [29, -15, 14],
			"rotation": {"angle": 0, "axis": "y", "origin": [37, -9, 13]},
			"faces": {
				"north": {"uv": [1, 10, 2, 11], "rotation": 270, "texture": "#2"},
				"east": {"uv": [1, 5, 2, 11], "rotation": 270, "texture": "#2"},
				"south": {"uv": [2, 5, 1, 6], "rotation": 90, "texture": "#2"},
				"west": {"uv": [1, 11, 2, 5], "rotation": 270, "texture": "#2"},
				"up": {"uv": [1, 5, 2, 11], "rotation": 180, "texture": "#2"},
				"down": {"uv": [1, 5, 2, 11], "texture": "#2"}
			}
		}
	],
	"display": {
		"thirdperson_righthand": {
			"rotation": [75, 45, 0],
			"translation": [0, 2.5, 0],
			"scale": [0.2, 0.2, 0.2]
		},
		"thirdperson_lefthand": {
			"rotation": [75, 45, 0],
			"translation": [0, 2.5, 0],
			"scale": [0.2, 0.2, 0.2]
		},
		"firstperson_righthand": {
			"rotation": [0, 45, 0],
			"scale": [0.2, 0.2, 0.2]
		},
		"firstperson_lefthand": {
			"rotation": [0, 45, 0],
			"scale": [0.2, 0.2, 0.2]
		},
		"ground": {
			"translation": [0, 3, 0],
			"scale": [0.25, 0.25, 0.25]
		},
		"gui": {
			"rotation": [30, 45, 0],
			"scale": [0.3, 0.3, 0.3]
		},
		"fixed": {
			"rotation": [-90, 0, 0],
			"translation": [0, 0, -46],
			"scale": [2, 2, 2]
		}
	},
	"groups": [
		{
			"name": "Part2",
			"origin": [23, 0, 24],
			"color": 0,
			"children": [
				0,
				1,
				2,
				3,
				4,
				5,
				6,
				7,
				8,
				9,
				10,
				{
					"name": "Wheel",
					"origin": [8, 8, 8],
					"color": 0,
					"children": [
						11,
						12,
						13,
						14,
						15,
						16,
						17,
						18,
						19,
						20,
						21,
						22,
						23,
						24,
						25,
						26,
						27,
						28,
						{
							"name": "wheel",
							"origin": [8, 8, 8],
							"color": 0,
							"children": [29, 30, 31, 32]
						},
						{
							"name": "Wheel",
							"origin": [8, 8, 8],
							"color": 0,
							"children": [
								33,
								34,
								35,
								36,
								37,
								38,
								39,
								40,
								41,
								42,
								43,
								44,
								45,
								46,
								47,
								48,
								49,
								50,
								{
									"name": "wheel",
									"origin": [8, 8, 8],
									"color": 0,
									"children": [51, 52, 53, 54]
								}
							]
						}
					]
				}
			]
		}
	]
}