{
	"credit": "Yuushya",
	"ambientocclusion": false,
	"textures": {
		"1": "yuushya:0extra_building_block/transition/template1",
		"2": "yuushya:0extra_building_material/transparent",
		"particle": "yuushya:0extra_building_block/bed_pattern/pattern_17",
		"top": "yuushya:0extra_building_block/bed_pattern/pattern_17"
	},
	"elements": [
		{
			"from": [7, 0, 2.9],
			"to": [9, 8.9, 13.1],
			"rotation": {"angle": 0, "axis": "y", "origin": [7, 1, 0.9]},
			"faces": {
				"north": {"uv": [0, 0, 2, 8.9], "texture": "#1"},
				"east": {"uv": [0, 0, 10.2, 8.9], "texture": "#1"},
				"south": {"uv": [0, 0, 2, 8.9], "texture": "#1"},
				"west": {"uv": [0, 0, 10.2, 8.9], "texture": "#1"},
				"up": {"uv": [0, 0, 2, 10.2], "texture": "#1"},
				"down": {"uv": [0, 0, 2, 10.2], "texture": "#2"}
			}
		},
		{
			"from": [2.9, 0, 7],
			"to": [13.1, 8.9, 9],
			"rotation": {"angle": 0, "axis": "y", "origin": [8, 5, 8]},
			"faces": {
				"north": {"uv": [0, 0, 10.2, 8.9], "texture": "#1"},
				"east": {"uv": [0, 0, 2, 8.9], "texture": "#1"},
				"south": {"uv": [0, 0, 10.2, 8.9], "texture": "#1"},
				"west": {"uv": [0, 0, 2, 8.9], "texture": "#1"},
				"up": {"uv": [0, 0, 2, 10.2], "rotation": 270, "texture": "#1"},
				"down": {"uv": [0, 0, 2, 10.2], "rotation": 90, "texture": "#2"}
			}
		},
		{
			"from": [2.4, 8.9, 7],
			"to": [13.6, 11.1, 9],
			"rotation": {"angle": 0, "axis": "y", "origin": [8, 14, 8]},
			"faces": {
				"north": {"uv": [0, 0, 11.2, 2.2], "texture": "#1"},
				"east": {"uv": [0, 0, 2, 2.2], "texture": "#1"},
				"south": {"uv": [0, 0, 11.2, 2.2], "texture": "#1"},
				"west": {"uv": [0, 0, 2, 2.2], "texture": "#1"},
				"up": {"uv": [0, 0, 2, 11.2], "rotation": 270, "texture": "#1"},
				"down": {"uv": [0, 0, 2, 11.2], "rotation": 90, "texture": "#1"}
			}
		},
		{
			"from": [7, 8.9, 2.4],
			"to": [9, 11.15, 13.6],
			"rotation": {"angle": 0, "axis": "y", "origin": [8, 14, 8]},
			"faces": {
				"north": {"uv": [0, 0, 2, 2.25], "texture": "#1"},
				"east": {"uv": [0, 0, 11.2, 2.25], "texture": "#1"},
				"south": {"uv": [0, 0, 2, 2.25], "texture": "#1"},
				"west": {"uv": [0, 0, 11.2, 2.25], "texture": "#1"},
				"up": {"uv": [0, 0, 2, 11.2], "rotation": 180, "texture": "#1"},
				"down": {"uv": [0, 0, 2, 11.2], "rotation": 180, "texture": "#1"}
			}
		},
		{
			"from": [7, 11, 7],
			"to": [8, 14, 9],
			"rotation": {"angle": 22.5, "axis": "z", "origin": [7, 11, 7]},
			"faces": {
				"north": {"uv": [0, 0, 3, 1], "rotation": 90, "texture": "#1"},
				"east": {"uv": [2, 0, 4, 3], "texture": "#1"},
				"south": {"uv": [0, 0, 3, 1], "rotation": 270, "texture": "#1"},
				"west": {"uv": [2, 0, 4, 3], "rotation": 180, "texture": "#1"},
				"up": {"uv": [0, 0, 2, 1], "rotation": 270, "texture": "#1"},
				"down": {"uv": [0, 0, 2, 1], "rotation": 270, "texture": "#1"}
			}
		},
		{
			"from": [4.1, 10.3, 7],
			"to": [4.1, 14.6, 9],
			"rotation": {"angle": -45, "axis": "z", "origin": [4, 12, 7]},
			"faces": {
				"north": {"uv": [0, 0, 4.3, 0], "rotation": 90, "texture": "#1"},
				"east": {"uv": [2, 0, 4, 4.3], "texture": "#1"},
				"south": {"uv": [0, 0, 4.3, 0], "rotation": 270, "texture": "#1"},
				"west": {"uv": [2, 0, 4, 4.3], "rotation": 180, "texture": "#1"},
				"up": {"uv": [0, 0, 2, 0], "rotation": 270, "texture": "#1"},
				"down": {"uv": [0, 0, 2, 0], "rotation": 270, "texture": "#1"}
			}
		},
		{
			"from": [8, 11, 7],
			"to": [9, 14, 9],
			"rotation": {"angle": -22.5, "axis": "z", "origin": [9, 11, 7]},
			"faces": {
				"north": {"uv": [0, 0, 3, 1], "rotation": 90, "texture": "#1"},
				"east": {"uv": [0, 0, 2, 3], "rotation": 180, "texture": "#1"},
				"south": {"uv": [0, 0, 3, 1], "rotation": 270, "texture": "#1"},
				"west": {"uv": [0, 0, 2, 3], "texture": "#1"},
				"up": {"uv": [0, 0, 2, 1], "rotation": 270, "texture": "#1"},
				"down": {"uv": [0, 0, 2, 1], "rotation": 270, "texture": "#1"}
			}
		},
		{
			"from": [11.9, 10.3, 7],
			"to": [11.9, 14.6, 9],
			"rotation": {"angle": 45, "axis": "z", "origin": [12, 12, 7]},
			"faces": {
				"north": {"uv": [0, 0, 4.3, 0], "rotation": 90, "texture": "#1"},
				"east": {"uv": [0, 0, 2, 4.3], "rotation": 180, "texture": "#1"},
				"south": {"uv": [0, 0, 4.3, 0], "rotation": 270, "texture": "#1"},
				"west": {"uv": [0, 0, 2, 4.3], "texture": "#1"},
				"up": {"uv": [0, 0, 2, 0], "rotation": 270, "texture": "#1"},
				"down": {"uv": [0, 0, 2, 0], "rotation": 270, "texture": "#1"}
			}
		},
		{
			"from": [2.5, 9, 2.5],
			"to": [13.5, 11, 13.5],
			"rotation": {"angle": 0, "axis": "y", "origin": [2.5, 8, 2.5]},
			"faces": {
				"north": {"uv": [0, 0, 5.5, 1], "texture": "#top"},
				"east": {"uv": [0, 0, 5.5, 1], "texture": "#top"},
				"south": {"uv": [0, 0, 5.5, 1], "texture": "#top"},
				"west": {"uv": [0, 0, 5.5, 1], "texture": "#top"},
				"up": {"uv": [0, 7.5, 5.5, 13], "texture": "#top"},
				"down": {"uv": [0, 0, 5.5, 5.5], "texture": "#top"}
			}
		},
		{
			"from": [3, 0, 3],
			"to": [13, 9, 13],
			"rotation": {"angle": 0, "axis": "y", "origin": [3, 1, 3]},
			"faces": {
				"north": {"uv": [11, 11.5, 16, 16], "texture": "#top"},
				"east": {"uv": [0, 9, 5, 13.5], "texture": "#top"},
				"south": {"uv": [11, 9.5, 16, 14], "texture": "#top"},
				"west": {"uv": [5.5, 9.5, 10.5, 14], "texture": "#top"},
				"up": {"uv": [10, 9, 15, 14], "texture": "#top"},
				"down": {"uv": [5, 9, 10, 14], "texture": "#top"}
			}
		}
	],
	"display": {
		"thirdperson_righthand": {
			"rotation": [75, 45, 0],
			"translation": [0, 2.5, 0],
			"scale": [0.375, 0.375, 0.375]
		},
		"thirdperson_lefthand": {
			"rotation": [75, 45, 0],
			"translation": [0, 2.5, 0],
			"scale": [0.375, 0.375, 0.375]
		},
		"firstperson_righthand": {
			"rotation": [0, 45, 0],
			"scale": [0.4, 0.4, 0.4]
		},
		"firstperson_lefthand": {
			"rotation": [0, 225, 0],
			"scale": [0.4, 0.4, 0.4]
		},
		"ground": {
			"translation": [0, 3, 0],
			"scale": [0.25, 0.25, 0.25]
		},
		"gui": {
			"rotation": [30, 225, 0],
			"scale": [0.625, 0.625, 0.625]
		},
		"fixed": {
			"scale": [0.5, 0.5, 0.5]
		}
	},
	"groups": [
		{
			"name": "hexadecagon",
			"origin": [8, 8, 8],
			"color": 0,
			"children": []
		},
		{
			"name": "hexadecagon",
			"origin": [8, 8, 8],
			"color": 0,
			"children": []
		},
		0,
		1,
		2,
		3,
		4,
		5,
		6,
		7,
		8,
		9
	]
}