{
	"ambientocclusion": false,
	"textures": {
		"0": "yuushya:0extra_building_block/concrete/dark_concrete_",
		"3": "yuushya:0extra_building_block/concrete/blue_concrete_",
		"4": "yuushya:0extra_building_block/scrolldoor_2_",
		"particle": "yuushya:0extra_building_block/concrete/dark_concrete_"
	},
	"elements": [
		{
			"from": [-2, 4, 4],
			"to": [8, 6, 18],
			"rotation": {"angle": 0, "axis": "y", "origin": [-4, 4, 4]},
			"faces": {
				"north": {"uv": [0, 0, 10, 2], "texture": "#3"},
				"east": {"uv": [0, 0, 14, 2], "texture": "#3"},
				"south": {"uv": [0, 0, 10, 2], "texture": "#3"},
				"west": {"uv": [0, 0, 14, 2], "texture": "#3"},
				"up": {"uv": [0, 0, 10, 14], "texture": "#3"},
				"down": {"uv": [0, 0, 10, 14], "texture": "#3"}
			}
		},
		{
			"from": [-2, 4, 18],
			"to": [8, 6, 32],
			"rotation": {"angle": 0, "axis": "y", "origin": [-4, 4, 18]},
			"faces": {
				"north": {"uv": [0, 0, 10, 2], "texture": "#3"},
				"east": {"uv": [0, 0, 14, 2], "texture": "#3"},
				"south": {"uv": [0, 0, 10, 2], "texture": "#3"},
				"west": {"uv": [0, 0, 14, 2], "texture": "#3"},
				"up": {"uv": [3, 0, 13, 14], "texture": "#3"},
				"down": {"uv": [0, 0, 10, 14], "texture": "#3"}
			}
		},
		{
			"from": [8, 4, 4],
			"to": [18, 6, 18],
			"rotation": {"angle": 0, "axis": "y", "origin": [6, 4, 4]},
			"faces": {
				"north": {"uv": [0, 0, 10, 2], "texture": "#3"},
				"east": {"uv": [0, 0, 14, 2], "texture": "#3"},
				"south": {"uv": [0, 0, 10, 2], "texture": "#3"},
				"west": {"uv": [0, 0, 14, 2], "texture": "#3"},
				"up": {"uv": [6, 0, 16, 14], "texture": "#3"},
				"down": {"uv": [0, 0, 10, 14], "texture": "#3"}
			}
		},
		{
			"from": [8, 4, 18],
			"to": [18, 6, 32],
			"rotation": {"angle": 0, "axis": "y", "origin": [6, 4, 18]},
			"faces": {
				"north": {"uv": [0, 0, 10, 2], "texture": "#3"},
				"east": {"uv": [0, 0, 14, 2], "texture": "#3"},
				"south": {"uv": [0, 0, 10, 2], "texture": "#3"},
				"west": {"uv": [0, 0, 14, 2], "texture": "#3"},
				"up": {"uv": [6, 2, 16, 16], "texture": "#3"},
				"down": {"uv": [0, 0, 10, 14], "texture": "#3"}
			}
		},
		{
			"name": "octagon",
			"from": [-0.5, 0, 25.17157],
			"to": [1.5, 4, 26.82843],
			"rotation": {"angle": 0, "axis": "x", "origin": [2, 2, 26]},
			"faces": {
				"north": {"uv": [0, 0, 2, 4], "texture": "#0"},
				"east": {"uv": [0, 0, 1.65685, 4], "texture": "#0"},
				"south": {"uv": [0, 0, 2, 4], "texture": "#0"},
				"west": {"uv": [0, 0, 1.65685, 4], "texture": "#0"},
				"up": {"uv": [0, 0, 2, 1.65685], "texture": "#0"},
				"down": {"uv": [0, 0, 2, 1.65685], "texture": "#0"}
			}
		},
		{
			"name": "octagon",
			"from": [14.5, 0, 25.17157],
			"to": [16.5, 4, 26.82843],
			"rotation": {"angle": 0, "axis": "x", "origin": [17, 2, 26]},
			"faces": {
				"north": {"uv": [0, 0, 2, 4], "texture": "#0"},
				"east": {"uv": [0, 0, 1.65685, 4], "texture": "#0"},
				"south": {"uv": [0, 0, 2, 4], "texture": "#0"},
				"west": {"uv": [0, 0, 1.65685, 4], "texture": "#0"},
				"up": {"uv": [0, 0, 2, 1.65685], "texture": "#0"},
				"down": {"uv": [0, 0, 2, 1.65685], "texture": "#0"}
			}
		},
		{
			"name": "octagon",
			"from": [-0.5, 1.2, 6],
			"to": [1.5, 2.85, 10],
			"rotation": {"angle": 45, "axis": "x", "origin": [2, 2, 8]},
			"faces": {
				"north": {"uv": [0, 0, 2, 1.65685], "texture": "#0"},
				"east": {"uv": [0, 0, 4, 1.65685], "texture": "#0"},
				"south": {"uv": [0, 0, 2, 1.65685], "texture": "#0"},
				"west": {"uv": [0, 0, 4, 1.65685], "texture": "#0"},
				"up": {"uv": [0, 0, 2, 4], "texture": "#0"},
				"down": {"uv": [0, 0, 2, 4], "texture": "#0"}
			}
		},
		{
			"name": "octagon",
			"from": [14.5, 1.2, 6],
			"to": [16.5, 2.85, 10],
			"rotation": {"angle": 45, "axis": "x", "origin": [17, 2, 8]},
			"faces": {
				"north": {"uv": [0, 0, 2, 1.65685], "texture": "#0"},
				"east": {"uv": [0, 0, 4, 1.65685], "texture": "#0"},
				"south": {"uv": [0, 0, 2, 1.65685], "texture": "#0"},
				"west": {"uv": [0, 0, 4, 1.65685], "texture": "#0"},
				"up": {"uv": [0, 0, 2, 4], "texture": "#0"},
				"down": {"uv": [0, 0, 2, 4], "texture": "#0"}
			}
		},
		{
			"name": "octagon",
			"from": [-0.6, 1.2, 6],
			"to": [1.6, 2.85, 10],
			"rotation": {"angle": 0, "axis": "x", "origin": [2, 2, 8]},
			"faces": {
				"north": {"uv": [0, 0, 2.2, 1.65685], "texture": "#0"},
				"east": {"uv": [0, 0, 4, 1.65685], "texture": "#0"},
				"south": {"uv": [0, 0, 2.2, 1.65685], "texture": "#0"},
				"west": {"uv": [0, 0, 4, 1.6569], "texture": "#0"},
				"up": {"uv": [0, 0, 2.2, 4], "texture": "#0"},
				"down": {"uv": [0, 0, 2.2, 4], "texture": "#0"}
			}
		},
		{
			"name": "octagon",
			"from": [14.4, 1.2, 6],
			"to": [16.6, 2.85, 10],
			"rotation": {"angle": 0, "axis": "x", "origin": [17, 2, 8]},
			"faces": {
				"north": {"uv": [0, 0, 2.2, 1.65685], "texture": "#0"},
				"east": {"uv": [0, 0, 4, 1.65685], "texture": "#0"},
				"south": {"uv": [0, 0, 2.2, 1.65685], "texture": "#0"},
				"west": {"uv": [0, 0, 4, 1.6569], "texture": "#0"},
				"up": {"uv": [0, 0, 2.2, 4], "texture": "#0"},
				"down": {"uv": [0, 0, 2.2, 4], "texture": "#0"}
			}
		},
		{
			"name": "octagon",
			"from": [-0.9, 2, 7.17157],
			"to": [1.9, 4, 8.82843],
			"rotation": {"angle": 0, "axis": "x", "origin": [2, 2, 8]},
			"faces": {
				"north": {"uv": [0, 0, 2.8, 2], "rotation": 180, "texture": "#4"},
				"east": {"uv": [0, 0, 2, 1.65685], "rotation": 270, "texture": "#4"},
				"south": {"uv": [0, 0, 2.8, 2], "texture": "#4"},
				"west": {"uv": [0, 0, 2, 1.65685], "rotation": 90, "texture": "#4"},
				"up": {"uv": [0, 0, 2.8, 1.65685], "rotation": 180, "texture": "#4"},
				"down": {"uv": [0, 0, 2.8, 1.65685], "texture": "#4"}
			}
		},
		{
			"name": "octagon",
			"from": [14.1, 2, 7.17157],
			"to": [16.9, 4, 8.82843],
			"rotation": {"angle": 0, "axis": "x", "origin": [17, 2, 8]},
			"faces": {
				"north": {"uv": [0, 0, 2.8, 2], "rotation": 180, "texture": "#4"},
				"east": {"uv": [0, 0, 2, 1.65685], "rotation": 270, "texture": "#4"},
				"south": {"uv": [0, 0, 2.8, 2], "texture": "#4"},
				"west": {"uv": [0, 0, 2, 1.65685], "rotation": 90, "texture": "#4"},
				"up": {"uv": [0, 0, 2.8, 1.65685], "rotation": 180, "texture": "#4"},
				"down": {"uv": [0, 0, 2.8, 1.65685], "texture": "#4"}
			}
		},
		{
			"name": "octagon",
			"from": [-0.5, 0, 7.2],
			"to": [1.5, 4, 8.85],
			"rotation": {"angle": 45, "axis": "x", "origin": [2, 2, 8]},
			"faces": {
				"north": {"uv": [0, 0, 1.8, 4], "texture": "#0"},
				"east": {"uv": [0, 0, 1.65685, 4], "texture": "#0"},
				"south": {"uv": [0, 0, 1.8, 4], "texture": "#0"},
				"west": {"uv": [0, 0, 1.65685, 4], "texture": "#0"},
				"up": {"uv": [0, 0, 1.8, 1.65685], "texture": "#0"},
				"down": {"uv": [0, 0, 1.8, 1.65685], "texture": "#0"}
			}
		},
		{
			"name": "octagon",
			"from": [14.5, 0, 7.2],
			"to": [16.5, 4, 8.85],
			"rotation": {"angle": 45, "axis": "x", "origin": [17, 2, 8]},
			"faces": {
				"north": {"uv": [0, 0, 1.8, 4], "texture": "#0"},
				"east": {"uv": [0, 0, 1.65685, 4], "texture": "#0"},
				"south": {"uv": [0, 0, 1.8, 4], "texture": "#0"},
				"west": {"uv": [0, 0, 1.65685, 4], "texture": "#0"},
				"up": {"uv": [0, 0, 1.8, 1.65685], "texture": "#0"},
				"down": {"uv": [0, 0, 1.8, 1.65685], "texture": "#0"}
			}
		},
		{
			"name": "octagon",
			"from": [-0.5, 0, 7.17157],
			"to": [1.5, 4, 8.82843],
			"rotation": {"angle": 0, "axis": "x", "origin": [2, 2, 8]},
			"faces": {
				"north": {"uv": [0, 0, 2, 4], "texture": "#0"},
				"east": {"uv": [0, 0, 1.65685, 4], "texture": "#0"},
				"south": {"uv": [0, 0, 2, 4], "texture": "#0"},
				"west": {"uv": [0, 0, 1.65685, 4], "texture": "#0"},
				"up": {"uv": [0, 0, 2, 1.65685], "texture": "#0"},
				"down": {"uv": [0, 0, 2, 1.65685], "texture": "#0"}
			}
		},
		{
			"name": "octagon",
			"from": [14.5, 0, 7.17157],
			"to": [16.5, 4, 8.82843],
			"rotation": {"angle": 0, "axis": "x", "origin": [17, 2, 8]},
			"faces": {
				"north": {"uv": [0, 0, 2, 4], "texture": "#0"},
				"east": {"uv": [0, 0, 1.65685, 4], "texture": "#0"},
				"south": {"uv": [0, 0, 2, 4], "texture": "#0"},
				"west": {"uv": [0, 0, 1.65685, 4], "texture": "#0"},
				"up": {"uv": [0, 0, 2, 1.65685], "texture": "#0"},
				"down": {"uv": [0, 0, 2, 1.65685], "texture": "#0"}
			}
		},
		{
			"name": "octagon",
			"from": [-0.5, 0, 25.2],
			"to": [1.5, 4, 26.85],
			"rotation": {"angle": 45, "axis": "x", "origin": [2, 2, 26]},
			"faces": {
				"north": {"uv": [0, 0, 1.8, 4], "texture": "#0"},
				"east": {"uv": [0, 0, 1.65685, 4], "texture": "#0"},
				"south": {"uv": [0, 0, 1.8, 4], "texture": "#0"},
				"west": {"uv": [0, 0, 1.65685, 4], "texture": "#0"},
				"up": {"uv": [0, 0, 1.8, 1.65685], "texture": "#0"},
				"down": {"uv": [0, 0, 1.8, 1.65685], "texture": "#0"}
			}
		},
		{
			"name": "octagon",
			"from": [14.5, 0, 25.2],
			"to": [16.5, 4, 26.85],
			"rotation": {"angle": 45, "axis": "x", "origin": [17, 2, 26]},
			"faces": {
				"north": {"uv": [0, 0, 1.8, 4], "texture": "#0"},
				"east": {"uv": [0, 0, 1.65685, 4], "texture": "#0"},
				"south": {"uv": [0, 0, 1.8, 4], "texture": "#0"},
				"west": {"uv": [0, 0, 1.65685, 4], "texture": "#0"},
				"up": {"uv": [0, 0, 1.8, 1.65685], "texture": "#0"},
				"down": {"uv": [0, 0, 1.8, 1.65685], "texture": "#0"}
			}
		},
		{
			"name": "octagon",
			"from": [-0.9, 2, 25.17157],
			"to": [1.9, 4, 26.82843],
			"rotation": {"angle": 0, "axis": "x", "origin": [2, 2, 26]},
			"faces": {
				"north": {"uv": [0, 0, 2.8, 2], "rotation": 180, "texture": "#4"},
				"east": {"uv": [0, 0, 2, 1.65685], "rotation": 270, "texture": "#4"},
				"south": {"uv": [0, 0, 2.8, 2], "texture": "#4"},
				"west": {"uv": [0, 0, 2, 1.65685], "rotation": 90, "texture": "#4"},
				"up": {"uv": [0, 0, 2.8, 1.65685], "rotation": 180, "texture": "#4"},
				"down": {"uv": [0, 0, 2.8, 1.65685], "texture": "#4"}
			}
		},
		{
			"name": "octagon",
			"from": [14.1, 2, 25.17157],
			"to": [16.9, 4, 26.82843],
			"rotation": {"angle": 0, "axis": "x", "origin": [17, 2, 26]},
			"faces": {
				"north": {"uv": [0, 0, 2.8, 2], "rotation": 180, "texture": "#4"},
				"east": {"uv": [0, 0, 2, 1.65685], "rotation": 270, "texture": "#4"},
				"south": {"uv": [0, 0, 2.8, 2], "texture": "#4"},
				"west": {"uv": [0, 0, 2, 1.65685], "rotation": 90, "texture": "#4"},
				"up": {"uv": [0, 0, 2.8, 1.65685], "rotation": 180, "texture": "#4"},
				"down": {"uv": [0, 0, 2.8, 1.65685], "texture": "#4"}
			}
		},
		{
			"name": "octagon",
			"from": [-0.6, 1.2, 24],
			"to": [1.6, 2.85, 28],
			"rotation": {"angle": 0, "axis": "x", "origin": [2, 2, 26]},
			"faces": {
				"north": {"uv": [0, 0, 2.2, 1.65685], "texture": "#0"},
				"east": {"uv": [0, 0, 4, 1.65685], "texture": "#0"},
				"south": {"uv": [0, 0, 2.2, 1.65685], "texture": "#0"},
				"west": {"uv": [0, 0, 4, 1.6569], "texture": "#0"},
				"up": {"uv": [0, 0, 2.2, 4], "texture": "#0"},
				"down": {"uv": [0, 0, 2.2, 4], "texture": "#0"}
			}
		},
		{
			"name": "octagon",
			"from": [14.4, 1.2, 24],
			"to": [16.6, 2.85, 28],
			"rotation": {"angle": 0, "axis": "x", "origin": [17, 2, 26]},
			"faces": {
				"north": {"uv": [0, 0, 2.2, 1.65685], "texture": "#0"},
				"east": {"uv": [0, 0, 4, 1.65685], "texture": "#0"},
				"south": {"uv": [0, 0, 2.2, 1.65685], "texture": "#0"},
				"west": {"uv": [0, 0, 4, 1.6569], "texture": "#0"},
				"up": {"uv": [0, 0, 2.2, 4], "texture": "#0"},
				"down": {"uv": [0, 0, 2.2, 4], "texture": "#0"}
			}
		},
		{
			"name": "octagon",
			"from": [-0.5, 1.2, 24],
			"to": [1.5, 2.85, 28],
			"rotation": {"angle": 45, "axis": "x", "origin": [2, 2, 26]},
			"faces": {
				"north": {"uv": [0, 0, 2, 1.65685], "texture": "#0"},
				"east": {"uv": [0, 0, 4, 1.65685], "texture": "#0"},
				"south": {"uv": [0, 0, 2, 1.65685], "texture": "#0"},
				"west": {"uv": [0, 0, 4, 1.65685], "texture": "#0"},
				"up": {"uv": [0, 0, 2, 4], "texture": "#0"},
				"down": {"uv": [0, 0, 2, 4], "texture": "#0"}
			}
		},
		{
			"name": "octagon",
			"from": [14.5, 1.2, 24],
			"to": [16.5, 2.85, 28],
			"rotation": {"angle": 45, "axis": "x", "origin": [17, 2, 26]},
			"faces": {
				"north": {"uv": [0, 0, 2, 1.65685], "texture": "#0"},
				"east": {"uv": [0, 0, 4, 1.65685], "texture": "#0"},
				"south": {"uv": [0, 0, 2, 1.65685], "texture": "#0"},
				"west": {"uv": [0, 0, 4, 1.65685], "texture": "#0"},
				"up": {"uv": [0, 0, 2, 4], "texture": "#0"},
				"down": {"uv": [0, 0, 2, 4], "texture": "#0"}
			}
		},
		{
			"from": [0, 6, 4],
			"to": [2, 21, 6],
			"rotation": {"angle": 0, "axis": "y", "origin": [15, 21, 6]},
			"faces": {
				"north": {"uv": [0, 0, 2, 15], "texture": "#4"},
				"east": {"uv": [0, 0, 2, 15], "texture": "#4"},
				"south": {"uv": [0, 0, 2, 15], "texture": "#4"},
				"west": {"uv": [0, 0, 2, 15], "texture": "#4"},
				"up": {"uv": [0, 0, 2, 2], "texture": "#4"},
				"down": {"uv": [0, 0, 2, 2], "texture": "#4"}
			}
		},
		{
			"from": [0.1, 21, 4],
			"to": [1.9, 27, 6],
			"rotation": {"angle": -45, "axis": "x", "origin": [15, 21, 6]},
			"faces": {
				"north": {"uv": [0, 0, 2, 6], "texture": "#4"},
				"east": {"uv": [0, 0, 2, 6], "texture": "#4"},
				"south": {"uv": [0, 0, 2, 6], "texture": "#4"},
				"west": {"uv": [0, 0, 2, 6], "texture": "#4"},
				"up": {"uv": [0, 0, 2, 2], "texture": "#4"},
				"down": {"uv": [0, 0, 2, 2], "texture": "#4"}
			}
		},
		{
			"from": [2, 8, 4],
			"to": [14, 9, 5],
			"rotation": {"angle": 0, "axis": "y", "origin": [3, 8, 5]},
			"faces": {
				"north": {"uv": [0, 0, 12, 1], "texture": "#4"},
				"east": {"uv": [0, 0, 1, 1], "texture": "#4"},
				"south": {"uv": [0, 0, 12, 1], "texture": "#4"},
				"west": {"uv": [0, 0, 1, 1], "texture": "#4"},
				"up": {"uv": [0, 0, 12, 1], "texture": "#4"},
				"down": {"uv": [0, 0, 12, 1], "texture": "#4"}
			}
		},
		{
			"from": [2, 11, 4],
			"to": [14, 17, 5],
			"rotation": {"angle": 0, "axis": "y", "origin": [3, 11, 5]},
			"faces": {
				"north": {"uv": [0, 0, 12, 6], "texture": "#4"},
				"east": {"uv": [0, 0, 1, 6], "texture": "#4"},
				"south": {"uv": [0, 0, 12, 6], "texture": "#4"},
				"west": {"uv": [0, 0, 1, 6], "texture": "#4"},
				"up": {"uv": [0, 0, 12, 1], "texture": "#4"},
				"down": {"uv": [0, 0, 12, 1], "texture": "#4"}
			}
		},
		{
			"from": [14, 6, 4],
			"to": [16, 21, 6],
			"rotation": {"angle": 0, "axis": "y", "origin": [15, 21, 6]},
			"faces": {
				"north": {"uv": [0, 0, 2, 15], "texture": "#4"},
				"east": {"uv": [0, 0, 2, 15], "texture": "#4"},
				"south": {"uv": [0, 0, 2, 15], "texture": "#4"},
				"west": {"uv": [0, 0, 2, 15], "texture": "#4"},
				"up": {"uv": [0, 0, 2, 2], "texture": "#4"},
				"down": {"uv": [0, 0, 2, 2], "texture": "#4"}
			}
		},
		{
			"from": [14.1, 21, 4],
			"to": [15.9, 27, 6],
			"rotation": {"angle": -45, "axis": "x", "origin": [15, 21, 6]},
			"faces": {
				"north": {"uv": [0, 0, 2, 6], "texture": "#4"},
				"east": {"uv": [0, 0, 2, 6], "texture": "#4"},
				"south": {"uv": [0, 0, 2, 6], "texture": "#4"},
				"west": {"uv": [0, 0, 2, 6], "texture": "#4"},
				"up": {"uv": [0, 0, 2, 2], "texture": "#4"},
				"down": {"uv": [0, 0, 2, 2], "texture": "#4"}
			}
		},
		{
			"from": [1.9, 26, 4],
			"to": [14.1, 27, 6],
			"rotation": {"angle": -45, "axis": "x", "origin": [13, 21, 6]},
			"faces": {
				"north": {"uv": [0, 0, 12, 1], "texture": "#4"},
				"east": {"uv": [0, 0, 2, 1], "texture": "#4"},
				"south": {"uv": [0, 0, 12, 1], "texture": "#4"},
				"west": {"uv": [0, 0, 2, 1], "texture": "#4"},
				"up": {"uv": [0, 0, 12, 2], "texture": "#4"},
				"down": {"uv": [0, 0, 12, 2], "texture": "#4"}
			}
		}
	],
	"display": {
		"thirdperson_righthand": {
			"rotation": [75, 45, 0],
			"translation": [0, 2.5, 0],
			"scale": [0.375, 0.375, 0.375]
		},
		"thirdperson_lefthand": {
			"rotation": [75, 45, 0],
			"translation": [0, 2.5, 0],
			"scale": [0.375, 0.375, 0.375]
		},
		"firstperson_righthand": {
			"rotation": [0, 45, 0],
			"scale": [0.4, 0.4, 0.4]
		},
		"firstperson_lefthand": {
			"rotation": [0, 225, 0],
			"scale": [0.4, 0.4, 0.4]
		},
		"ground": {
			"translation": [0, 3, 0],
			"scale": [0.25, 0.25, 0.25]
		},
		"gui": {
			"rotation": [30, 45, 0],
			"translation": [-3, 0, 0],
			"scale": [0.5, 0.5, 0.5]
		},
		"fixed": {
			"rotation": [-90, 0, 0],
			"translation": [0, 0, -14],
			"scale": [2, 2, 2]
		}
	}
}