{
	"credit": "Yuushya",
	"textures": {
		"1": "yuushya:0extra_building_block/dark_metal",
		"4": "yuushya:0extra_building_block/casserole",
		"particle": "yuushya:block/machine"
	},
	"elements": [
		{
			"from": [2.5, 1, 2],
			"to": [13.5, 4, 13],
			"faces": {
				"north": {"uv": [9, 5, 12, 16], "rotation": 90, "texture": "#4"},
				"east": {"uv": [5, 4, 16, 7], "texture": "#4"},
				"south": {"uv": [5, 4, 16, 7], "rotation": 180, "texture": "#4"},
				"west": {"uv": [16, 4, 5, 7], "texture": "#4"},
				"up": {"uv": [1, 2, 12, 13], "rotation": 90, "texture": "#4"},
				"down": {"uv": [1, 3, 12, 14], "rotation": 270, "texture": "#4"}
			}
		},
		{
			"from": [2.5, 5, 2],
			"to": [13.5, 5.5, 13],
			"faces": {
				"north": {"uv": [2, 6.5, 13, 7], "texture": "#1"},
				"east": {"uv": [4, 6.5, 15, 7], "texture": "#1"},
				"south": {"uv": [3, 6.5, 14, 7], "texture": "#1"},
				"west": {"uv": [1, 6.5, 12, 7], "texture": "#1"},
				"up": {"uv": [1, 2, 12, 13], "rotation": 90, "texture": "#1"},
				"down": {"uv": [1, 3, 12, 14], "rotation": 270, "texture": "#1"}
			}
		},
		{
			"from": [2.5, 0, 3],
			"to": [13.5, 1, 12],
			"faces": {
				"north": {"uv": [6, 3, 7, 4], "texture": "#4"},
				"east": {"uv": [1, 3, 10, 4], "texture": "#4"},
				"south": {"uv": [6, 3, 7, 4], "texture": "#4"},
				"west": {"uv": [1, 3, 10, 4], "texture": "#4"},
				"up": {"uv": [2, 2, 11, 13], "rotation": 90, "texture": "#4"},
				"down": {"uv": [2, 3, 11, 14], "rotation": 270, "texture": "#4"}
			}
		},
		{
			"from": [3.5, 0, 2],
			"to": [12.5, 1, 3],
			"faces": {
				"north": {"uv": [1, 3, 10, 4], "texture": "#4"},
				"east": {"uv": [6, 3, 7, 4], "texture": "#4"},
				"south": {"uv": [4, 15, 13, 16], "texture": "#4"},
				"west": {"uv": [6, 3, 7, 4], "texture": "#4"},
				"up": {"uv": [1, 3, 2, 12], "rotation": 90, "texture": "#4"},
				"down": {"uv": [1, 4, 2, 13], "rotation": 270, "texture": "#4"}
			}
		},
		{
			"from": [3.5, 0, 12],
			"to": [12.5, 1, 13],
			"faces": {
				"north": {"uv": [3, 15, 12, 16], "texture": "#4"},
				"east": {"uv": [4, 15, 5, 16], "texture": "#4"},
				"south": {"uv": [1, 3, 10, 4], "texture": "#4"},
				"west": {"uv": [6, 3, 7, 4], "texture": "#4"},
				"up": {"uv": [11, 3, 12, 12], "rotation": 90, "texture": "#4"},
				"down": {"uv": [11, 4, 12, 13], "rotation": 270, "texture": "#4"}
			}
		},
		{
			"from": [1.5, 4, 1],
			"to": [14.5, 5, 14],
			"faces": {
				"north": {"uv": [1, 7, 14, 8], "texture": "#4"},
				"east": {"uv": [3, 7, 16, 8], "texture": "#4"},
				"south": {"uv": [2, 7, 15, 8], "texture": "#4"},
				"west": {"uv": [0, 7, 13, 8], "texture": "#4"},
				"up": {"uv": [0, 1, 13, 14], "rotation": 90, "texture": "#4"},
				"down": {"uv": [0, 2, 13, 15], "rotation": 270, "texture": "#4"}
			}
		},
		{
			"from": [1.5, 5.5, 1],
			"to": [13.5, 6.5, 14],
			"faces": {
				"north": {"uv": [0, 6, 12, 7], "texture": "#4"},
				"east": {"uv": [3, 5, 16, 6], "texture": "#4"},
				"south": {"uv": [12, 5, 0, 6], "texture": "#4"},
				"west": {"uv": [16, 5, 3, 6], "texture": "#4"},
				"up": {"uv": [0, 16, 12, 3], "rotation": 180, "texture": "#4"},
				"down": {"uv": [0, 2, 13, 14], "rotation": 270, "texture": "#4"}
			}
		},
		{
			"from": [13.5, 5.5, 1],
			"to": [14.5, 6.5, 14],
			"faces": {
				"north": {"uv": [0, 6, 1, 7], "texture": "#4"},
				"east": {"uv": [3, 5, 16, 6], "texture": "#4"},
				"south": {"uv": [1, 5, 0, 6], "texture": "#4"},
				"west": {"uv": [16, 5, 3, 6], "texture": "#4"},
				"up": {"uv": [0, 16, 1, 3], "rotation": 180, "texture": "#4"},
				"down": {"uv": [0, 2, 13, 3], "rotation": 270, "texture": "#4"}
			}
		},
		{
			"from": [6.5, 6, 6],
			"to": [9.5, 7, 9],
			"faces": {
				"north": {"uv": [6, 5, 9, 6], "texture": "#1"},
				"east": {"uv": [8, 5, 11, 6], "texture": "#1"},
				"south": {"uv": [7, 5, 10, 6], "texture": "#1"},
				"west": {"uv": [5, 5, 8, 6], "texture": "#1"},
				"up": {"uv": [0, 8, 3, 11], "rotation": 90, "texture": "#1"},
				"down": {"uv": [5, 7, 8, 10], "rotation": 270, "texture": "#1"}
			}
		},
		{
			"from": [6.5, 7.5, 6],
			"to": [9.5, 8.5, 9],
			"faces": {
				"north": {"uv": [6, 3.5, 9, 4.5], "texture": "#1"},
				"east": {"uv": [8, 3.5, 11, 4.5], "texture": "#1"},
				"south": {"uv": [7, 3.5, 10, 4.5], "texture": "#1"},
				"west": {"uv": [5, 3.5, 8, 4.5], "texture": "#1"},
				"up": {"uv": [0, 8, 3, 11], "rotation": 90, "texture": "#1"},
				"down": {"uv": [5, 7, 8, 10], "rotation": 270, "texture": "#1"}
			}
		},
		{
			"from": [7, 7, 6.5],
			"to": [9, 7.5, 8.5],
			"faces": {
				"north": {"uv": [6.5, 4.5, 8.5, 5], "texture": "#1"},
				"east": {"uv": [8.5, 4.5, 10.5, 5], "texture": "#1"},
				"south": {"uv": [7.5, 4.5, 9.5, 5], "texture": "#1"},
				"west": {"uv": [5.5, 4.5, 7.5, 5], "texture": "#1"},
				"up": {"uv": [5.5, 6.5, 7.5, 8.5], "rotation": 90, "texture": "#1"},
				"down": {"uv": [5.5, 7.5, 7.5, 9.5], "rotation": 270, "texture": "#1"}
			}
		},
		{
			"from": [6, 4, -1],
			"to": [10, 5, 0],
			"rotation": {"angle": -22.5, "axis": "x", "origin": [8, 5, 1]},
			"faces": {
				"north": {"uv": [0, 0, 8, 2], "texture": "#1"},
				"east": {"uv": [0, 0, 2, 2], "texture": "#1"},
				"south": {"uv": [0, 0, 8, 2], "texture": "#1"},
				"west": {"uv": [0, 0, 2, 2], "texture": "#1"},
				"up": {"uv": [0, 0, 8, 2], "texture": "#1"},
				"down": {"uv": [0, 0, 8, 2], "texture": "#1"}
			}
		},
		{
			"from": [5, 4, -1],
			"to": [6, 5, 1],
			"rotation": {"angle": -22.5, "axis": "x", "origin": [8, 5, 1]},
			"faces": {
				"north": {"uv": [0, 0, 2, 2], "texture": "#1"},
				"east": {"uv": [0, 0, 4, 2], "texture": "#1"},
				"south": {"uv": [0, 0, 2, 2], "texture": "#1"},
				"west": {"uv": [0, 0, 4, 2], "texture": "#1"},
				"up": {"uv": [0, 0, 2, 4], "texture": "#1"},
				"down": {"uv": [0, 0, 2, 4], "texture": "#1"}
			}
		},
		{
			"from": [10, 4, -1],
			"to": [11, 5, 1],
			"rotation": {"angle": -22.5, "axis": "x", "origin": [8, 5, 1]},
			"faces": {
				"north": {"uv": [0, 0, 2, 2], "texture": "#1"},
				"east": {"uv": [0, 0, 4, 2], "texture": "#1"},
				"south": {"uv": [0, 0, 2, 2], "texture": "#1"},
				"west": {"uv": [0, 0, 4, 2], "texture": "#1"},
				"up": {"uv": [0, 0, 2, 4], "texture": "#1"},
				"down": {"uv": [0, 0, 2, 4], "texture": "#1"}
			}
		},
		{
			"from": [10, 4, 14],
			"to": [11, 5, 16],
			"rotation": {"angle": 22.5, "axis": "x", "origin": [8, 5, 14]},
			"faces": {
				"north": {"uv": [0, 0, 2, 2], "texture": "#1"},
				"east": {"uv": [0, 0, 4, 2], "texture": "#1"},
				"south": {"uv": [0, 0, 2, 2], "texture": "#1"},
				"west": {"uv": [0, 0, 4, 2], "texture": "#1"},
				"up": {"uv": [0, 0, 2, 4], "texture": "#1"},
				"down": {"uv": [0, 0, 2, 4], "texture": "#1"}
			}
		},
		{
			"from": [6, 4, 15],
			"to": [10, 5, 16],
			"rotation": {"angle": 22.5, "axis": "x", "origin": [8, 5, 14]},
			"faces": {
				"north": {"uv": [0, 0, 8, 2], "texture": "#1"},
				"east": {"uv": [0, 0, 2, 2], "texture": "#1"},
				"south": {"uv": [0, 0, 8, 2], "texture": "#1"},
				"west": {"uv": [0, 0, 2, 2], "texture": "#1"},
				"up": {"uv": [0, 0, 8, 2], "texture": "#1"},
				"down": {"uv": [0, 0, 8, 2], "texture": "#1"}
			}
		},
		{
			"from": [5, 4, 14],
			"to": [6, 5, 16],
			"rotation": {"angle": 22.5, "axis": "x", "origin": [8, 5, 14]},
			"faces": {
				"north": {"uv": [0, 0, 2, 2], "texture": "#1"},
				"east": {"uv": [0, 0, 4, 2], "texture": "#1"},
				"south": {"uv": [0, 0, 2, 2], "texture": "#1"},
				"west": {"uv": [0, 0, 4, 2], "texture": "#1"},
				"up": {"uv": [0, 0, 2, 4], "texture": "#1"},
				"down": {"uv": [0, 0, 2, 4], "texture": "#1"}
			}
		}
	],
	"display": {
		"thirdperson_righthand": {
			"rotation": [75, 45, 0],
			"translation": [0, 2.5, 0],
			"scale": [0.375, 0.375, 0.375]
		},
		"thirdperson_lefthand": {
			"rotation": [75, 45, 0],
			"translation": [0, 2.5, 0],
			"scale": [0.375, 0.375, 0.375]
		},
		"firstperson_righthand": {
			"rotation": [0, 45, 0],
			"scale": [0.4, 0.4, 0.4]
		},
		"firstperson_lefthand": {
			"rotation": [0, 225, 0],
			"scale": [0.4, 0.4, 0.4]
		},
		"ground": {
			"translation": [0, 3, 0],
			"scale": [0.25, 0.25, 0.25]
		},
		"gui": {
			"rotation": [30, 225, 0],
			"scale": [0.625, 0.625, 0.625]
		},
		"fixed": {
			"scale": [0.5, 0.5, 0.5]
		}
	}
}