{
	"ambientocclusion": false,
	"textures": {
		"0": "yuushya:0extra_building_material/preview/soot_pipe_",
		"1": "yuushya:0extra_building_material/preview/street_light",
		"particle": "yuushya:0extra_building_material/preview/soot_pipe_"
	},
	"elements": [
		{
			"from": [6, 15.5, 8],
			"to": [10, 16, 11],
			"rotation": {"angle": 0, "axis": "x", "origin": [8, 8, 8]},
			"faces": {
				"north": {"uv": [0, 0.5, 4, 0], "rotation": 180, "texture": "#1"},
				"east": {"uv": [0, 3, 0.5, 0], "rotation": 270, "texture": "#1"},
				"south": {"uv": [0, 0.5, 4, 0], "texture": "#1"},
				"west": {"uv": [0, 3, 0.5, 0], "rotation": 90, "texture": "#1"},
				"up": {"uv": [0, 3, 4, 0], "rotation": 180, "texture": "#1"},
				"down": {"uv": [0, 3, 4, 0], "texture": "#1"}
			}
		},
		{
			"from": [7, 10.5, 9],
			"to": [9, 15.5, 10],
			"rotation": {"angle": 0, "axis": "x", "origin": [8, 8, 8]},
			"faces": {
				"north": {"uv": [0, 5, 2, 0], "rotation": 180, "texture": "#1"},
				"east": {"uv": [0, 1, 5, 0], "rotation": 270, "texture": "#1"},
				"south": {"uv": [0, 5, 2, 0], "texture": "#1"},
				"west": {"uv": [0, 1, 5, 0], "rotation": 90, "texture": "#1"},
				"up": {"uv": [0, 1, 4, 0], "rotation": 180, "texture": "#1"},
				"down": {"uv": [0, 1, 2, 0], "texture": "#1"}
			}
		},
		{
			"from": [7, 10.5, 6],
			"to": [9, 12.5, 9],
			"rotation": {"angle": 0, "axis": "x", "origin": [8, 8, 8]},
			"faces": {
				"north": {"uv": [0, 2, 2, 0], "rotation": 180, "texture": "#1"},
				"east": {"uv": [0, 3, 2, 0], "rotation": 270, "texture": "#1"},
				"south": {"uv": [0, 2, 2, 0], "texture": "#1"},
				"west": {"uv": [0, 3, 2, 0], "rotation": 90, "texture": "#1"},
				"up": {"uv": [0, 3, 2, 0], "rotation": 180, "texture": "#1"},
				"down": {"uv": [0, 3, 2, 0], "texture": "#1"}
			}
		},
		{
			"from": [7, 9.5, 2],
			"to": [9, 10.5, 14],
			"rotation": {"angle": 22.5, "axis": "x", "origin": [8, 9, 8]},
			"faces": {
				"north": {"uv": [0, 1, 2, 0], "texture": "#0"},
				"east": {"uv": [0, 1, 12, 0], "texture": "#0"},
				"south": {"uv": [8, 1, 9, 0], "texture": "#1"},
				"west": {"uv": [0, 1, 12, 0], "texture": "#0"},
				"up": {"uv": [0, 12, 2, 0], "texture": "#0"},
				"down": {"uv": [0, 12, 2, 0], "texture": "#1"}
			}
		},
		{
			"from": [7, 6.5, 2],
			"to": [9, 7.5, 14],
			"rotation": {"angle": 22.5, "axis": "x", "origin": [8, 9, 8]},
			"faces": {
				"north": {"uv": [0, 1, 2, 0], "texture": "#0"},
				"east": {"uv": [0, 1, 12, 0], "texture": "#0"},
				"south": {"uv": [0, 1, 2, 0], "texture": "#1"},
				"west": {"uv": [0, 1, 12, 0], "texture": "#0"},
				"up": {"uv": [0, 12, 2, 0], "texture": "#1"},
				"down": {"uv": [0, 12, 2, 0], "texture": "#0"}
			}
		},
		{
			"from": [5, 10.5, 2],
			"to": [11, 11, 16],
			"rotation": {"angle": 22.5, "axis": "x", "origin": [8, 9, 8]},
			"faces": {
				"north": {"uv": [0, 0.5, 6, 0], "texture": "#0"},
				"east": {"uv": [0, 0.5, 14, 0], "texture": "#0"},
				"south": {"uv": [0, 0.5, 6, 0], "texture": "#0"},
				"west": {"uv": [0, 0.5, 14, 0], "texture": "#0"},
				"up": {"uv": [0, 14, 6, 0], "texture": "#0"},
				"down": {"uv": [0, 14, 6, 0], "texture": "#0"}
			}
		},
		{
			"from": [6, 6.5, 2],
			"to": [7, 10.5, 14],
			"rotation": {"angle": 22.5, "axis": "x", "origin": [8, 9, 8]},
			"faces": {
				"north": {"uv": [0, 4, 1, 0], "texture": "#0"},
				"east": {"uv": [0, 4, 12, 0], "texture": "#1"},
				"south": {"uv": [0, 4, 1, 0], "texture": "#1"},
				"west": {"uv": [0, 4, 12, 0], "texture": "#0"},
				"up": {"uv": [0, 12, 1, 0], "texture": "#0"},
				"down": {"uv": [0, 12, 1, 0], "texture": "#0"}
			}
		},
		{
			"from": [9, 6.5, 2],
			"to": [10, 10.5, 14],
			"rotation": {"angle": 22.5, "axis": "x", "origin": [8, 9, 8]},
			"faces": {
				"north": {"uv": [0, 4, 1, 0], "texture": "#0"},
				"east": {"uv": [0, 4, 12, 0], "texture": "#0"},
				"south": {"uv": [0, 4, 1, 0], "texture": "#1"},
				"west": {"uv": [0, 4, 12, 0], "texture": "#1"},
				"up": {"uv": [0, 12, 1, 0], "texture": "#0"},
				"down": {"uv": [0, 12, 1, 0], "texture": "#0"}
			}
		},
		{
			"from": [7, 7.5, 2],
			"to": [9, 9.5, 13],
			"rotation": {"angle": 22.5, "axis": "x", "origin": [8, 9, 8]},
			"faces": {
				"north": {"uv": [0, 2, 2, 0], "texture": "#0"},
				"east": {"uv": [0, 2, 11, 0], "texture": "#0"},
				"south": {"uv": [1, 3, 3, 1], "texture": "#1"},
				"west": {"uv": [0, 2, 11, 0], "texture": "#0"},
				"up": {"uv": [0, 11, 2, 0], "texture": "#0"},
				"down": {"uv": [0, 11, 2, 0], "texture": "#0"}
			}
		}
	],
	"display": {
		"thirdperson_righthand": {
			"rotation": [75, 45, 0],
			"translation": [0, 2.5, 0],
			"scale": [0.375, 0.375, 0.375]
		},
		"thirdperson_lefthand": {
			"rotation": [75, 45, 0],
			"translation": [0, 2.5, 0],
			"scale": [0.375, 0.375, 0.375]
		},
		"firstperson_righthand": {
			"rotation": [0, 45, 0],
			"scale": [0.4, 0.4, 0.4]
		},
		"firstperson_lefthand": {
			"rotation": [0, 225, 0],
			"scale": [0.4, 0.4, 0.4]
		},
		"ground": {
			"translation": [0, 3, 0],
			"scale": [0.25, 0.25, 0.25]
		},
		"gui": {
			"rotation": [30, 45, 0],
			"scale": [0.625, 0.625, 0.625]
		},
		"fixed": {
			"scale": [0.5, 0.5, 0.5]
		}
	}
}