{
	"credit": "Yuushya",
	"ambientocclusion": false,
	"texture_size": [32, 32],
	"textures": {
		"0": "yuushya:0extra_building_material/preview/mboxes/3",
		"7": "yuushya:0extra_building_material/preview/mboxes/4",
		"particle": "yuushya:0extra_building_block/concrete/white_concrete_nonverti"
	},
	"elements": [
		{
			"from": [8.5, 0, 2],
			"to": [15.5, 7, 6],
			"rotation": {"angle": 45, "axis": "y", "origin": [12, 12.5, 4]},
			"faces": {
				"north": {"uv": [0, 0, 3.5, 0.5], "texture": "#0"},
				"east": {"uv": [3, 1, 5, 4.5], "texture": "#0"},
				"south": {"uv": [0, 1, 3.5, 4.5], "texture": "#0"},
				"west": {"uv": [3, 1, 5, 4.5], "texture": "#0"},
				"up": {"uv": [0, 0, 3.5, 0.5], "texture": "#0"},
				"down": {"uv": [0, 0, 3.5, 2], "texture": "#0"}
			}
		},
		{
			"from": [0.5, 7, 1],
			"to": [7.5, 14, 5],
			"rotation": {"angle": -45, "axis": "y", "origin": [4, 12.5, 4]},
			"faces": {
				"north": {"uv": [0, 0, 3.5, 0.5], "texture": "#0"},
				"east": {"uv": [3, 1, 5, 4.5], "texture": "#0"},
				"south": {"uv": [0, 1, 3.5, 4.5], "texture": "#0"},
				"west": {"uv": [3, 1, 5, 4.5], "texture": "#0"},
				"up": {"uv": [0, 0, 3.5, 0.5], "texture": "#0"},
				"down": {"uv": [0, 0, 3.5, 2], "texture": "#0"}
			}
		},
		{
			"from": [8.5, 7, 1],
			"to": [15.5, 14, 5],
			"rotation": {"angle": -45, "axis": "y", "origin": [12, 4.5, 4]},
			"faces": {
				"north": {"uv": [0, 0, 3.5, 0.5], "texture": "#7"},
				"east": {"uv": [3, 1, 5, 4.5], "texture": "#7"},
				"south": {"uv": [0, 1, 3.5, 4.5], "texture": "#7"},
				"west": {"uv": [3, 1, 5, 4.5], "texture": "#7"},
				"up": {"uv": [0, 0, 3.5, 0.5], "texture": "#7"},
				"down": {"uv": [0, 0, 3.5, 2], "texture": "#7"}
			}
		},
		{
			"from": [0.5, 0, 2],
			"to": [7.5, 7, 6],
			"rotation": {"angle": 45, "axis": "y", "origin": [4, 4.5, 4]},
			"faces": {
				"north": {"uv": [0, 0, 3.5, 0.5], "texture": "#7"},
				"east": {"uv": [3, 1, 5, 4.5], "texture": "#7"},
				"south": {"uv": [0, 1, 3.5, 4.5], "texture": "#7"},
				"west": {"uv": [3, 1, 5, 4.5], "texture": "#7"},
				"up": {"uv": [0, 0, 3.5, 0.5], "texture": "#7"},
				"down": {"uv": [0, 0, 3.5, 2], "texture": "#7"}
			}
		}
	],
	"gui_light": "front",
	"display": {
		"thirdperson_righthand": {
			"rotation": [75, 45, 0],
			"translation": [0, 2.5, 0],
			"scale": [0.375, 0.375, 0.375]
		},
		"thirdperson_lefthand": {
			"rotation": [75, 45, 0],
			"translation": [0, 2.5, 0],
			"scale": [0.375, 0.375, 0.375]
		},
		"firstperson_righthand": {
			"rotation": [0, 45, 0],
			"scale": [0.4, 0.4, 0.4]
		},
		"firstperson_lefthand": {
			"rotation": [0, 225, 0],
			"scale": [0.4, 0.4, 0.4]
		},
		"ground": {
			"translation": [0, 3, 0],
			"scale": [0.25, 0.25, 0.25]
		},
		"gui": {
			"rotation": [30, 0, 0],
			"scale": [0.625, 0.625, 0.625]
		},
		"fixed": {
			"scale": [0.5, 0.5, 0.5]
		}
	},
	"groups": [
		{
			"name": "chips",
			"origin": [8, 8, 8],
			"color": 0,
			"children": []
		},
		{
			"name": "chips",
			"origin": [8, 8, 8],
			"color": 0,
			"children": [0, 1, 2, 3]
		},
		{
			"name": "chips",
			"origin": [8, 8, 8],
			"color": 0,
			"children": []
		},
		{
			"name": "chips",
			"origin": [8, 8, 8],
			"color": 0,
			"children": []
		}
	]
}